pool,block,timestamp_utc,transaction_hash,transaction_index,log_index,tx_from,modify_sender,pool_id,action,tick_lower,tick_upper,liquidity_delta,abs_liquidity_delta,salt,possible_token_id,tx_from_is_original_creator
FIRE_USDG_50pct,13489232,2026-07-19T02:39:43+00:00,0x88662c6e3b98c33709dece6fca5186867fdb07b77eebfc79365e536673f80c35,1,2,0xe49193acd219557a150e35ccc2a66f89c42482e6,0x58daec3116aae6d93017baaea7749052e8a04fa7,0xdfbdc88db73b4290a0f02daf53a95c5eb59ceceb7f080e08476d04ee776eee43,ADD,-880000,880000,434140365896634,434140365896634,0x000000000000000000000000000000000000000000000000000000000002e0d1,188625,True
FIRE_USDG_50pct,13588763,2026-07-19T05:26:20+00:00,0x232bb5e60c6a754e598eb028a97d3d3902f1c5491cc6db5063108cbd7329fd41,4,1,0xe49193acd219557a150e35ccc2a66f89c42482e6,0x58daec3116aae6d93017baaea7749052e8a04fa7,0xdfbdc88db73b4290a0f02daf53a95c5eb59ceceb7f080e08476d04ee776eee43,ZERO,-880000,880000,0,0,0x000000000000000000000000000000000000000000000000000000000002e0d1,188625,True
FIRE_USDG_50pct,13593509,2026-07-19T05:34:17+00:00,0x703f2a23ef90be04b5b98c1c3f431603e1a645dac0c3cafcc8e8b8676cdd865d,2,1,0xe49193acd219557a150e35ccc2a66f89c42482e6,0x58daec3116aae6d93017baaea7749052e8a04fa7,0xdfbdc88db73b4290a0f02daf53a95c5eb59ceceb7f080e08476d04ee776eee43,ZERO,-880000,880000,0,0,0x000000000000000000000000000000000000000000000000000000000002e0d1,188625,True
FIRE_USDG_50pct,13594646,2026-07-19T05:36:12+00:00,0xb066c39b30999de2424354904309f0e8b445ffcd9918268a24642503c54d9d78,4,10,0xe49193acd219557a150e35ccc2a66f89c42482e6,0x58daec3116aae6d93017baaea7749052e8a04fa7,0xdfbdc88db73b4290a0f02daf53a95c5eb59ceceb7f080e08476d04ee776eee43,ADD,-880000,880000,359439441283319,359439441283319,0x000000000000000000000000000000000000000000000000000000000002e0d1,188625,True
FIRE_USDG_50pct,13990356,2026-07-19T16:38:55+00:00,0x9844813cb2be164d16c958b1142e8ac90ad95b1dcfdf353a4fffe5bcb218ac0d,8,3,0x271070932c8111fb474a3ef55b9a758fd6b115cc,0x58daec3116aae6d93017baaea7749052e8a04fa7,0xdfbdc88db73b4290a0f02daf53a95c5eb59ceceb7f080e08476d04ee776eee43,ADD,-880000,880000,142229682405217,142229682405217,0x00000000000000000000000000000000000000000000000000000000000312d2,201426,False
FIRE_USDG_50pct,14060802,2026-07-19T18:36:42+00:00,0xc12625aa205d211277fb1baef4cdffb5d3a0fa3d07a61c884346584f0f44683e,7,0,0xe49193acd219557a150e35ccc2a66f89c42482e6,0x58daec3116aae6d93017baaea7749052e8a04fa7,0xdfbdc88db73b4290a0f02daf53a95c5eb59ceceb7f080e08476d04ee776eee43,ZERO,-880000,880000,0,0,0x000000000000000000000000000000000000000000000000000000000002e0d1,188625,True
FIRE_USDG_50pct,14067911,2026-07-19T18:48:36+00:00,0x171aa612a9e3015c883b8755b01061ef60b936ed02a844597ab073dbed9e2f59,18,43,0xe49193acd219557a150e35ccc2a66f89c42482e6,0x58daec3116aae6d93017baaea7749052e8a04fa7,0xdfbdc88db73b4290a0f02daf53a95c5eb59ceceb7f080e08476d04ee776eee43,ADD,-880000,880000,1484746852942669,1484746852942669,0x000000000000000000000000000000000000000000000000000000000002e0d1,188625,True
FIRE_USDG_40pct,14117871,2026-07-19T20:12:12+00:00,0x8689ba10c676b7509644c5d60e3c3dbaa25e2a5131456af4667738f6bfb29268,1,2,0xc6312da2663570a2aee12b27a0c6da4683339acd,0x58daec3116aae6d93017baaea7749052e8a04fa7,0x0e6ef141436d1b1948593ce40268b6ffc56870929e83922c15a4a5d64f5b4636,ADD,-880000,880000,38781322019309,38781322019309,0x00000000000000000000000000000000000000000000000000000000000325bd,206269,True
FIRE_USDG_50pct,14152851,2026-07-19T21:10:48+00:00,0x956aedc2bf975cabfded6b0885c875ce6fdf931ad9d0ce85a86f0baa8208d64e,5,12,0x1aa511c41636dc4e1dafe5092157eb606da01d03,0x58daec3116aae6d93017baaea7749052e8a04fa7,0xdfbdc88db73b4290a0f02daf53a95c5eb59ceceb7f080e08476d04ee776eee43,ADD,-880000,880000,117281783133606,117281783133606,0x00000000000000000000000000000000000000000000000000000000000328f5,207093,False
FIRE_USDG_50pct,14153987,2026-07-19T21:12:41+00:00,0xe440911e4d2ce418bf42d761fdbd2317ee2ed1af0d260d52afd202d6d1ff6cfd,8,0,0x1aa511c41636dc4e1dafe5092157eb606da01d03,0x58daec3116aae6d93017baaea7749052e8a04fa7,0xdfbdc88db73b4290a0f02daf53a95c5eb59ceceb7f080e08476d04ee776eee43,ADD,-880000,880000,376546681598549,376546681598549,0x00000000000000000000000000000000000000000000000000000000000328f5,207093,False
FIRE_USDG_50pct,14189754,2026-07-19T22:12:34+00:00,0x481f68e2ee7c5cff83f2802d97f6d28e500c2d5ac7ec4181861e9d05fb05e844,3,9,0xe49193acd219557a150e35ccc2a66f89c42482e6,0x58daec3116aae6d93017baaea7749052e8a04fa7,0xdfbdc88db73b4290a0f02daf53a95c5eb59ceceb7f080e08476d04ee776eee43,ZERO,-880000,880000,0,0,0x000000000000000000000000000000000000000000000000000000000002e0d1,188625,True
FIRE_USDG_50pct,14225132,2026-07-19T23:11:49+00:00,0xdd029e3d3061bbd0ceb6becbc8b4c85bd0e4b0780db7f0e0af7ea3c6fcb54352,1,0,0x271070932c8111fb474a3ef55b9a758fd6b115cc,0x58daec3116aae6d93017baaea7749052e8a04fa7,0xdfbdc88db73b4290a0f02daf53a95c5eb59ceceb7f080e08476d04ee776eee43,ZERO,-880000,880000,0,0,0x00000000000000000000000000000000000000000000000000000000000312d2,201426,False
FIRE_USDG_50pct,14325486,2026-07-20T01:59:50+00:00,0x8184dc8e522b8c86fa874ab436c9c5ae6bb2d24bc609b7c88de7a9739b5f8a54,2,7,0x7777de7a669c6e76e059fae0e15a0ea041fd752c,0x58daec3116aae6d93017baaea7749052e8a04fa7,0xdfbdc88db73b4290a0f02daf53a95c5eb59ceceb7f080e08476d04ee776eee43,ADD,-880000,880000,652454980749823,652454980749823,0x0000000000000000000000000000000000000000000000000000000000033bf9,211961,False
FIRE_USDG_50pct,15314456,2026-07-21T05:32:52+00:00,0x081632f75b2b25452bc6e3406084b603f67787006e134bc59f1e3b1550494e41,6,15,0xe49193acd219557a150e35ccc2a66f89c42482e6,0x58daec3116aae6d93017baaea7749052e8a04fa7,0xdfbdc88db73b4290a0f02daf53a95c5eb59ceceb7f080e08476d04ee776eee43,ZERO,-880000,880000,0,0,0x000000000000000000000000000000000000000000000000000000000002e0d1,188625,True
FIRE_USDG_40pct,16154398,2026-07-22T04:55:38+00:00,0xd9862f8996e3a70af5824012d58fcaa59412d117ba354fd0ab4cf4518a28a921,3,2,0xc6312da2663570a2aee12b27a0c6da4683339acd,0x58daec3116aae6d93017baaea7749052e8a04fa7,0x0e6ef141436d1b1948593ce40268b6ffc56870929e83922c15a4a5d64f5b4636,ZERO,-880000,880000,0,0,0x00000000000000000000000000000000000000000000000000000000000325bd,206269,True
FIRE_USDG_50pct,16858456,2026-07-23T00:31:34+00:00,0x894f11cd8b3f0557ce4941efb0045bb742f021fa85aa96a16f09b1c8a8c6258b,3,8,0x490f1d47c41ba36f103a8db40b3c4db532b41899,0x58daec3116aae6d93017baaea7749052e8a04fa7,0xdfbdc88db73b4290a0f02daf53a95c5eb59ceceb7f080e08476d04ee776eee43,ADD,-880000,880000,61611693821189,61611693821189,0x0000000000000000000000000000000000000000000000000000000000046096,286870,False
FIRE_USDG_50pct,16889088,2026-07-23T01:22:42+00:00,0xef63f17ec84333077766efc95e9e3b20db3c98ff6cdda140af85d206fb156ef4,9,89,0x271070932c8111fb474a3ef55b9a758fd6b115cc,0x58daec3116aae6d93017baaea7749052e8a04fa7,0xdfbdc88db73b4290a0f02daf53a95c5eb59ceceb7f080e08476d04ee776eee43,ZERO,-880000,880000,0,0,0x00000000000000000000000000000000000000000000000000000000000312d2,201426,False
FIRE_USDG_50pct,16928662,2026-07-23T02:28:48+00:00,0x56d6e67719dd0b949f768110ede6fdc3994e5af0d80599ce289692e952cfdf41,12,34,0xe49193acd219557a150e35ccc2a66f89c42482e6,0x58daec3116aae6d93017baaea7749052e8a04fa7,0xdfbdc88db73b4290a0f02daf53a95c5eb59ceceb7f080e08476d04ee776eee43,ZERO,-880000,880000,0,0,0x000000000000000000000000000000000000000000000000000000000002e0d1,188625,True
FIRE_USDG_50pct,16942191,2026-07-23T02:51:23+00:00,0x1f64fedd96f9b9a9141884dcbacdf9e1ddd9ee85f2bd50406cb2dc4ca4f194a3,7,18,0xe49193acd219557a150e35ccc2a66f89c42482e6,0x58daec3116aae6d93017baaea7749052e8a04fa7,0xdfbdc88db73b4290a0f02daf53a95c5eb59ceceb7f080e08476d04ee776eee43,ZERO,-880000,880000,0,0,0x000000000000000000000000000000000000000000000000000000000002e0d1,188625,True
FIRE_USDG_50pct,16946806,2026-07-23T02:59:06+00:00,0x81af3362076ee5b69560a595a8d8a02d5f382ddd2dfefcb51e8da5ef9607715c,1,0,0x1aa511c41636dc4e1dafe5092157eb606da01d03,0x58daec3116aae6d93017baaea7749052e8a04fa7,0xdfbdc88db73b4290a0f02daf53a95c5eb59ceceb7f080e08476d04ee776eee43,ZERO,-880000,880000,0,0,0x00000000000000000000000000000000000000000000000000000000000328f5,207093,False
FIRE_USDG_50pct,16947288,2026-07-23T02:59:54+00:00,0x90da9fc04016fc26235a47f81b563d685236df70788c2b900b021cf5764e46d4,10,60,0x1aa511c41636dc4e1dafe5092157eb606da01d03,0x58daec3116aae6d93017baaea7749052e8a04fa7,0xdfbdc88db73b4290a0f02daf53a95c5eb59ceceb7f080e08476d04ee776eee43,ZERO,-880000,880000,0,0,0x00000000000000000000000000000000000000000000000000000000000328f5,207093,False
FIRE_USDG_50pct,16947300,2026-07-23T02:59:55+00:00,0xcb2b9128fdf1dddbfc1ec53f2332a37260cf20f11186d5e3d511a1a9e51254b8,1,0,0x271070932c8111fb474a3ef55b9a758fd6b115cc,0x58daec3116aae6d93017baaea7749052e8a04fa7,0xdfbdc88db73b4290a0f02daf53a95c5eb59ceceb7f080e08476d04ee776eee43,ZERO,-880000,880000,0,0,0x00000000000000000000000000000000000000000000000000000000000312d2,201426,False
FIRE_USDG_50pct,16947415,2026-07-23T03:00:07+00:00,0xb042ca89f0a919fb5958bb3db5146836b129b37bb49b6052cde316cf0cfacdb7,2,7,0x1aa511c41636dc4e1dafe5092157eb606da01d03,0x58daec3116aae6d93017baaea7749052e8a04fa7,0xdfbdc88db73b4290a0f02daf53a95c5eb59ceceb7f080e08476d04ee776eee43,ADD,-880000,880000,210771788391626,210771788391626,0x00000000000000000000000000000000000000000000000000000000000328f5,207093,False
FIRE_USDG_50pct,16948322,2026-07-23T03:01:38+00:00,0x02a50c6e1d81136b64fbf666c4f7b1fc4931ed594f83af2d793ca98b2fa75d21,2,1,0x271070932c8111fb474a3ef55b9a758fd6b115cc,0x58daec3116aae6d93017baaea7749052e8a04fa7,0xdfbdc88db73b4290a0f02daf53a95c5eb59ceceb7f080e08476d04ee776eee43,ADD,-880000,880000,28580399627293,28580399627293,0x00000000000000000000000000000000000000000000000000000000000312d2,201426,False
FIRE_USDG_50pct,16949563,2026-07-23T03:03:42+00:00,0xaad3448541224956651a646fef70958f167ae4e97e1a19a9d8936426473c4695,1,0,0x1aa511c41636dc4e1dafe5092157eb606da01d03,0x58daec3116aae6d93017baaea7749052e8a04fa7,0xdfbdc88db73b4290a0f02daf53a95c5eb59ceceb7f080e08476d04ee776eee43,ZERO,-880000,880000,0,0,0x00000000000000000000000000000000000000000000000000000000000328f5,207093,False
FIRE_USDG_50pct,16949845,2026-07-23T03:04:10+00:00,0x562bae42783c644f2f8f006f371691c3dfa35ad60af0b26edc0913173903b1fd,5,34,0x1aa511c41636dc4e1dafe5092157eb606da01d03,0x58daec3116aae6d93017baaea7749052e8a04fa7,0xdfbdc88db73b4290a0f02daf53a95c5eb59ceceb7f080e08476d04ee776eee43,ADD,-880000,880000,95848917031889,95848917031889,0x00000000000000000000000000000000000000000000000000000000000328f5,207093,False
FIRE_USDG_50pct,16951717,2026-07-23T03:07:18+00:00,0x9d87b3ece2c754b6ebf3eb764a15e1eb8edd2e8268c0476b46fcfbb48fe55783,1,0,0xe49193acd219557a150e35ccc2a66f89c42482e6,0x58daec3116aae6d93017baaea7749052e8a04fa7,0xdfbdc88db73b4290a0f02daf53a95c5eb59ceceb7f080e08476d04ee776eee43,ZERO,-880000,880000,0,0,0x000000000000000000000000000000000000000000000000000000000002e0d1,188625,True
FIRE_USDG_50pct,16952888,2026-07-23T03:09:16+00:00,0x8a9ff776933513649a021efbff1bebed56f128a5be147085d96ed7cab4d28091,11,39,0x271070932c8111fb474a3ef55b9a758fd6b115cc,0x58daec3116aae6d93017baaea7749052e8a04fa7,0xdfbdc88db73b4290a0f02daf53a95c5eb59ceceb7f080e08476d04ee776eee43,ADD,-880000,880000,35657244343371,35657244343371,0x00000000000000000000000000000000000000000000000000000000000312d2,201426,False
FIRE_USDG_50pct,16953211,2026-07-23T03:09:48+00:00,0x1118f0600750213c8756df74a140ebea62b31509291a03f4a5513c1d5f8290ea,1,0,0xe49193acd219557a150e35ccc2a66f89c42482e6,0x58daec3116aae6d93017baaea7749052e8a04fa7,0xdfbdc88db73b4290a0f02daf53a95c5eb59ceceb7f080e08476d04ee776eee43,ADD,-880000,880000,467679266628448,467679266628448,0x000000000000000000000000000000000000000000000000000000000002e0d1,188625,True
FIRE_USDG_50pct,16953613,2026-07-23T03:10:28+00:00,0x9eca71f6e081033ad856fe66d4006c6291f32ca4e747c3fb6ea92a9f7f6a8570,3,56,0xe49193acd219557a150e35ccc2a66f89c42482e6,0x58daec3116aae6d93017baaea7749052e8a04fa7,0xdfbdc88db73b4290a0f02daf53a95c5eb59ceceb7f080e08476d04ee776eee43,ADD,-880000,880000,259821814793581,259821814793581,0x000000000000000000000000000000000000000000000000000000000002e0d1,188625,True
FIRE_USDG_50pct,16953860,2026-07-23T03:10:53+00:00,0x882b39178ca0ee1a74aa0ff7982206e7e6ed9066282fadd0b7e5bbc92c0d126c,4,7,0xe49193acd219557a150e35ccc2a66f89c42482e6,0x58daec3116aae6d93017baaea7749052e8a04fa7,0xdfbdc88db73b4290a0f02daf53a95c5eb59ceceb7f080e08476d04ee776eee43,ADD,-880000,880000,129910907396790,129910907396790,0x000000000000000000000000000000000000000000000000000000000002e0d1,188625,True
FIRE_USDG_50pct,16955313,2026-07-23T03:13:19+00:00,0xba3a20c5719ff5b36360a6802a4217b8d32246025cb4a9e55e67a6ba976e8e2b,2,6,0xe49193acd219557a150e35ccc2a66f89c42482e6,0x58daec3116aae6d93017baaea7749052e8a04fa7,0xdfbdc88db73b4290a0f02daf53a95c5eb59ceceb7f080e08476d04ee776eee43,REMOVE,-880000,880000,-783934662235360,783934662235360,0x000000000000000000000000000000000000000000000000000000000002e0d1,188625,True
FIRE_USDG_50pct,16955568,2026-07-23T03:13:45+00:00,0x09de18813a6439d05803a8093712300da1a7e915ee9022c487c8242ebf857027,2,0,0xe49193acd219557a150e35ccc2a66f89c42482e6,0x58daec3116aae6d93017baaea7749052e8a04fa7,0xdfbdc88db73b4290a0f02daf53a95c5eb59ceceb7f080e08476d04ee776eee43,REMOVE,-880000,880000,-235180398670608,235180398670608,0x000000000000000000000000000000000000000000000000000000000002e0d1,188625,True
FIRE_USDG_40pct,16958375,2026-07-23T03:18:26+00:00,0x387ea9907e075473b1587e6deb376c05838ea6b220b69b07b47b9d0d7efc11ec,1,0,0xc6312da2663570a2aee12b27a0c6da4683339acd,0x58daec3116aae6d93017baaea7749052e8a04fa7,0x0e6ef141436d1b1948593ce40268b6ffc56870929e83922c15a4a5d64f5b4636,ZERO,-880000,880000,0,0,0x00000000000000000000000000000000000000000000000000000000000325bd,206269,True
FIRE_USDG_50pct,16958527,2026-07-23T03:18:41+00:00,0x6d598ffe5fe5a22a4feda36b5f5734466a9e2d31829b0309e752c88f65d6f2ea,1,0,0x7777de7a669c6e76e059fae0e15a0ea041fd752c,0x58daec3116aae6d93017baaea7749052e8a04fa7,0xdfbdc88db73b4290a0f02daf53a95c5eb59ceceb7f080e08476d04ee776eee43,ZERO,-880000,880000,0,0,0x0000000000000000000000000000000000000000000000000000000000033bf9,211961,False
FIRE_USDG_50pct,16958639,2026-07-23T03:18:53+00:00,0xaddb91a0e7022cf6eb59064000f21e31c3638d0e6b051ca11af3eb57b87ef852,1,0,0x7777de7a669c6e76e059fae0e15a0ea041fd752c,0x58daec3116aae6d93017baaea7749052e8a04fa7,0xdfbdc88db73b4290a0f02daf53a95c5eb59ceceb7f080e08476d04ee776eee43,ADD,-880000,880000,403109908146836,403109908146836,0x0000000000000000000000000000000000000000000000000000000000033bf9,211961,False
FIRE_USDG_50pct,16959370,2026-07-23T03:20:06+00:00,0x1c73d4463f3d33c76f02eaca1b0715c62537ed6231fc8158f8ea068186553d16,26,30,0x7777de7a669c6e76e059fae0e15a0ea041fd752c,0x58daec3116aae6d93017baaea7749052e8a04fa7,0xdfbdc88db73b4290a0f02daf53a95c5eb59ceceb7f080e08476d04ee776eee43,ADD,-880000,880000,1049431560235861,1049431560235861,0x0000000000000000000000000000000000000000000000000000000000033bf9,211961,False
FIRE_USDG_50pct,16962575,2026-07-23T03:25:28+00:00,0xb0bc74e3a7b08ef102c77ba375d44f5a4e4fd27283c88270fa36de0be73ceb1e,3,9,0x490f1d47c41ba36f103a8db40b3c4db532b41899,0x58daec3116aae6d93017baaea7749052e8a04fa7,0xdfbdc88db73b4290a0f02daf53a95c5eb59ceceb7f080e08476d04ee776eee43,ZERO,-880000,880000,0,0,0x0000000000000000000000000000000000000000000000000000000000046096,286870,False
FIRE_USDG_50pct,16962744,2026-07-23T03:25:45+00:00,0x3a4de4a939ce233bae345928ca9388dc24ddae77e48f26c4074a6a5099dc4daf,3,5,0x490f1d47c41ba36f103a8db40b3c4db532b41899,0x58daec3116aae6d93017baaea7749052e8a04fa7,0xdfbdc88db73b4290a0f02daf53a95c5eb59ceceb7f080e08476d04ee776eee43,ADD,-880000,880000,27826760471303,27826760471303,0x0000000000000000000000000000000000000000000000000000000000046096,286870,False
FIRE_USDG_50pct,16967075,2026-07-23T03:33:00+00:00,0xed06ffe1578cfe90f91e1696a3a4fc6710df1de6e82ab0890037ca049ed09e6c,6,53,0x490f1d47c41ba36f103a8db40b3c4db532b41899,0x58daec3116aae6d93017baaea7749052e8a04fa7,0xdfbdc88db73b4290a0f02daf53a95c5eb59ceceb7f080e08476d04ee776eee43,ADD,-880000,880000,481620039614027,481620039614027,0x0000000000000000000000000000000000000000000000000000000000046096,286870,False
FIRE_USDG_50pct,16969155,2026-07-23T03:36:29+00:00,0xdb96bd80ef2a2ded9cb158ffbb684e2b7de5b7a0bf8084574fe1f49c2572489e,2,4,0x490f1d47c41ba36f103a8db40b3c4db532b41899,0x58daec3116aae6d93017baaea7749052e8a04fa7,0xdfbdc88db73b4290a0f02daf53a95c5eb59ceceb7f080e08476d04ee776eee43,ADD,-880000,880000,2157539079274,2157539079274,0x0000000000000000000000000000000000000000000000000000000000046096,286870,False
FIRE_USDG_50pct,16972979,2026-07-23T03:42:53+00:00,0x3c3ca86ec2bae01377d515fdbe0aab5da48a2eff5d343308e840b2ce47b34b28,11,4,0xe49193acd219557a150e35ccc2a66f89c42482e6,0x58daec3116aae6d93017baaea7749052e8a04fa7,0xdfbdc88db73b4290a0f02daf53a95c5eb59ceceb7f080e08476d04ee776eee43,ZERO,-880000,880000,0,0,0x000000000000000000000000000000000000000000000000000000000002e0d1,188625,True
FIRE_USDG_50pct,17048201,2026-07-23T05:48:41+00:00,0x808f85a1d621310193c460e2d0924d9edf121828c455af0caa2529a0efa3a70b,7,48,0x490f1d47c41ba36f103a8db40b3c4db532b41899,0x58daec3116aae6d93017baaea7749052e8a04fa7,0xdfbdc88db73b4290a0f02daf53a95c5eb59ceceb7f080e08476d04ee776eee43,REMOVE,-880000,880000,-286608016492896,286608016492896,0x0000000000000000000000000000000000000000000000000000000000046096,286870,False
FIRE_USDG_50pct,17097584,2026-07-23T07:11:07+00:00,0xa85c352cb59d0fa0c60a763211170a8892a2eab3c2a87c9b767ca07ddf7809de,1,0,0xe49193acd219557a150e35ccc2a66f89c42482e6,0x58daec3116aae6d93017baaea7749052e8a04fa7,0xdfbdc88db73b4290a0f02daf53a95c5eb59ceceb7f080e08476d04ee776eee43,REMOVE,-880000,880000,-529155897008868,529155897008868,0x000000000000000000000000000000000000000000000000000000000002e0d1,188625,True
FIRE_USDG_50pct,17104126,2026-07-23T07:22:03+00:00,0xff6916af95d56493b9a7aff81345c0a66627e85c9d237517ba1bf6a26b7b7c24,10,66,0x7777de7a669c6e76e059fae0e15a0ea041fd752c,0x58daec3116aae6d93017baaea7749052e8a04fa7,0xdfbdc88db73b4290a0f02daf53a95c5eb59ceceb7f080e08476d04ee776eee43,ZERO,-880000,880000,0,0,0x0000000000000000000000000000000000000000000000000000000000033bf9,211961,False
FIRE_USDG_50pct,17172475,2026-07-23T09:16:14+00:00,0xc064e359378cdcc1ff3cb6d843ff39e4ff54a69db59825f423b046fef3612f6f,3,5,0x490f1d47c41ba36f103a8db40b3c4db532b41899,0x58daec3116aae6d93017baaea7749052e8a04fa7,0xdfbdc88db73b4290a0f02daf53a95c5eb59ceceb7f080e08476d04ee776eee43,ADD,-880000,880000,72401834525811,72401834525811,0x0000000000000000000000000000000000000000000000000000000000046096,286870,False
FIRE_USDG_50pct,17311692,2026-07-23T13:08:59+00:00,0xac289a793c853b85f69863325a1b8ac85b0400af43c7c51cc080433535aa9984,19,31,0x7777de7a669c6e76e059fae0e15a0ea041fd752c,0x58daec3116aae6d93017baaea7749052e8a04fa7,0xdfbdc88db73b4290a0f02daf53a95c5eb59ceceb7f080e08476d04ee776eee43,ZERO,-880000,880000,0,0,0x0000000000000000000000000000000000000000000000000000000000033bf9,211961,False
FIRE_USDG_50pct,17363185,2026-07-23T14:34:58+00:00,0x4ea800f47ec537d984e19e4021dfc9f32d317e3322102028189d4920fd659366,7,10,0x490f1d47c41ba36f103a8db40b3c4db532b41899,0x58daec3116aae6d93017baaea7749052e8a04fa7,0xdfbdc88db73b4290a0f02daf53a95c5eb59ceceb7f080e08476d04ee776eee43,ZERO,-880000,880000,0,0,0x0000000000000000000000000000000000000000000000000000000000046096,286870,False
FIRE_USDG_50pct,17368336,2026-07-23T14:43:34+00:00,0x12ab694995fc9868fbeae9e409e02bd5d7f66a48e0208744da1030639c81c2ea,5,21,0x490f1d47c41ba36f103a8db40b3c4db532b41899,0x58daec3116aae6d93017baaea7749052e8a04fa7,0xdfbdc88db73b4290a0f02daf53a95c5eb59ceceb7f080e08476d04ee776eee43,ADD,-880000,880000,52868103353004,52868103353004,0x000000000000000000000000000000000000000000000000000000000004b14e,307534,False
FIRE_USDG_50pct,17413858,2026-07-23T15:59:37+00:00,0x911db1f149c8ec3deb2fd9228663677387d674bc87357cda3126fcb81cdc156c,2,3,0x1aa511c41636dc4e1dafe5092157eb606da01d03,0x58daec3116aae6d93017baaea7749052e8a04fa7,0xdfbdc88db73b4290a0f02daf53a95c5eb59ceceb7f080e08476d04ee776eee43,ZERO,-880000,880000,0,0,0x00000000000000000000000000000000000000000000000000000000000328f5,207093,False
FIRE_USDG_50pct,17447016,2026-07-23T16:55:00+00:00,0x839c0e304a3bf7d5dd93d23eedd2e3579088ce9c3c175027d4cff4695f9dffb3,4,12,0x490f1d47c41ba36f103a8db40b3c4db532b41899,0x58daec3116aae6d93017baaea7749052e8a04fa7,0xdfbdc88db73b4290a0f02daf53a95c5eb59ceceb7f080e08476d04ee776eee43,REMOVE,-880000,880000,-359009851018708,359009851018708,0x0000000000000000000000000000000000000000000000000000000000046096,286870,False
FIRE_USDG_40pct,17447654,2026-07-23T16:56:03+00:00,0x45c3445c41ed0fe94d19617a8fc46888fed37c1ee58b8dd5887a5b232b1d828e,6,29,0x490f1d47c41ba36f103a8db40b3c4db532b41899,0x58daec3116aae6d93017baaea7749052e8a04fa7,0x0e6ef141436d1b1948593ce40268b6ffc56870929e83922c15a4a5d64f5b4636,ADD,-880000,880000,191807085781805,191807085781805,0x000000000000000000000000000000000000000000000000000000000004bc42,310338,False
FIRE_USDG_50pct,17449166,2026-07-23T16:58:35+00:00,0x86f5f6786334caff6083ee78dde7f9e7a76e46b08f795099df02071c53189c71,3,23,0x490f1d47c41ba36f103a8db40b3c4db532b41899,0x58daec3116aae6d93017baaea7749052e8a04fa7,0xdfbdc88db73b4290a0f02daf53a95c5eb59ceceb7f080e08476d04ee776eee43,REMOVE,-880000,880000,-52868103353004,52868103353004,0x000000000000000000000000000000000000000000000000000000000004b14e,307534,False
FIRE_USDG_40pct,17560377,2026-07-23T20:04:11+00:00,0x4bea768919d36d2f29d58da61e1edc9a206db73a7a16c6e5e8a6d823d85c7c71,6,25,0x1983824aa3cf023dfd233115e801520b9d49a258,0x58daec3116aae6d93017baaea7749052e8a04fa7,0x0e6ef141436d1b1948593ce40268b6ffc56870929e83922c15a4a5d64f5b4636,ADD,-880000,880000,466542686362382,466542686362382,0x000000000000000000000000000000000000000000000000000000000004cef7,315127,False
FIRE_USDG_40pct,17622374,2026-07-23T21:47:49+00:00,0x5ae81187a0b3b5687b2a24a0a4b569bf4eb8ea76109420dfafc2c57dc4feb20d,13,969,0x490f1d47c41ba36f103a8db40b3c4db532b41899,0x58daec3116aae6d93017baaea7749052e8a04fa7,0x0e6ef141436d1b1948593ce40268b6ffc56870929e83922c15a4a5d64f5b4636,ADD,-880000,880000,187940965021806,187940965021806,0x000000000000000000000000000000000000000000000000000000000004d6d9,317145,False
FIRE_USDG_50pct,17751856,2026-07-24T01:24:19+00:00,0x4e7426392116399d2f9bee0940a1d5ba30d0649ad25972c41739988c89fdacaa,1,0,0xe49193acd219557a150e35ccc2a66f89c42482e6,0x58daec3116aae6d93017baaea7749052e8a04fa7,0xdfbdc88db73b4290a0f02daf53a95c5eb59ceceb7f080e08476d04ee776eee43,ZERO,-880000,880000,0,0,0x000000000000000000000000000000000000000000000000000000000002e0d1,188625,True
FIRE_USDG_50pct,17760359,2026-07-24T01:38:32+00:00,0xa07b6fe5521f0aa7334b7fb1964de055328ab724c09f83ebf7283234df0e618f,3,7,0x271070932c8111fb474a3ef55b9a758fd6b115cc,0x58daec3116aae6d93017baaea7749052e8a04fa7,0xdfbdc88db73b4290a0f02daf53a95c5eb59ceceb7f080e08476d04ee776eee43,ZERO,-880000,880000,0,0,0x00000000000000000000000000000000000000000000000000000000000312d2,201426,False
FIRE_USDG_50pct,17760824,2026-07-24T01:39:19+00:00,0x1358ad8b837b20d45f2a7d2a4fa5b26546e98fb66c1b7ff9bddbde82837eedbf,9,39,0x271070932c8111fb474a3ef55b9a758fd6b115cc,0x58daec3116aae6d93017baaea7749052e8a04fa7,0xdfbdc88db73b4290a0f02daf53a95c5eb59ceceb7f080e08476d04ee776eee43,ADD,-880000,880000,35239861001916,35239861001916,0x00000000000000000000000000000000000000000000000000000000000312d2,201426,False
FIRE_USDG_40pct,17761148,2026-07-24T01:39:52+00:00,0x2e8ae5fcf95e1226df4a4f5b22467cc11ac02dd86b2763598d13b68e92686488,3,17,0x490f1d47c41ba36f103a8db40b3c4db532b41899,0x58daec3116aae6d93017baaea7749052e8a04fa7,0x0e6ef141436d1b1948593ce40268b6ffc56870929e83922c15a4a5d64f5b4636,ZERO,-880000,880000,0,0,0x000000000000000000000000000000000000000000000000000000000004d6d9,317145,False
FIRE_USDG_40pct,17761385,2026-07-24T01:40:15+00:00,0xe509b1621d907fcc189ea349251be11dd6a1e95abb6201994e2329a1f6de8272,2,0,0x490f1d47c41ba36f103a8db40b3c4db532b41899,0x58daec3116aae6d93017baaea7749052e8a04fa7,0x0e6ef141436d1b1948593ce40268b6ffc56870929e83922c15a4a5d64f5b4636,ZERO,-880000,880000,0,0,0x000000000000000000000000000000000000000000000000000000000004bc42,310338,False
FIRE_USDG_50pct,17761590,2026-07-24T01:40:36+00:00,0x280be992fc889933d98281907cfedd7e86d1d9876ec4873cd7880c2bd63d0257,2,25,0x2179ecfa0619c125ca0fd28599cede9c239fbf2b,0x58daec3116aae6d93017baaea7749052e8a04fa7,0xdfbdc88db73b4290a0f02daf53a95c5eb59ceceb7f080e08476d04ee776eee43,ADD,-880000,880000,949741973410674,949741973410674,0x000000000000000000000000000000000000000000000000000000000004e531,320817,False
FIRE_USDG_40pct,17761637,2026-07-24T01:40:40+00:00,0x8590daac1018d010a781f851f37aad1553746be319db40272ae9999be07183e8,5,31,0x490f1d47c41ba36f103a8db40b3c4db532b41899,0x58daec3116aae6d93017baaea7749052e8a04fa7,0x0e6ef141436d1b1948593ce40268b6ffc56870929e83922c15a4a5d64f5b4636,REMOVE,-880000,880000,-187940965021806,187940965021806,0x000000000000000000000000000000000000000000000000000000000004d6d9,317145,False
FIRE_USDG_50pct,17764354,2026-07-24T01:45:14+00:00,0x7f31fe220776e54cd42ee3bcbdf137487297847405d3b26a96334f9b5bf8d6d4,1,1,0x490f1d47c41ba36f103a8db40b3c4db532b41899,0x58daec3116aae6d93017baaea7749052e8a04fa7,0xdfbdc88db73b4290a0f02daf53a95c5eb59ceceb7f080e08476d04ee776eee43,ADD,-880000,880000,189466973544991,189466973544991,0x000000000000000000000000000000000000000000000000000000000004e57f,320895,False
FIRE_USDG_50pct,18021198,2026-07-24T08:54:54+00:00,0x8424d96719075c2f92a821589ae7e7813974bbcf458d65a4872b96c7900f15c3,3,0,0x490f1d47c41ba36f103a8db40b3c4db532b41899,0x58daec3116aae6d93017baaea7749052e8a04fa7,0xdfbdc88db73b4290a0f02daf53a95c5eb59ceceb7f080e08476d04ee776eee43,ZERO,-880000,880000,0,0,0x000000000000000000000000000000000000000000000000000000000004e57f,320895,False
FIRE_USDG_40pct,18021774,2026-07-24T08:55:51+00:00,0x993156d205dbe03e242459ac81324b8912b45c4d851e824b0fa16d50f0d1c60a,3,10,0x490f1d47c41ba36f103a8db40b3c4db532b41899,0x58daec3116aae6d93017baaea7749052e8a04fa7,0x0e6ef141436d1b1948593ce40268b6ffc56870929e83922c15a4a5d64f5b4636,ZERO,-880000,880000,0,0,0x000000000000000000000000000000000000000000000000000000000004bc42,310338,False
FIRE_USDG_40pct,18021979,2026-07-24T08:56:11+00:00,0xed1d4a20fad69619969908616225ff46a96a8af9854f4902f04e9a4d7349f804,1,0,0x490f1d47c41ba36f103a8db40b3c4db532b41899,0x58daec3116aae6d93017baaea7749052e8a04fa7,0x0e6ef141436d1b1948593ce40268b6ffc56870929e83922c15a4a5d64f5b4636,ADD,-880000,880000,29712175187886,29712175187886,0x000000000000000000000000000000000000000000000000000000000004bc42,310338,False
FIRE_USDG_50pct,18035682,2026-07-24T09:19:08+00:00,0x88a2905ee5ad149b4040c71ab8fc97699e2e9a3faaf94e832235a4acbbe26e80,1,0,0x1aa511c41636dc4e1dafe5092157eb606da01d03,0x58daec3116aae6d93017baaea7749052e8a04fa7,0xdfbdc88db73b4290a0f02daf53a95c5eb59ceceb7f080e08476d04ee776eee43,ZERO,-880000,880000,0,0,0x00000000000000000000000000000000000000000000000000000000000328f5,207093,False
FIRE_USDG_40pct,18151812,2026-07-24T12:33:38+00:00,0x86c64d2f2976d6f42b4afd5692344c56c39e6aa5980306f6c06226a4537d7b87,3,6,0xd0010d99334e89b18f42c1517ad69675113878da,0x58daec3116aae6d93017baaea7749052e8a04fa7,0x0e6ef141436d1b1948593ce40268b6ffc56870929e83922c15a4a5d64f5b4636,ADD,-880000,880000,201655148926717,201655148926717,0x00000000000000000000000000000000000000000000000000000000000506d4,329428,False
FIRE_USDG_50pct,18174307,2026-07-24T13:11:14+00:00,0x9400bcf3c87a2ea4c89dd4a7b18e990abee1b0a4466a81f5af3f12e66f8a90f8,4,1,0x7777de7a669c6e76e059fae0e15a0ea041fd752c,0x58daec3116aae6d93017baaea7749052e8a04fa7,0xdfbdc88db73b4290a0f02daf53a95c5eb59ceceb7f080e08476d04ee776eee43,ZERO,-880000,880000,0,0,0x0000000000000000000000000000000000000000000000000000000000033bf9,211961,False
FIRE_USDG_50pct,18285044,2026-07-24T16:16:00+00:00,0x330b969b66d086318cf9f84bf21f95250f4d822b17e6c4622c26a6ce55cf7b9c,6,69,0x271070932c8111fb474a3ef55b9a758fd6b115cc,0x58daec3116aae6d93017baaea7749052e8a04fa7,0xdfbdc88db73b4290a0f02daf53a95c5eb59ceceb7f080e08476d04ee776eee43,ZERO,-880000,880000,0,0,0x00000000000000000000000000000000000000000000000000000000000312d2,201426,False
FIRE_USDG_40pct,18286537,2026-07-24T16:18:29+00:00,0xa84c333be19c06f41d7b2e95e29d2f8ef28c310927ef60b43b27ebf371a260d6,1,0,0x1983824aa3cf023dfd233115e801520b9d49a258,0x58daec3116aae6d93017baaea7749052e8a04fa7,0x0e6ef141436d1b1948593ce40268b6ffc56870929e83922c15a4a5d64f5b4636,ZERO,-880000,880000,0,0,0x000000000000000000000000000000000000000000000000000000000004cef7,315127,False
FIRE_USDG_40pct,18286745,2026-07-24T16:18:50+00:00,0x5820046500287b63390fdc7a52dd80bceb84b7d6ae9f19a61b97571be9287f7c,3,2,0x1983824aa3cf023dfd233115e801520b9d49a258,0x58daec3116aae6d93017baaea7749052e8a04fa7,0x0e6ef141436d1b1948593ce40268b6ffc56870929e83922c15a4a5d64f5b4636,ADD,-880000,880000,93100531091397,93100531091397,0x000000000000000000000000000000000000000000000000000000000004cef7,315127,False
FIRE_USDG_50pct,18291959,2026-07-24T16:27:32+00:00,0x3ffc77dbd801bdefcbf3ea14307840566632204a18ad5b56c556c66fc3ed61f7,3,2,0x271070932c8111fb474a3ef55b9a758fd6b115cc,0x58daec3116aae6d93017baaea7749052e8a04fa7,0xdfbdc88db73b4290a0f02daf53a95c5eb59ceceb7f080e08476d04ee776eee43,ZERO,-880000,880000,0,0,0x00000000000000000000000000000000000000000000000000000000000312d2,201426,False
FIRE_USDG_50pct,18293073,2026-07-24T16:29:24+00:00,0xaf7514bb72f00feb7eeb9c64869c30448cceaeb20ed0b4f8988f3e288550e3d3,6,13,0x271070932c8111fb474a3ef55b9a758fd6b115cc,0x58daec3116aae6d93017baaea7749052e8a04fa7,0xdfbdc88db73b4290a0f02daf53a95c5eb59ceceb7f080e08476d04ee776eee43,ADD,-880000,880000,131349852169057,131349852169057,0x00000000000000000000000000000000000000000000000000000000000312d2,201426,False
FIRE_USDG_50pct,18353407,2026-07-24T18:10:05+00:00,0x796827c7bc8725250852f583c2e05a3f1e6ba9687e9d22250b4a7fe6cdc3760d,97,162,0x1aa511c41636dc4e1dafe5092157eb606da01d03,0x58daec3116aae6d93017baaea7749052e8a04fa7,0xdfbdc88db73b4290a0f02daf53a95c5eb59ceceb7f080e08476d04ee776eee43,ZERO,-880000,880000,0,0,0x00000000000000000000000000000000000000000000000000000000000328f5,207093,False
FIRE_USDG_50pct,18353693,2026-07-24T18:10:34+00:00,0x0a771ecfe8a389b3c737939b998bd6a0c7706bc4240982b8610bdc60cbd3e37b,11,33,0x1aa511c41636dc4e1dafe5092157eb606da01d03,0x58daec3116aae6d93017baaea7749052e8a04fa7,0xdfbdc88db73b4290a0f02daf53a95c5eb59ceceb7f080e08476d04ee776eee43,ADD,-880000,880000,384084026311317,384084026311317,0x00000000000000000000000000000000000000000000000000000000000328f5,207093,False
FIRE_USDG_40pct,18366023,2026-07-24T18:31:07+00:00,0xa954b827a375f5c0ed4c8012d14bb8f7fc4c56314cd1b6c99ca7167fcb78de0b,5,1,0x490f1d47c41ba36f103a8db40b3c4db532b41899,0x58daec3116aae6d93017baaea7749052e8a04fa7,0x0e6ef141436d1b1948593ce40268b6ffc56870929e83922c15a4a5d64f5b4636,ZERO,-880000,880000,0,0,0x000000000000000000000000000000000000000000000000000000000004bc42,310338,False
FIRE_USDG_40pct,18366223,2026-07-24T18:31:27+00:00,0x8916722aba7d177cf3b99bab84c6c2b61937f87fe56f9fb17738b38251347a18,1,0,0x490f1d47c41ba36f103a8db40b3c4db532b41899,0x58daec3116aae6d93017baaea7749052e8a04fa7,0x0e6ef141436d1b1948593ce40268b6ffc56870929e83922c15a4a5d64f5b4636,ADD,-880000,880000,132198378797091,132198378797091,0x000000000000000000000000000000000000000000000000000000000004bc42,310338,False
FIRE_USDG_50pct,18366526,2026-07-24T18:31:58+00:00,0xc65dd24fadb83e044a1cc56dcddfb9038b7f1cace8a6bf05b664db725f9b8f4e,1,0,0x490f1d47c41ba36f103a8db40b3c4db532b41899,0x58daec3116aae6d93017baaea7749052e8a04fa7,0xdfbdc88db73b4290a0f02daf53a95c5eb59ceceb7f080e08476d04ee776eee43,ZERO,-880000,880000,0,0,0x000000000000000000000000000000000000000000000000000000000004e57f,320895,False
FIRE_USDG_50pct,18367067,2026-07-24T18:32:52+00:00,0x0df43714ced9778f10b36d71159ee043d84fd4b5c44809396563697d6aa260b3,17,70,0x490f1d47c41ba36f103a8db40b3c4db532b41899,0x58daec3116aae6d93017baaea7749052e8a04fa7,0xdfbdc88db73b4290a0f02daf53a95c5eb59ceceb7f080e08476d04ee776eee43,ADD,-880000,880000,114972701711627,114972701711627,0x000000000000000000000000000000000000000000000000000000000004e57f,320895,False
FIRE_USDG_40pct,18368965,2026-07-24T18:36:03+00:00,0x2d637f9251aaa278e6d904b1abd4c95a574d24635250194300ea4f779d9ec9d7,7,957,0x1983824aa3cf023dfd233115e801520b9d49a258,0x58daec3116aae6d93017baaea7749052e8a04fa7,0x0e6ef141436d1b1948593ce40268b6ffc56870929e83922c15a4a5d64f5b4636,ZERO,-880000,880000,0,0,0x000000000000000000000000000000000000000000000000000000000004cef7,315127,False
FIRE_USDG_40pct,18369169,2026-07-24T18:36:24+00:00,0xf061bda73146994adf458c39204d14708cc7bda68b46865d64d0fb055e2307a3,1,0,0x1983824aa3cf023dfd233115e801520b9d49a258,0x58daec3116aae6d93017baaea7749052e8a04fa7,0x0e6ef141436d1b1948593ce40268b6ffc56870929e83922c15a4a5d64f5b4636,ADD,-880000,880000,166245806350698,166245806350698,0x000000000000000000000000000000000000000000000000000000000004cef7,315127,False
FIRE_USDG_40pct,18371691,2026-07-24T18:40:36+00:00,0x96f2f8eddac80602c673f9d96621d299753bc72dee9ed9815a60939d4bafe56e,6,16,0x1983824aa3cf023dfd233115e801520b9d49a258,0x58daec3116aae6d93017baaea7749052e8a04fa7,0x0e6ef141436d1b1948593ce40268b6ffc56870929e83922c15a4a5d64f5b4636,ADD,-880000,880000,98758095358355,98758095358355,0x000000000000000000000000000000000000000000000000000000000004cef7,315127,False
FIRE_USDG_50pct,18372991,2026-07-24T18:42:46+00:00,0x53a018da573ce590a83f051ee05bd0007d2645c3a2e07000b30a3ca313b1181d,1,0,0x271070932c8111fb474a3ef55b9a758fd6b115cc,0x58daec3116aae6d93017baaea7749052e8a04fa7,0xdfbdc88db73b4290a0f02daf53a95c5eb59ceceb7f080e08476d04ee776eee43,ZERO,-880000,880000,0,0,0x00000000000000000000000000000000000000000000000000000000000312d2,201426,False
FIRE_USDG_50pct,18373693,2026-07-24T18:43:55+00:00,0xdaef62327b3b6a22ac9ae57889b084f0dcd122e3c4be914c74c74189dcc9dab7,11,14,0x271070932c8111fb474a3ef55b9a758fd6b115cc,0x58daec3116aae6d93017baaea7749052e8a04fa7,0xdfbdc88db73b4290a0f02daf53a95c5eb59ceceb7f080e08476d04ee776eee43,ADD,-880000,880000,82785809169469,82785809169469,0x00000000000000000000000000000000000000000000000000000000000312d2,201426,False
FIRE_USDG_40pct,18375323,2026-07-24T18:46:39+00:00,0x66b158ded7bdc22ae4ee9df669d3f1db67b637280535d7878bf9a3a0617f1f97,10,55,0xd0010d99334e89b18f42c1517ad69675113878da,0x58daec3116aae6d93017baaea7749052e8a04fa7,0x0e6ef141436d1b1948593ce40268b6ffc56870929e83922c15a4a5d64f5b4636,ZERO,-880000,880000,0,0,0x00000000000000000000000000000000000000000000000000000000000506d4,329428,False
FIRE_USDG_50pct,18389727,2026-07-24T19:10:42+00:00,0xd14155f7fde22824c06f574ccb508496ae08908a884540f88846bc81e6ae0129,29,193,0x7777de7a669c6e76e059fae0e15a0ea041fd752c,0x58daec3116aae6d93017baaea7749052e8a04fa7,0xdfbdc88db73b4290a0f02daf53a95c5eb59ceceb7f080e08476d04ee776eee43,ZERO,-880000,880000,0,0,0x0000000000000000000000000000000000000000000000000000000000033bf9,211961,False
FIRE_USDG_50pct,18390448,2026-07-24T19:11:55+00:00,0xa90058228dfdc0c05f004ea75ddbf430ed64bd1bd3d1ee853ef27515b579cd6b,4,15,0x7777de7a669c6e76e059fae0e15a0ea041fd752c,0x58daec3116aae6d93017baaea7749052e8a04fa7,0xdfbdc88db73b4290a0f02daf53a95c5eb59ceceb7f080e08476d04ee776eee43,ADD,-880000,880000,996351834868751,996351834868751,0x0000000000000000000000000000000000000000000000000000000000033bf9,211961,False
FIRE_USDG_50pct,18421742,2026-07-24T20:04:11+00:00,0xa95a2f6e14d73587822ff760c43a9138436ad5fbbdae6af5aecb5a80e8081267,4,31,0x490f1d47c41ba36f103a8db40b3c4db532b41899,0x58daec3116aae6d93017baaea7749052e8a04fa7,0xdfbdc88db73b4290a0f02daf53a95c5eb59ceceb7f080e08476d04ee776eee43,REMOVE,-880000,880000,-304439675256618,304439675256618,0x000000000000000000000000000000000000000000000000000000000004e57f,320895,False
FIRE_USDG_40pct,18422548,2026-07-24T20:05:32+00:00,0xcc81782694604b87733253d445944fdb9fc3174b3851e6ca846730dd8ec4d4e8,4,2,0x490f1d47c41ba36f103a8db40b3c4db532b41899,0x58daec3116aae6d93017baaea7749052e8a04fa7,0x0e6ef141436d1b1948593ce40268b6ffc56870929e83922c15a4a5d64f5b4636,ADD,-880000,880000,147379660011326,147379660011326,0x000000000000000000000000000000000000000000000000000000000004bc42,310338,False
FIRE_USDG_50pct,18430127,2026-07-24T20:18:12+00:00,0x380a470e2c75466a2e00252bc407a5032a8e796a91b5a2f8bb5ce6a316c34a56,1,1,0x490f1d47c41ba36f103a8db40b3c4db532b41899,0x58daec3116aae6d93017baaea7749052e8a04fa7,0xdfbdc88db73b4290a0f02daf53a95c5eb59ceceb7f080e08476d04ee776eee43,ADD,-880000,880000,482192592798388,482192592798388,0x0000000000000000000000000000000000000000000000000000000000052922,338210,False
FIRE_USDG_40pct,18437535,2026-07-24T20:30:34+00:00,0x43288cfad6f5a385c7a40ece37a8ccc931cbaa4c0a53d2530ac5dcdb5ff6e0c3,2,1,0x1983824aa3cf023dfd233115e801520b9d49a258,0x58daec3116aae6d93017baaea7749052e8a04fa7,0x0e6ef141436d1b1948593ce40268b6ffc56870929e83922c15a4a5d64f5b4636,ZERO,-880000,880000,0,0,0x000000000000000000000000000000000000000000000000000000000004cef7,315127,False
FIRE_USDG_50pct,18448053,2026-07-24T20:48:08+00:00,0x3cd15dd6c256f0ff05c47cb816558d6124425b9427be4d78819edc27eac19c22,1,0,0x1aa511c41636dc4e1dafe5092157eb606da01d03,0x58daec3116aae6d93017baaea7749052e8a04fa7,0xdfbdc88db73b4290a0f02daf53a95c5eb59ceceb7f080e08476d04ee776eee43,ZERO,-880000,880000,0,0,0x00000000000000000000000000000000000000000000000000000000000328f5,207093,False
FIRE_USDG_40pct,18449010,2026-07-24T20:49:44+00:00,0xc0c8e439803389440a73b1eb253f0e6045e18b3563c3ee1939db1d52fe82d7a8,1,0,0xc6312da2663570a2aee12b27a0c6da4683339acd,0x58daec3116aae6d93017baaea7749052e8a04fa7,0x0e6ef141436d1b1948593ce40268b6ffc56870929e83922c15a4a5d64f5b4636,ZERO,-880000,880000,0,0,0x00000000000000000000000000000000000000000000000000000000000325bd,206269,True
FIRE_USDG_40pct,18460997,2026-07-24T21:09:45+00:00,0x9a38f7d7bc587ed9ada168c3f338011973cb4d75f299065ac2d091c450b63251,3,5,0x1aa511c41636dc4e1dafe5092157eb606da01d03,0x58daec3116aae6d93017baaea7749052e8a04fa7,0x0e6ef141436d1b1948593ce40268b6ffc56870929e83922c15a4a5d64f5b4636,ADD,-880000,880000,183541248887932,183541248887932,0x0000000000000000000000000000000000000000000000000000000000052b49,338761,False
FIRE_USDG_40pct,18464356,2026-07-24T21:15:22+00:00,0x217dfe76952db0bc6e0e7b02df1959552d804613423c3049aa1e81c14bb76fc7,1,1,0xd0010d99334e89b18f42c1517ad69675113878da,0x58daec3116aae6d93017baaea7749052e8a04fa7,0x0e6ef141436d1b1948593ce40268b6ffc56870929e83922c15a4a5d64f5b4636,ADD,-880000,880000,148561109618079,148561109618079,0x0000000000000000000000000000000000000000000000000000000000052b8f,338831,False
FIRE_USDG_40pct,18464618,2026-07-24T21:15:48+00:00,0x1f0c99fc922d08800d6627e2ac57f3bedb797a1ff3bea41514d32762c419e73a,3,1,0xd0010d99334e89b18f42c1517ad69675113878da,0x58daec3116aae6d93017baaea7749052e8a04fa7,0x0e6ef141436d1b1948593ce40268b6ffc56870929e83922c15a4a5d64f5b4636,ZERO,-880000,880000,0,0,0x00000000000000000000000000000000000000000000000000000000000506d4,329428,False
FIRE_USDG_50pct,18495776,2026-07-24T22:07:52+00:00,0xc3bf70ccde8200410af32602f8657beba81f787f90120632821ce8cd40a24e4a,2,1,0x2179ecfa0619c125ca0fd28599cede9c239fbf2b,0x58daec3116aae6d93017baaea7749052e8a04fa7,0xdfbdc88db73b4290a0f02daf53a95c5eb59ceceb7f080e08476d04ee776eee43,ZERO,-880000,880000,0,0,0x000000000000000000000000000000000000000000000000000000000004e531,320817,False
FIRE_USDG_50pct,18496003,2026-07-24T22:08:15+00:00,0x1af19b7a1433faa7b0b91ab55b47d68438bd2b0d0ae244d542cc0f608985a08b,7,506,0x2179ecfa0619c125ca0fd28599cede9c239fbf2b,0x58daec3116aae6d93017baaea7749052e8a04fa7,0xdfbdc88db73b4290a0f02daf53a95c5eb59ceceb7f080e08476d04ee776eee43,ADD,-880000,880000,739889122222903,739889122222903,0x000000000000000000000000000000000000000000000000000000000004e531,320817,False
FIRE_USDG_50pct,18569962,2026-07-25T00:11:50+00:00,0x92e2106af14eb2301317a93e1ff56b6451f091207db1b55f31480ed5231c220d,3,5,0xe49193acd219557a150e35ccc2a66f89c42482e6,0x58daec3116aae6d93017baaea7749052e8a04fa7,0xdfbdc88db73b4290a0f02daf53a95c5eb59ceceb7f080e08476d04ee776eee43,ZERO,-880000,880000,0,0,0x000000000000000000000000000000000000000000000000000000000002e0d1,188625,True
FIRE_USDG_40pct,18882899,2026-07-25T08:55:59+00:00,0xa227a71be86bc8b9c77075e8c561a925b1ed966205d28b5a98b4bf8417ce24e1,3,2,0xe49193acd219557a150e35ccc2a66f89c42482e6,0x58daec3116aae6d93017baaea7749052e8a04fa7,0x0e6ef141436d1b1948593ce40268b6ffc56870929e83922c15a4a5d64f5b4636,ADD,-880000,880000,662255472107349,662255472107349,0x0000000000000000000000000000000000000000000000000000000000054800,346112,False
FIRE_USDG_50pct,18987822,2026-07-25T11:51:46+00:00,0x684f4b9ae36f40ce64598cc63e44e990776c45f2440c45a9fae76d10ec08ecef,2,15,0x490f1d47c41ba36f103a8db40b3c4db532b41899,0x58daec3116aae6d93017baaea7749052e8a04fa7,0xdfbdc88db73b4290a0f02daf53a95c5eb59ceceb7f080e08476d04ee776eee43,ZERO,-880000,880000,0,0,0x0000000000000000000000000000000000000000000000000000000000052922,338210,False
FIRE_USDG_40pct,19054510,2026-07-25T13:43:17+00:00,0x1ca4ed81a1d530470d29ad070219e163bd7afbdf3723e7a05b795cad73a070db,6,4,0xd0010d99334e89b18f42c1517ad69675113878da,0x58daec3116aae6d93017baaea7749052e8a04fa7,0x0e6ef141436d1b1948593ce40268b6ffc56870929e83922c15a4a5d64f5b4636,REMOVE,-880000,880000,-201655148926717,201655148926717,0x00000000000000000000000000000000000000000000000000000000000506d4,329428,False
FIRE_USDG_50pct,19057068,2026-07-25T13:47:34+00:00,0x9fddf225e28bde1dcb70c50a653b85012b17854ca3d815050c6f6558803b7ad0,7,14,0x7777de7a669c6e76e059fae0e15a0ea041fd752c,0x58daec3116aae6d93017baaea7749052e8a04fa7,0xdfbdc88db73b4290a0f02daf53a95c5eb59ceceb7f080e08476d04ee776eee43,ZERO,-880000,880000,0,0,0x0000000000000000000000000000000000000000000000000000000000033bf9,211961,False
FIRE_USDG_40pct,19697387,2026-07-26T07:38:34+00:00,0xe8030bce4bb035df2aed75a9270fbebdefd8f28f4788c73d1bebdde9fb2c2320,6,2,0x490f1d47c41ba36f103a8db40b3c4db532b41899,0x58daec3116aae6d93017baaea7749052e8a04fa7,0x0e6ef141436d1b1948593ce40268b6ffc56870929e83922c15a4a5d64f5b4636,REMOVE,-880000,880000,-375822974833581,375822974833581,0x000000000000000000000000000000000000000000000000000000000004bc42,310338,False
FIRE_USDG_50pct,19698053,2026-07-26T07:39:41+00:00,0x683d9f5ee182c6ae363fd5ad5d9ca545c16a893fd5755c75dcc82f8efe8cf433,1,0,0x490f1d47c41ba36f103a8db40b3c4db532b41899,0x58daec3116aae6d93017baaea7749052e8a04fa7,0xdfbdc88db73b4290a0f02daf53a95c5eb59ceceb7f080e08476d04ee776eee43,REMOVE,-880000,880000,-361644444598791,361644444598791,0x0000000000000000000000000000000000000000000000000000000000052922,338210,False
FIRE_USDG_50pct,19990504,2026-07-26T15:48:44+00:00,0x2c01e6a532b263bbba24de7b0d5791396ef8d9e7e6ace45bded0c8fe8a0096f3,10,46,0x7777de7a669c6e76e059fae0e15a0ea041fd752c,0x58daec3116aae6d93017baaea7749052e8a04fa7,0xdfbdc88db73b4290a0f02daf53a95c5eb59ceceb7f080e08476d04ee776eee43,ZERO,-880000,880000,0,0,0x0000000000000000000000000000000000000000000000000000000000033bf9,211961,False
FIRE_USDG_40pct,20033033,2026-07-26T16:59:40+00:00,0xa5ab1d58d0015e4b4ca00f9511dcf719abf8ebf8532c35b9dbb3ec91d651b7c2,9,7,0xd0010d99334e89b18f42c1517ad69675113878da,0x58daec3116aae6d93017baaea7749052e8a04fa7,0x0e6ef141436d1b1948593ce40268b6ffc56870929e83922c15a4a5d64f5b4636,ZERO,-880000,880000,0,0,0x0000000000000000000000000000000000000000000000000000000000052b8f,338831,False
FIRE_USDG_40pct,20053303,2026-07-26T17:33:27+00:00,0x8735626ce77fb29e290fa6ac2e9a5c55becd53b014a7e82ea17726d77b70943b,1,0,0xd0010d99334e89b18f42c1517ad69675113878da,0x58daec3116aae6d93017baaea7749052e8a04fa7,0x0e6ef141436d1b1948593ce40268b6ffc56870929e83922c15a4a5d64f5b4636,REMOVE,-880000,880000,-148561109618079,148561109618079,0x0000000000000000000000000000000000000000000000000000000000052b8f,338831,False
FIRE_USDG_40pct,20162041,2026-07-26T20:34:59+00:00,0x7efe9a1d9b30f8578be9ed888ca08745f2c40d68a78023a209fee8d2facd996c,6,30,0x1983824aa3cf023dfd233115e801520b9d49a258,0x58daec3116aae6d93017baaea7749052e8a04fa7,0x0e6ef141436d1b1948593ce40268b6ffc56870929e83922c15a4a5d64f5b4636,ZERO,-880000,880000,0,0,0x000000000000000000000000000000000000000000000000000000000004cef7,315127,False
FIRE_USDG_50pct,20173156,2026-07-26T20:53:33+00:00,0xc3eba761bbf6ac6b0e4b1d74894ef835540a7424a94263c36a3a73103837bd40,4,50,0x1aa511c41636dc4e1dafe5092157eb606da01d03,0x58daec3116aae6d93017baaea7749052e8a04fa7,0xdfbdc88db73b4290a0f02daf53a95c5eb59ceceb7f080e08476d04ee776eee43,ZERO,-880000,880000,0,0,0x00000000000000000000000000000000000000000000000000000000000328f5,207093,False
FIRE_USDG_50pct,20174809,2026-07-26T20:56:19+00:00,0x84516d7c53e4149c127fd77822c29d97c2a01b860744f11dd4822f63c9fa00db,6,17,0x7777de7a669c6e76e059fae0e15a0ea041fd752c,0x58daec3116aae6d93017baaea7749052e8a04fa7,0xdfbdc88db73b4290a0f02daf53a95c5eb59ceceb7f080e08476d04ee776eee43,ZERO,-880000,880000,0,0,0x0000000000000000000000000000000000000000000000000000000000033bf9,211961,False
FIRE_USDG_50pct,20264692,2026-07-26T23:26:30+00:00,0x32871a5856a8849749a9750bd85f5769a0a047e9c5fba48b7e07447bf1d156cf,1,0,0x2179ecfa0619c125ca0fd28599cede9c239fbf2b,0x58daec3116aae6d93017baaea7749052e8a04fa7,0xdfbdc88db73b4290a0f02daf53a95c5eb59ceceb7f080e08476d04ee776eee43,ZERO,-880000,880000,0,0,0x000000000000000000000000000000000000000000000000000000000004e531,320817,False
FIRE_USDG_50pct,20312509,2026-07-27T00:46:28+00:00,0x2bb225ba30d9e47f559f7e6b97aede47f73edb35f6a4cff24f3c3e52449fdac9,2,6,0xe49193acd219557a150e35ccc2a66f89c42482e6,0x58daec3116aae6d93017baaea7749052e8a04fa7,0xdfbdc88db73b4290a0f02daf53a95c5eb59ceceb7f080e08476d04ee776eee43,ZERO,-880000,880000,0,0,0x000000000000000000000000000000000000000000000000000000000002e0d1,188625,True
FIRE_USDG_40pct,20313889,2026-07-27T00:48:45+00:00,0x56c1a377440dbd45996cbed256d0163418be0473a93e69ef7d9ce6c1d70d9e56,2,23,0xe49193acd219557a150e35ccc2a66f89c42482e6,0x58daec3116aae6d93017baaea7749052e8a04fa7,0x0e6ef141436d1b1948593ce40268b6ffc56870929e83922c15a4a5d64f5b4636,ZERO,-880000,880000,0,0,0x0000000000000000000000000000000000000000000000000000000000054800,346112,False
FIRE_USDG_50pct,20319644,2026-07-27T00:58:23+00:00,0x1a9401b88d41f5a5a347250d5823f0e39a3ca68cb372b65041202a06aa74bbba,5,13,0x490f1d47c41ba36f103a8db40b3c4db532b41899,0x58daec3116aae6d93017baaea7749052e8a04fa7,0xdfbdc88db73b4290a0f02daf53a95c5eb59ceceb7f080e08476d04ee776eee43,REMOVE,-880000,880000,-120548148199597,120548148199597,0x0000000000000000000000000000000000000000000000000000000000052922,338210,False
FIRE_USDG_40pct,20340943,2026-07-27T01:34:00+00:00,0xe11038d8d04fa417d487e4aa792e8fc11208662e1888bf359e10454e3b48d1d1,4,7,0x490f1d47c41ba36f103a8db40b3c4db532b41899,0x58daec3116aae6d93017baaea7749052e8a04fa7,0x0e6ef141436d1b1948593ce40268b6ffc56870929e83922c15a4a5d64f5b4636,ADD,-880000,880000,113979744364277,113979744364277,0x000000000000000000000000000000000000000000000000000000000004bc42,310338,False
FIRE_USDG_50pct,20360497,2026-07-27T02:06:43+00:00,0x8cde6d0a86b2105b34dfcc3719ecbf25846716521af54a4f10bc3a138f5b9526,3,18,0x2179ecfa0619c125ca0fd28599cede9c239fbf2b,0x58daec3116aae6d93017baaea7749052e8a04fa7,0xdfbdc88db73b4290a0f02daf53a95c5eb59ceceb7f080e08476d04ee776eee43,ZERO,-880000,880000,0,0,0x000000000000000000000000000000000000000000000000000000000004e531,320817,False
FIRE_USDG_50pct,20361030,2026-07-27T02:07:37+00:00,0x6f61ef3e04b34365ea33ee2b21c59ddc043eda4c8abe522e3eb29fbbc89b24f5,3,4,0x2179ecfa0619c125ca0fd28599cede9c239fbf2b,0x58daec3116aae6d93017baaea7749052e8a04fa7,0xdfbdc88db73b4290a0f02daf53a95c5eb59ceceb7f080e08476d04ee776eee43,ADD,-880000,880000,1339085176747222,1339085176747222,0x000000000000000000000000000000000000000000000000000000000004e531,320817,False
FIRE_USDG_40pct,20361451,2026-07-27T02:08:19+00:00,0xaca1213923dafab1f0c8f8083f49fcaeceb993bc7d0076806dd3f90194830921,1,0,0x1983824aa3cf023dfd233115e801520b9d49a258,0x58daec3116aae6d93017baaea7749052e8a04fa7,0x0e6ef141436d1b1948593ce40268b6ffc56870929e83922c15a4a5d64f5b4636,ZERO,-880000,880000,0,0,0x000000000000000000000000000000000000000000000000000000000004cef7,315127,False
FIRE_USDG_40pct,20361760,2026-07-27T02:08:50+00:00,0x58729440a8292169cf56c1a6e08c75f16902e93d0b9cb994784b92e4ae3f42e9,5,6,0x1983824aa3cf023dfd233115e801520b9d49a258,0x58daec3116aae6d93017baaea7749052e8a04fa7,0x0e6ef141436d1b1948593ce40268b6ffc56870929e83922c15a4a5d64f5b4636,ADD,-880000,880000,198289300111302,198289300111302,0x000000000000000000000000000000000000000000000000000000000004cef7,315127,False
FIRE_USDG_50pct,20363392,2026-07-27T02:11:34+00:00,0x1c783f3f1a122acde2b0c4b88f5823a6f6cf291c9580ae7e782a18790ce2cf4d,2,4,0x271070932c8111fb474a3ef55b9a758fd6b115cc,0x58daec3116aae6d93017baaea7749052e8a04fa7,0xdfbdc88db73b4290a0f02daf53a95c5eb59ceceb7f080e08476d04ee776eee43,ZERO,-880000,880000,0,0,0x00000000000000000000000000000000000000000000000000000000000312d2,201426,False
FIRE_USDG_50pct,20363938,2026-07-27T02:12:28+00:00,0xfa9b234f1696404d7faa988d47929ee0ebb3e427cf77a6cc293b7c83ca1f9d68,3,7,0x271070932c8111fb474a3ef55b9a758fd6b115cc,0x58daec3116aae6d93017baaea7749052e8a04fa7,0xdfbdc88db73b4290a0f02daf53a95c5eb59ceceb7f080e08476d04ee776eee43,ADD,-880000,880000,388250593043839,388250593043839,0x00000000000000000000000000000000000000000000000000000000000312d2,201426,False
FIRE_USDG_40pct,20374164,2026-07-27T02:29:35+00:00,0xd8faeba56b03ac05fb7d42be5b6d495c0a2e2478dc5b57a10cf227edc4c16684,2,4,0x490f1d47c41ba36f103a8db40b3c4db532b41899,0x58daec3116aae6d93017baaea7749052e8a04fa7,0x0e6ef141436d1b1948593ce40268b6ffc56870929e83922c15a4a5d64f5b4636,ZERO,-880000,880000,0,0,0x000000000000000000000000000000000000000000000000000000000004bc42,310338,False
FIRE_USDG_40pct,20374468,2026-07-27T02:30:05+00:00,0x8c10c0ac37ee1c8393cca1aabdf16770bdb561e5e25c8231b2d02da8ae72571d,3,11,0x490f1d47c41ba36f103a8db40b3c4db532b41899,0x58daec3116aae6d93017baaea7749052e8a04fa7,0x0e6ef141436d1b1948593ce40268b6ffc56870929e83922c15a4a5d64f5b4636,ADD,-880000,880000,124058576975269,124058576975269,0x000000000000000000000000000000000000000000000000000000000004bc42,310338,False
FIRE_USDG_50pct,20384836,2026-07-27T02:47:26+00:00,0x03b2fc2ac86c4a67e0ab8cb35176b73447c63664b6640dcc69e12a0864267aee,2,4,0x7777de7a669c6e76e059fae0e15a0ea041fd752c,0x58daec3116aae6d93017baaea7749052e8a04fa7,0xdfbdc88db73b4290a0f02daf53a95c5eb59ceceb7f080e08476d04ee776eee43,ZERO,-880000,880000,0,0,0x0000000000000000000000000000000000000000000000000000000000033bf9,211961,False
FIRE_USDG_50pct,20385771,2026-07-27T02:49:00+00:00,0x1d0e2b304104d3518a8f0f67c2eb3e2f874c66b29efc3b29181c5083fe351971,1,0,0x7777de7a669c6e76e059fae0e15a0ea041fd752c,0x58daec3116aae6d93017baaea7749052e8a04fa7,0xdfbdc88db73b4290a0f02daf53a95c5eb59ceceb7f080e08476d04ee776eee43,ADD,-880000,880000,1148585636330324,1148585636330324,0x0000000000000000000000000000000000000000000000000000000000033bf9,211961,False
FIRE_USDG_40pct,20386239,2026-07-27T02:49:47+00:00,0x729384ff8ae5a551ded020ebfd1c04ffd6a30902bca0d794a48e361dee98a19e,5,11,0x1983824aa3cf023dfd233115e801520b9d49a258,0x58daec3116aae6d93017baaea7749052e8a04fa7,0x0e6ef141436d1b1948593ce40268b6ffc56870929e83922c15a4a5d64f5b4636,ZERO,-880000,880000,0,0,0x000000000000000000000000000000000000000000000000000000000004cef7,315127,False
FIRE_USDG_40pct,20386406,2026-07-27T02:50:04+00:00,0x833b5b129bc659a675f9fd3111048ade586da823461ff929c04e56956e6673b5,2,0,0x1983824aa3cf023dfd233115e801520b9d49a258,0x58daec3116aae6d93017baaea7749052e8a04fa7,0x0e6ef141436d1b1948593ce40268b6ffc56870929e83922c15a4a5d64f5b4636,ADD,-880000,880000,58937725883425,58937725883425,0x000000000000000000000000000000000000000000000000000000000004cef7,315127,False
FIRE_USDG_40pct,20390883,2026-07-27T02:57:32+00:00,0x577fbb8c159fa7070f73bf50dcbd705b103e5bdc380a8bb0dad4e862ddb7469f,2,1,0x490f1d47c41ba36f103a8db40b3c4db532b41899,0x58daec3116aae6d93017baaea7749052e8a04fa7,0x0e6ef141436d1b1948593ce40268b6ffc56870929e83922c15a4a5d64f5b4636,ZERO,-880000,880000,0,0,0x000000000000000000000000000000000000000000000000000000000004bc42,310338,False
FIRE_USDG_50pct,20392201,2026-07-27T02:59:45+00:00,0x55525489698fea964178b285edfcc41e8f3fa8a8604dd6334071ab5403cbe5e2,2,6,0x2179ecfa0619c125ca0fd28599cede9c239fbf2b,0x58daec3116aae6d93017baaea7749052e8a04fa7,0xdfbdc88db73b4290a0f02daf53a95c5eb59ceceb7f080e08476d04ee776eee43,ZERO,-880000,880000,0,0,0x000000000000000000000000000000000000000000000000000000000004e531,320817,False
FIRE_USDG_50pct,20400440,2026-07-27T03:13:33+00:00,0xdc061bb886e9abe4c5634d9697c75d1cecf20fed13db56d475781e07a3a15d59,4,7,0x490f1d47c41ba36f103a8db40b3c4db532b41899,0x58daec3116aae6d93017baaea7749052e8a04fa7,0xdfbdc88db73b4290a0f02daf53a95c5eb59ceceb7f080e08476d04ee776eee43,ADD,-880000,880000,265753791310795,265753791310795,0x000000000000000000000000000000000000000000000000000000000005a1a9,369065,False
FIRE_USDG_40pct,20410823,2026-07-27T03:30:55+00:00,0x0ee52d8a91a2eb17d196e1e776c03345bec08ddae51c44d1dfaf216cbd53b0b4,5,9,0x490f1d47c41ba36f103a8db40b3c4db532b41899,0x58daec3116aae6d93017baaea7749052e8a04fa7,0x0e6ef141436d1b1948593ce40268b6ffc56870929e83922c15a4a5d64f5b4636,ADD,-880000,880000,212596675493404,212596675493404,0x000000000000000000000000000000000000000000000000000000000004bc42,310338,False
FIRE_USDG_50pct,20414172,2026-07-27T03:36:31+00:00,0x9f7e6b5ec9337f1defd560bad4b489585a712e926edbedfcba963541871167c7,2,5,0x490f1d47c41ba36f103a8db40b3c4db532b41899,0x58daec3116aae6d93017baaea7749052e8a04fa7,0xdfbdc88db73b4290a0f02daf53a95c5eb59ceceb7f080e08476d04ee776eee43,ADD,-880000,880000,106732459864899,106732459864899,0x000000000000000000000000000000000000000000000000000000000005a1a9,369065,False
FIRE_USDG_40pct,20530322,2026-07-27T06:50:54+00:00,0x92056c3c52e43c5e77dcefe2052fc40e1ea2a66a15859bf30919dde192492f5f,1,0,0xc6312da2663570a2aee12b27a0c6da4683339acd,0x58daec3116aae6d93017baaea7749052e8a04fa7,0x0e6ef141436d1b1948593ce40268b6ffc56870929e83922c15a4a5d64f5b4636,ZERO,-880000,880000,0,0,0x00000000000000000000000000000000000000000000000000000000000325bd,206269,True
FIRE_USDG_40pct,20627607,2026-07-27T09:33:43+00:00,0x9d03abb55c71ea91ac41f25351369b12edcecf72753a6b87c5b29eb32216f5cb,3,13,0xa1e4bca023d741bd8d8609875ceef2abd8d755a3,0x58daec3116aae6d93017baaea7749052e8a04fa7,0x0e6ef141436d1b1948593ce40268b6ffc56870929e83922c15a4a5d64f5b4636,ADD,-880000,880000,258410118604297,258410118604297,0x000000000000000000000000000000000000000000000000000000000005ab9b,371611,False
FIRE_USDG_40pct,20699089,2026-07-27T11:33:19+00:00,0x6eb7c2bb4dc20ecd597bb14d208914f94ab5184adb55767ed2fc642cc40ca21d,1,0,0x1983824aa3cf023dfd233115e801520b9d49a258,0x58daec3116aae6d93017baaea7749052e8a04fa7,0x0e6ef141436d1b1948593ce40268b6ffc56870929e83922c15a4a5d64f5b4636,REMOVE,-880000,880000,-1081874145157559,1081874145157559,0x000000000000000000000000000000000000000000000000000000000004cef7,315127,False
FIRE_USDG_40pct,20743785,2026-07-27T12:48:04+00:00,0xf1a0ae99692c7619b65c487b2487ade95ec2e3737bd148e9d6410c0df6abe9d0,7,18,0x1aa511c41636dc4e1dafe5092157eb606da01d03,0x58daec3116aae6d93017baaea7749052e8a04fa7,0x0e6ef141436d1b1948593ce40268b6ffc56870929e83922c15a4a5d64f5b4636,ZERO,-880000,880000,0,0,0x0000000000000000000000000000000000000000000000000000000000052b49,338761,False
FIRE_USDG_40pct,20743928,2026-07-27T12:48:18+00:00,0xdf73f34fa3b40855fd795a025a3cab496fb6713bf8af50970259221787dad309,2,1,0x1aa511c41636dc4e1dafe5092157eb606da01d03,0x58daec3116aae6d93017baaea7749052e8a04fa7,0x0e6ef141436d1b1948593ce40268b6ffc56870929e83922c15a4a5d64f5b4636,ADD,-880000,880000,118412282552466,118412282552466,0x0000000000000000000000000000000000000000000000000000000000052b49,338761,False
FIRE_USDG_50pct,20744746,2026-07-27T12:49:41+00:00,0x055a01d5f1c03b136f826604c977271fd16ce34f693bd6f7e50cc342dc8dc076,4,5,0x1aa511c41636dc4e1dafe5092157eb606da01d03,0x58daec3116aae6d93017baaea7749052e8a04fa7,0xdfbdc88db73b4290a0f02daf53a95c5eb59ceceb7f080e08476d04ee776eee43,ZERO,-880000,880000,0,0,0x00000000000000000000000000000000000000000000000000000000000328f5,207093,False
FIRE_USDG_40pct,20744809,2026-07-27T12:49:47+00:00,0x65871beb871a322c3cac89b96137038a0ca88b94bacd25e0b122c2a47b8ac6bb,4,1,0xe49193acd219557a150e35ccc2a66f89c42482e6,0x58daec3116aae6d93017baaea7749052e8a04fa7,0x0e6ef141436d1b1948593ce40268b6ffc56870929e83922c15a4a5d64f5b4636,ZERO,-880000,880000,0,0,0x0000000000000000000000000000000000000000000000000000000000054800,346112,False
FIRE_USDG_50pct,20744903,2026-07-27T12:49:56+00:00,0xe13c71ec1d3f91ff9415ecae1328e28c663c60d2b63fcbd68b3b559e52ef0bec,5,48,0x1aa511c41636dc4e1dafe5092157eb606da01d03,0x58daec3116aae6d93017baaea7749052e8a04fa7,0xdfbdc88db73b4290a0f02daf53a95c5eb59ceceb7f080e08476d04ee776eee43,ADD,-880000,880000,699539022449049,699539022449049,0x00000000000000000000000000000000000000000000000000000000000328f5,207093,False
FIRE_USDG_50pct,20746143,2026-07-27T12:52:00+00:00,0x751872f5dd80ece210afc8428ae30348984fda08617597d0605fca600f46bc03,5,6,0xe49193acd219557a150e35ccc2a66f89c42482e6,0x58daec3116aae6d93017baaea7749052e8a04fa7,0xdfbdc88db73b4290a0f02daf53a95c5eb59ceceb7f080e08476d04ee776eee43,ZERO,-880000,880000,0,0,0x000000000000000000000000000000000000000000000000000000000002e0d1,188625,True
FIRE_USDG_50pct,20833886,2026-07-27T15:18:30+00:00,0xd2535a2507fe8e56e06551901bf7ba63cdcd301988c8c271d0fb32aab0e2ce5c,13,66,0x271070932c8111fb474a3ef55b9a758fd6b115cc,0x58daec3116aae6d93017baaea7749052e8a04fa7,0xdfbdc88db73b4290a0f02daf53a95c5eb59ceceb7f080e08476d04ee776eee43,ZERO,-880000,880000,0,0,0x00000000000000000000000000000000000000000000000000000000000312d2,201426,False
FIRE_USDG_50pct,20834125,2026-07-27T15:18:54+00:00,0xa420fba62b21305e7a2c4d3945dcfae142eb9419134a18024d369de8f5a94d8b,2,0,0x271070932c8111fb474a3ef55b9a758fd6b115cc,0x58daec3116aae6d93017baaea7749052e8a04fa7,0xdfbdc88db73b4290a0f02daf53a95c5eb59ceceb7f080e08476d04ee776eee43,REMOVE,-880000,880000,-844093441760162,844093441760162,0x00000000000000000000000000000000000000000000000000000000000312d2,201426,False
FIRE_USDG_50pct,20859296,2026-07-27T16:00:52+00:00,0xee06f787a446f6c4db4403ce5fc17f8b5e38637b2019981cf9929db9284e527c,6,24,0x7777de7a669c6e76e059fae0e15a0ea041fd752c,0x58daec3116aae6d93017baaea7749052e8a04fa7,0xdfbdc88db73b4290a0f02daf53a95c5eb59ceceb7f080e08476d04ee776eee43,ZERO,-880000,880000,0,0,0x0000000000000000000000000000000000000000000000000000000000033bf9,211961,False
FIRE_USDG_40pct,21023575,2026-07-27T20:37:34+00:00,0x0a473eb4f8648079e0c5cde5a828e7f6e1760fd3d8453802c2b6c00aa0063cd3,8,2,0xa1e4bca023d741bd8d8609875ceef2abd8d755a3,0x58daec3116aae6d93017baaea7749052e8a04fa7,0x0e6ef141436d1b1948593ce40268b6ffc56870929e83922c15a4a5d64f5b4636,ZERO,-880000,880000,0,0,0x000000000000000000000000000000000000000000000000000000000005ab9b,371611,False
FIRE_USDG_40pct,21088413,2026-07-27T22:25:55+00:00,0xb7fe99424a8c1e54029ac613de73e03fd6a0ee942a88326cdc71f4a2d9999784,9,31,0x9dfdbeb37f2fd8744db65f6752c66beba351bdee,0x58daec3116aae6d93017baaea7749052e8a04fa7,0x0e6ef141436d1b1948593ce40268b6ffc56870929e83922c15a4a5d64f5b4636,ADD,-880000,880000,43737802735105,43737802735105,0x000000000000000000000000000000000000000000000000000000000005c7df,378847,False
FIRE_USDG_50pct,21093233,2026-07-27T22:33:58+00:00,0x494bc61fef58b7f8d426ff9098352f379936d56e245730ea1cc63b22f5ce2c91,5,21,0x2179ecfa0619c125ca0fd28599cede9c239fbf2b,0x58daec3116aae6d93017baaea7749052e8a04fa7,0xdfbdc88db73b4290a0f02daf53a95c5eb59ceceb7f080e08476d04ee776eee43,ZERO,-880000,880000,0,0,0x000000000000000000000000000000000000000000000000000000000004e531,320817,False
FIRE_USDG_50pct,21093347,2026-07-27T22:34:10+00:00,0xe297b9577652dc4912b8c065c4ffd6e1e18a32e8c20dd39f3c5e5586b72f750e,5,9,0x2179ecfa0619c125ca0fd28599cede9c239fbf2b,0x58daec3116aae6d93017baaea7749052e8a04fa7,0xdfbdc88db73b4290a0f02daf53a95c5eb59ceceb7f080e08476d04ee776eee43,ADD,-880000,880000,180840668348752,180840668348752,0x000000000000000000000000000000000000000000000000000000000004e531,320817,False
FIRE_USDG_40pct,21150283,2026-07-28T00:09:20+00:00,0x7b40066d786b0266672813306a41f6395399e93b34d282e4c72e5e2474772195,5,1,0xe49193acd219557a150e35ccc2a66f89c42482e6,0x58daec3116aae6d93017baaea7749052e8a04fa7,0x0e6ef141436d1b1948593ce40268b6ffc56870929e83922c15a4a5d64f5b4636,ZERO,-880000,880000,0,0,0x0000000000000000000000000000000000000000000000000000000000054800,346112,False
FIRE_USDG_50pct,21151304,2026-07-28T00:11:02+00:00,0x326b0cdb72cd44425b41e4315a3f7508a14bf00f965ef29bc7b37a9682f82d49,4,11,0xe49193acd219557a150e35ccc2a66f89c42482e6,0x58daec3116aae6d93017baaea7749052e8a04fa7,0xdfbdc88db73b4290a0f02daf53a95c5eb59ceceb7f080e08476d04ee776eee43,ZERO,-880000,880000,0,0,0x000000000000000000000000000000000000000000000000000000000002e0d1,188625,True
FIRE_USDG_50pct,21154561,2026-07-28T00:16:29+00:00,0xe3a5c061b17ae3860258ea4e709c6a0550f027a1fc92903f2fbffce6a3260d95,1,0,0xe49193acd219557a150e35ccc2a66f89c42482e6,0x58daec3116aae6d93017baaea7749052e8a04fa7,0xdfbdc88db73b4290a0f02daf53a95c5eb59ceceb7f080e08476d04ee776eee43,ADD,-880000,880000,684778163021405,684778163021405,0x000000000000000000000000000000000000000000000000000000000002e0d1,188625,True
FIRE_USDG_50pct,21158318,2026-07-28T00:22:46+00:00,0xc56723ca0a2007f69e558ee6ed7b196aa6f6a6d08dd8935d85bc3c8ea86e0d1e,7,17,0x7777de7a669c6e76e059fae0e15a0ea041fd752c,0x58daec3116aae6d93017baaea7749052e8a04fa7,0xdfbdc88db73b4290a0f02daf53a95c5eb59ceceb7f080e08476d04ee776eee43,REMOVE,-880000,880000,-2124966960165797,2124966960165797,0x0000000000000000000000000000000000000000000000000000000000033bf9,211961,False
FIRE_USDG_40pct,21159170,2026-07-28T00:24:11+00:00,0x31cffe8ca73da8ce8e345e823e8ec61c118c4be18fa4cdcec5ad7652e82bdd59,6,23,0x7777de7a669c6e76e059fae0e15a0ea041fd752c,0x58daec3116aae6d93017baaea7749052e8a04fa7,0x0e6ef141436d1b1948593ce40268b6ffc56870929e83922c15a4a5d64f5b4636,ADD,-880000,880000,1854768030234104,1854768030234104,0x000000000000000000000000000000000000000000000000000000000005cb6d,379757,False
FIRE_USDG_50pct,21251897,2026-07-28T02:59:09+00:00,0x9faa94431845c8e6aa66a8932da52d71dcf792a8fe03dce34a4958a6a96d1cec,1,0,0x490f1d47c41ba36f103a8db40b3c4db532b41899,0x58daec3116aae6d93017baaea7749052e8a04fa7,0xdfbdc88db73b4290a0f02daf53a95c5eb59ceceb7f080e08476d04ee776eee43,REMOVE,-880000,880000,-186243125587847,186243125587847,0x000000000000000000000000000000000000000000000000000000000005a1a9,369065,False
FIRE_USDG_50pct,21778655,2026-07-28T17:40:22+00:00,0x36aafe4a3068683eb06eb003850782119b9854c9a04b9fa795b0f7c6c1010322,67,208,0x1aa511c41636dc4e1dafe5092157eb606da01d03,0x58daec3116aae6d93017baaea7749052e8a04fa7,0xdfbdc88db73b4290a0f02daf53a95c5eb59ceceb7f080e08476d04ee776eee43,ZERO,-880000,880000,0,0,0x00000000000000000000000000000000000000000000000000000000000328f5,207093,False
FIRE_USDG_50pct,21880453,2026-07-28T20:30:35+00:00,0x8ce9a4e8db0fbeaea91823e7ba35ab580519d51953727ac57eb1a7d611565002,1,0,0xe49193acd219557a150e35ccc2a66f89c42482e6,0x58daec3116aae6d93017baaea7749052e8a04fa7,0xdfbdc88db73b4290a0f02daf53a95c5eb59ceceb7f080e08476d04ee776eee43,ZERO,-880000,880000,0,0,0x000000000000000000000000000000000000000000000000000000000002e0d1,188625,True
FIRE_USDG_40pct,21895244,2026-07-28T20:55:18+00:00,0x79d3a671239361b08e28950520e77ff8b440b95da4d771c5648be3896079d0c8,2,4,0xa1e4bca023d741bd8d8609875ceef2abd8d755a3,0x58daec3116aae6d93017baaea7749052e8a04fa7,0x0e6ef141436d1b1948593ce40268b6ffc56870929e83922c15a4a5d64f5b4636,ZERO,-880000,880000,0,0,0x000000000000000000000000000000000000000000000000000000000005ab9b,371611,False
FIRE_USDG_50pct,21938250,2026-07-28T22:07:05+00:00,0x704dba3ba27bae334b6f9d44d652247b1a4eaa632e25a1bc24824318ee49fc30,43,21,0xe49193acd219557a150e35ccc2a66f89c42482e6,0x58daec3116aae6d93017baaea7749052e8a04fa7,0xdfbdc88db73b4290a0f02daf53a95c5eb59ceceb7f080e08476d04ee776eee43,ZERO,-880000,880000,0,0,0x000000000000000000000000000000000000000000000000000000000002e0d1,188625,True
FIRE_USDG_50pct,21955294,2026-07-28T22:35:30+00:00,0x9020aeb8c7430c7ed6188006d92e1b9ad95ce0c63f2ec5a5bbc693de90c70c11,4,10,0x1aa511c41636dc4e1dafe5092157eb606da01d03,0x58daec3116aae6d93017baaea7749052e8a04fa7,0xdfbdc88db73b4290a0f02daf53a95c5eb59ceceb7f080e08476d04ee776eee43,ZERO,-880000,880000,0,0,0x00000000000000000000000000000000000000000000000000000000000328f5,207093,False
FIRE_USDG_40pct,21957059,2026-07-28T22:38:27+00:00,0xfc978ca28202e0d75330d9216e8c5f666c4cc5d86f178774e51c1c9996550c26,1,1,0x1aa511c41636dc4e1dafe5092157eb606da01d03,0x58daec3116aae6d93017baaea7749052e8a04fa7,0x0e6ef141436d1b1948593ce40268b6ffc56870929e83922c15a4a5d64f5b4636,ADD,-880000,880000,343992055113259,343992055113259,0x000000000000000000000000000000000000000000000000000000000005f17f,389503,False
FIRE_USDG_40pct,21964629,2026-07-28T22:51:05+00:00,0x956f126752ada37f5aa65ff6c60db2eaab72009dcd51782b1a96d5398e616097,32,12,0xe49193acd219557a150e35ccc2a66f89c42482e6,0x58daec3116aae6d93017baaea7749052e8a04fa7,0x0e6ef141436d1b1948593ce40268b6ffc56870929e83922c15a4a5d64f5b4636,ZERO,-880000,880000,0,0,0x0000000000000000000000000000000000000000000000000000000000054800,346112,False
FIRE_USDG_50pct,22085042,2026-07-29T02:11:49+00:00,0x0350264923c82c9a5aa281de0a1e60a7c634598216ad59dd240f311e007fb6b0,4,15,0x7777de7a669c6e76e059fae0e15a0ea041fd752c,0x58daec3116aae6d93017baaea7749052e8a04fa7,0xdfbdc88db73b4290a0f02daf53a95c5eb59ceceb7f080e08476d04ee776eee43,ZERO,-880000,880000,0,0,0x0000000000000000000000000000000000000000000000000000000000033bf9,211961,False
FIRE_USDG_50pct,22085165,2026-07-29T02:12:02+00:00,0x791456bbc745bef175c3a16b2d5b971962ddba1cc9137990b38621773f93e499,2,11,0x7777de7a669c6e76e059fae0e15a0ea041fd752c,0x58daec3116aae6d93017baaea7749052e8a04fa7,0xdfbdc88db73b4290a0f02daf53a95c5eb59ceceb7f080e08476d04ee776eee43,ADD,-880000,880000,370246490451899,370246490451899,0x0000000000000000000000000000000000000000000000000000000000033bf9,211961,False
FIRE_USDG_50pct,22256052,2026-07-29T06:57:54+00:00,0x464fcc71911ccb997d0022cbb140561a9ad15188cee6d0f85abcfb3a710abd48,4,40,0x2179ecfa0619c125ca0fd28599cede9c239fbf2b,0x58daec3116aae6d93017baaea7749052e8a04fa7,0xdfbdc88db73b4290a0f02daf53a95c5eb59ceceb7f080e08476d04ee776eee43,ZERO,-880000,880000,0,0,0x000000000000000000000000000000000000000000000000000000000004e531,320817,False
FIRE_USDG_40pct,22257564,2026-07-29T07:00:25+00:00,0xf8d51ff40ad5744d6740dc74144b860e8169b1f566845d1657bb6bb87c3d8f09,3,907,0xa1e4bca023d741bd8d8609875ceef2abd8d755a3,0x58daec3116aae6d93017baaea7749052e8a04fa7,0x0e6ef141436d1b1948593ce40268b6ffc56870929e83922c15a4a5d64f5b4636,ZERO,-880000,880000,0,0,0x000000000000000000000000000000000000000000000000000000000005ab9b,371611,False
FIRE_USDG_50pct,22291923,2026-07-29T07:57:56+00:00,0x34948c5cfcc1f8014a1e1dc906ad78a3b709120c410d81b72d98c575196e4d3a,1,0,0x490f1d47c41ba36f103a8db40b3c4db532b41899,0x58daec3116aae6d93017baaea7749052e8a04fa7,0xdfbdc88db73b4290a0f02daf53a95c5eb59ceceb7f080e08476d04ee776eee43,REMOVE,-880000,880000,-167618813029062,167618813029062,0x000000000000000000000000000000000000000000000000000000000005a1a9,369065,False
FIRE_USDG_40pct,22295011,2026-07-29T08:03:07+00:00,0x76d232e5f4295eabfcc9a332f4cc00bb58f833efdf9ad914df62561487ca9bac,6,22,0x490f1d47c41ba36f103a8db40b3c4db532b41899,0x58daec3116aae6d93017baaea7749052e8a04fa7,0x0e6ef141436d1b1948593ce40268b6ffc56870929e83922c15a4a5d64f5b4636,ZERO,-880000,880000,0,0,0x000000000000000000000000000000000000000000000000000000000004bc42,310338,False
FIRE_USDG_50pct,22337222,2026-07-29T09:13:46+00:00,0xded6733f9107dacb00faf9b63c2f6fe1080974154e59d9fdae6589b2888b05a9,3,5,0x1aa511c41636dc4e1dafe5092157eb606da01d03,0x58daec3116aae6d93017baaea7749052e8a04fa7,0xdfbdc88db73b4290a0f02daf53a95c5eb59ceceb7f080e08476d04ee776eee43,ZERO,-880000,880000,0,0,0x00000000000000000000000000000000000000000000000000000000000328f5,207093,False
FIRE_USDG_50pct,22337345,2026-07-29T09:13:59+00:00,0x3c3d039a1594be35a4cc3644159aaeaccf6a847329348b72ab082fc9cad4ce2b,1,0,0x1aa511c41636dc4e1dafe5092157eb606da01d03,0x58daec3116aae6d93017baaea7749052e8a04fa7,0xdfbdc88db73b4290a0f02daf53a95c5eb59ceceb7f080e08476d04ee776eee43,ADD,-880000,880000,227499236177216,227499236177216,0x00000000000000000000000000000000000000000000000000000000000328f5,207093,False
FIRE_USDG_40pct,22646736,2026-07-29T17:51:04+00:00,0x5f9523e385eb45b4da6f136e37c8467d7dac51b0352f723e9c831ecfaead11a9,5,15,0x7777de7a669c6e76e059fae0e15a0ea041fd752c,0x58daec3116aae6d93017baaea7749052e8a04fa7,0x0e6ef141436d1b1948593ce40268b6ffc56870929e83922c15a4a5d64f5b4636,ZERO,-880000,880000,0,0,0x000000000000000000000000000000000000000000000000000000000005cb6d,379757,False
FIRE_USDG_50pct,22648882,2026-07-29T17:54:38+00:00,0x389c437f0fd83cccf7835af0ee3e6ad82c323671c1534f016266dc974a691930,7,9,0x7777de7a669c6e76e059fae0e15a0ea041fd752c,0x58daec3116aae6d93017baaea7749052e8a04fa7,0xdfbdc88db73b4290a0f02daf53a95c5eb59ceceb7f080e08476d04ee776eee43,ZERO,-880000,880000,0,0,0x0000000000000000000000000000000000000000000000000000000000033bf9,211961,False
FIRE_USDG_40pct,22770285,2026-07-29T21:17:16+00:00,0xea8ae9ad1ff3d7eff9c45aa3c01ba23aa88b3412867dc7826c477e64337322eb,3,8,0xe49193acd219557a150e35ccc2a66f89c42482e6,0x58daec3116aae6d93017baaea7749052e8a04fa7,0x0e6ef141436d1b1948593ce40268b6ffc56870929e83922c15a4a5d64f5b4636,ZERO,-880000,880000,0,0,0x0000000000000000000000000000000000000000000000000000000000054800,346112,False
FIRE_USDG_40pct,22799859,2026-07-29T22:06:34+00:00,0x01d9a0c3b1bd71f6685b140520a8fbb95622914c818edd40140bd3d481a24e58,11,11,0x490f1d47c41ba36f103a8db40b3c4db532b41899,0x58daec3116aae6d93017baaea7749052e8a04fa7,0x0e6ef141436d1b1948593ce40268b6ffc56870929e83922c15a4a5d64f5b4636,REMOVE,-880000,880000,-287954660888738,287954660888738,0x000000000000000000000000000000000000000000000000000000000004bc42,310338,False
FIRE_USDG_50pct,22840101,2026-07-29T23:13:43+00:00,0x96b178c4794af3dc7403339dd56cbb30a20c21dd9827fad3585dfce0b51a3811,4,9,0xe49193acd219557a150e35ccc2a66f89c42482e6,0x58daec3116aae6d93017baaea7749052e8a04fa7,0xdfbdc88db73b4290a0f02daf53a95c5eb59ceceb7f080e08476d04ee776eee43,ZERO,-880000,880000,0,0,0x000000000000000000000000000000000000000000000000000000000002e0d1,188625,True
FIRE_USDG_40pct,22911014,2026-07-30T01:12:12+00:00,0xc258b4d938b038d46922146494c006ee7fda597a46ad2b64527c97dfb2d0ce79,3,1,0x7777de7a669c6e76e059fae0e15a0ea041fd752c,0x58daec3116aae6d93017baaea7749052e8a04fa7,0x0e6ef141436d1b1948593ce40268b6ffc56870929e83922c15a4a5d64f5b4636,ZERO,-880000,880000,0,0,0x000000000000000000000000000000000000000000000000000000000005cb6d,379757,False
FIRE_USDG_50pct,22912387,2026-07-30T01:14:29+00:00,0x717b9a7537dd616de8506348e3031de5ac15825558ae80a195ea3258b74c1549,3,7,0x7777de7a669c6e76e059fae0e15a0ea041fd752c,0x58daec3116aae6d93017baaea7749052e8a04fa7,0xdfbdc88db73b4290a0f02daf53a95c5eb59ceceb7f080e08476d04ee776eee43,ZERO,-880000,880000,0,0,0x0000000000000000000000000000000000000000000000000000000000033bf9,211961,False
FIRE_USDG_40pct,23187405,2026-07-30T08:54:32+00:00,0x6f54804c8d3d9c28df55247ac0c3ecf526596c0008b9018b6173566fbead28ce,3,3,0xa1e4bca023d741bd8d8609875ceef2abd8d755a3,0x58daec3116aae6d93017baaea7749052e8a04fa7,0x0e6ef141436d1b1948593ce40268b6ffc56870929e83922c15a4a5d64f5b4636,ZERO,-880000,880000,0,0,0x000000000000000000000000000000000000000000000000000000000005ab9b,371611,False
FIRE_USDG_50pct,23420789,2026-07-30T15:24:36+00:00,0xd1088de3fc71076da8dab1703b717b374856cce4b10d55ecd65c6f5a92e3a95b,3,5,0x1aa511c41636dc4e1dafe5092157eb606da01d03,0x58daec3116aae6d93017baaea7749052e8a04fa7,0xdfbdc88db73b4290a0f02daf53a95c5eb59ceceb7f080e08476d04ee776eee43,ZERO,-880000,880000,0,0,0x00000000000000000000000000000000000000000000000000000000000328f5,207093,False
FIRE_USDG_50pct,23426606,2026-07-30T15:34:19+00:00,0x34014b0b21afcf3112cb5cfaaa4de0dbdaf69f157a41000f2b5e54848fb97ef8,4,13,0xe49193acd219557a150e35ccc2a66f89c42482e6,0x58daec3116aae6d93017baaea7749052e8a04fa7,0xdfbdc88db73b4290a0f02daf53a95c5eb59ceceb7f080e08476d04ee776eee43,REMOVE,-880000,880000,-2272245854048010,2272245854048010,0x000000000000000000000000000000000000000000000000000000000002e0d1,188625,True
FIRE_USDG_40pct,23429847,2026-07-30T15:39:43+00:00,0xb91bc98a585090ee39d1c4dbc00820e40f2ec0c791283a2a54d51e0a69bcfffa,38,8,0xe49193acd219557a150e35ccc2a66f89c42482e6,0x58daec3116aae6d93017baaea7749052e8a04fa7,0x0e6ef141436d1b1948593ce40268b6ffc56870929e83922c15a4a5d64f5b4636,REMOVE,-880000,880000,-662255472107349,662255472107349,0x0000000000000000000000000000000000000000000000000000000000054800,346112,False
FIRE_USDG_40pct,23454954,2026-07-30T16:21:42+00:00,0x8f89573c81ef247269bb1f9d2c2960c0c326d560ebee193d3cf82a9fcdc6cd9f,1,0,0x490f1d47c41ba36f103a8db40b3c4db532b41899,0x58daec3116aae6d93017baaea7749052e8a04fa7,0x0e6ef141436d1b1948593ce40268b6ffc56870929e83922c15a4a5d64f5b4636,ZERO,-880000,880000,0,0,0x000000000000000000000000000000000000000000000000000000000004bc42,310338,False
FIRE_USDG_50pct,23458556,2026-07-30T16:27:46+00:00,0x54831a70606fecfeb2d7511734b6ddc84f7403f1f8872875a7865769bfd3780b,9,17,0x2179ecfa0619c125ca0fd28599cede9c239fbf2b,0x58daec3116aae6d93017baaea7749052e8a04fa7,0xdfbdc88db73b4290a0f02daf53a95c5eb59ceceb7f080e08476d04ee776eee43,ZERO,-880000,880000,0,0,0x000000000000000000000000000000000000000000000000000000000004e531,320817,False
FIRE_USDG_50pct,23458576,2026-07-30T16:27:48+00:00,0x4ee6fc161cfdf4b16824f32a72cd1c74b5e2cf3317a30557adaa29101ad5da45,5,8,0x490f1d47c41ba36f103a8db40b3c4db532b41899,0x58daec3116aae6d93017baaea7749052e8a04fa7,0xdfbdc88db73b4290a0f02daf53a95c5eb59ceceb7f080e08476d04ee776eee43,ZERO,-880000,880000,0,0,0x000000000000000000000000000000000000000000000000000000000005a1a9,369065,False
FIRE_USDG_50pct,23458798,2026-07-30T16:28:10+00:00,0x26869da8cb4a2d9a12fb128e6c25ab233637775e3ca77e190b1adeeee3b45ae5,14,22,0x490f1d47c41ba36f103a8db40b3c4db532b41899,0x58daec3116aae6d93017baaea7749052e8a04fa7,0xdfbdc88db73b4290a0f02daf53a95c5eb59ceceb7f080e08476d04ee776eee43,ADD,-880000,880000,72212733138966,72212733138966,0x000000000000000000000000000000000000000000000000000000000005a1a9,369065,False
FIRE_USDG_40pct,23459205,2026-07-30T16:28:51+00:00,0xc6d05c31a746b9701ae80910cd7b04fc71619d3d062418eab1f72e5edd3792aa,6,7,0x2179ecfa0619c125ca0fd28599cede9c239fbf2b,0x58daec3116aae6d93017baaea7749052e8a04fa7,0x0e6ef141436d1b1948593ce40268b6ffc56870929e83922c15a4a5d64f5b4636,ADD,-880000,880000,2148618485371444,2148618485371444,0x00000000000000000000000000000000000000000000000000000000000639bb,407995,False
FIRE_USDG_40pct,23501480,2026-07-30T17:39:27+00:00,0x2b9d746dfcc2438089a42e99775ee425003861962c1cc8ddaf140c78760f6142,14,16,0x7777de7a669c6e76e059fae0e15a0ea041fd752c,0x58daec3116aae6d93017baaea7749052e8a04fa7,0x0e6ef141436d1b1948593ce40268b6ffc56870929e83922c15a4a5d64f5b4636,ZERO,-880000,880000,0,0,0x000000000000000000000000000000000000000000000000000000000005cb6d,379757,False
FIRE_USDG_50pct,23502754,2026-07-30T17:41:34+00:00,0x38554d4e63363ceb48e9326c7ac0f0aee433283b0cafee9cef4382db95250c4c,4,8,0x7777de7a669c6e76e059fae0e15a0ea041fd752c,0x58daec3116aae6d93017baaea7749052e8a04fa7,0xdfbdc88db73b4290a0f02daf53a95c5eb59ceceb7f080e08476d04ee776eee43,ZERO,-880000,880000,0,0,0x0000000000000000000000000000000000000000000000000000000000033bf9,211961,False
FIRE_USDG_40pct,23514817,2026-07-30T18:01:43+00:00,0xd893d4196907f8c12e27e61099af56aa187000704b1a620e759b21638655a024,8,14,0x1aa511c41636dc4e1dafe5092157eb606da01d03,0x58daec3116aae6d93017baaea7749052e8a04fa7,0x0e6ef141436d1b1948593ce40268b6ffc56870929e83922c15a4a5d64f5b4636,ZERO,-880000,880000,0,0,0x000000000000000000000000000000000000000000000000000000000005f17f,389503,False
FIRE_USDG_40pct,23514948,2026-07-30T18:01:56+00:00,0xf94ad25b37b2f70e4ae0d41df229d51b78d92510945cb159d6ab72ff1d4b4ee3,4,8,0x1aa511c41636dc4e1dafe5092157eb606da01d03,0x58daec3116aae6d93017baaea7749052e8a04fa7,0x0e6ef141436d1b1948593ce40268b6ffc56870929e83922c15a4a5d64f5b4636,ADD,-880000,880000,141403338408691,141403338408691,0x000000000000000000000000000000000000000000000000000000000005f17f,389503,False
FIRE_USDG_40pct,23515134,2026-07-30T18:02:15+00:00,0xd7910a3096eda8a836f30f29faf7baf2a9546c453585125a2c11d5497f2a5ad7,7,22,0x1aa511c41636dc4e1dafe5092157eb606da01d03,0x58daec3116aae6d93017baaea7749052e8a04fa7,0x0e6ef141436d1b1948593ce40268b6ffc56870929e83922c15a4a5d64f5b4636,ZERO,-880000,880000,0,0,0x0000000000000000000000000000000000000000000000000000000000052b49,338761,False
FIRE_USDG_40pct,23515253,2026-07-30T18:02:27+00:00,0xace31c29e711568252a69abae48f9de19f76bd8ebdb95e8f68152a761e5e8493,3,7,0x1aa511c41636dc4e1dafe5092157eb606da01d03,0x58daec3116aae6d93017baaea7749052e8a04fa7,0x0e6ef141436d1b1948593ce40268b6ffc56870929e83922c15a4a5d64f5b4636,ADD,-880000,880000,160356908454036,160356908454036,0x0000000000000000000000000000000000000000000000000000000000052b49,338761,False
FIRE_USDG_50pct,23516278,2026-07-30T18:04:10+00:00,0x9a06bc4423ae439c814345106361352365c74591be1e6d26a846d193103eb2c6,7,5,0x1aa511c41636dc4e1dafe5092157eb606da01d03,0x58daec3116aae6d93017baaea7749052e8a04fa7,0xdfbdc88db73b4290a0f02daf53a95c5eb59ceceb7f080e08476d04ee776eee43,ZERO,-880000,880000,0,0,0x00000000000000000000000000000000000000000000000000000000000328f5,207093,False
FIRE_USDG_40pct,23523933,2026-07-30T18:16:57+00:00,0xbff0cf92d6d3213f01eb50c9f9fba5cfc0f21d27b868484ca286441c6199b6d5,13,16,0x1aa511c41636dc4e1dafe5092157eb606da01d03,0x58daec3116aae6d93017baaea7749052e8a04fa7,0x0e6ef141436d1b1948593ce40268b6ffc56870929e83922c15a4a5d64f5b4636,ADD,-880000,880000,396268973496252,396268973496252,0x000000000000000000000000000000000000000000000000000000000005f17f,389503,False
FIRE_USDG_40pct,23593924,2026-07-30T20:13:51+00:00,0x74e6252d615cbd15484bcd6a8a643f9b15fbb4be47763dabf0c8bee3a30ec521,79,106,0x9dfdbeb37f2fd8744db65f6752c66beba351bdee,0x58daec3116aae6d93017baaea7749052e8a04fa7,0x0e6ef141436d1b1948593ce40268b6ffc56870929e83922c15a4a5d64f5b4636,ZERO,-880000,880000,0,0,0x000000000000000000000000000000000000000000000000000000000005c7df,378847,False
FIRE_USDG_40pct,23641012,2026-07-30T21:32:33+00:00,0xe3ca96bad97e1f1347c208b8c53ac4e836a5293320285842e8c92e1e24fd6f57,13,55,0xa1e4bca023d741bd8d8609875ceef2abd8d755a3,0x58daec3116aae6d93017baaea7749052e8a04fa7,0x0e6ef141436d1b1948593ce40268b6ffc56870929e83922c15a4a5d64f5b4636,ZERO,-880000,880000,0,0,0x000000000000000000000000000000000000000000000000000000000005ab9b,371611,False
FIRE_USDG_40pct,23674291,2026-07-30T22:28:24+00:00,0x1d25845168908ada99e410079516b1c9bfa7a2498e19610e7729d20d7d5759ac,9,32,0xc6312da2663570a2aee12b27a0c6da4683339acd,0x58daec3116aae6d93017baaea7749052e8a04fa7,0x0e6ef141436d1b1948593ce40268b6ffc56870929e83922c15a4a5d64f5b4636,ZERO,-880000,880000,0,0,0x00000000000000000000000000000000000000000000000000000000000325bd,206269,True
FIRE_USDG_40pct,23689807,2026-07-30T22:54:33+00:00,0x5269dd97bcb4f317a483052161557815561cbd54eb708493bbd75431e89e679e,3,5,0xc6312da2663570a2aee12b27a0c6da4683339acd,0x58daec3116aae6d93017baaea7749052e8a04fa7,0x0e6ef141436d1b1948593ce40268b6ffc56870929e83922c15a4a5d64f5b4636,ADD,-880000,880000,20595378192014,20595378192014,0x00000000000000000000000000000000000000000000000000000000000325bd,206269,True
FIRE_USDG_50pct,24173106,2026-07-31T12:21:33+00:00,0x9f0303a1157d4ae07554ce781d8458df7cf1be64e22ed76cac6a59bfff90a5a3,8,9,0x490f1d47c41ba36f103a8db40b3c4db532b41899,0x58daec3116aae6d93017baaea7749052e8a04fa7,0xdfbdc88db73b4290a0f02daf53a95c5eb59ceceb7f080e08476d04ee776eee43,ADD,-880000,880000,1743347463023065,1743347463023065,0x000000000000000000000000000000000000000000000000000000000005a1a9,369065,False
FIRE_USDG_50pct,24176200,2026-07-31T12:26:43+00:00,0x4bc99c66baa40b2780b8bc7d001fb3282dde9ded7320540dfd0387471fc1373d,2,1,0x490f1d47c41ba36f103a8db40b3c4db532b41899,0x58daec3116aae6d93017baaea7749052e8a04fa7,0xdfbdc88db73b4290a0f02daf53a95c5eb59ceceb7f080e08476d04ee776eee43,REMOVE,-880000,880000,-1834184508720816,1834184508720816,0x000000000000000000000000000000000000000000000000000000000005a1a9,369065,False
FIRE_USDG_40pct,24176883,2026-07-31T12:27:52+00:00,0x17f8d864a51dfdbbbe8f8d7f646809abe571d21ffc6590ab878709c942bb5cd6,7,6,0x490f1d47c41ba36f103a8db40b3c4db532b41899,0x58daec3116aae6d93017baaea7749052e8a04fa7,0x0e6ef141436d1b1948593ce40268b6ffc56870929e83922c15a4a5d64f5b4636,ADD,-880000,880000,2041512694379710,2041512694379710,0x0000000000000000000000000000000000000000000000000000000000066bfa,420858,False
FIRE_USDG_40pct,24201828,2026-07-31T13:09:33+00:00,0x2153367727b0ced45742a67f1c3b6fc7a557354147f00b7197d17d53d42cc6b9,6,5,0x490f1d47c41ba36f103a8db40b3c4db532b41899,0x58daec3116aae6d93017baaea7749052e8a04fa7,0x0e6ef141436d1b1948593ce40268b6ffc56870929e83922c15a4a5d64f5b4636,REMOVE,-880000,880000,-287954660888739,287954660888739,0x000000000000000000000000000000000000000000000000000000000004bc42,310338,False
FIRE_USDG_40pct,24202061,2026-07-31T13:09:56+00:00,0xbc0eb21487b86c134a3ebbf2c9a4494a434c04c2198a2b60ae1873e89e8bbab6,3,5,0x490f1d47c41ba36f103a8db40b3c4db532b41899,0x58daec3116aae6d93017baaea7749052e8a04fa7,0x0e6ef141436d1b1948593ce40268b6ffc56870929e83922c15a4a5d64f5b4636,ADD,-880000,880000,287954648932559,287954648932559,0x0000000000000000000000000000000000000000000000000000000000066bfa,420858,False
FIRE_USDG_40pct,24571380,2026-07-31T23:26:16+00:00,0x6eb0c534c2ac7447408ec5e2709455bedb9ac1babc43b7d5f9f86e85684404ae,3,12,0x490f1d47c41ba36f103a8db40b3c4db532b41899,0x58daec3116aae6d93017baaea7749052e8a04fa7,0x0e6ef141436d1b1948593ce40268b6ffc56870929e83922c15a4a5d64f5b4636,ADD,-880000,880000,248746369149127,248746369149127,0x0000000000000000000000000000000000000000000000000000000000066bfa,420858,False
FIRE_USDG_40pct,24606148,2026-08-01T00:24:22+00:00,0xcb58feabd3555fc568f9651e4970854eac30947350a92a4507348b38fc9e2edf,6,16,0x490f1d47c41ba36f103a8db40b3c4db532b41899,0x58daec3116aae6d93017baaea7749052e8a04fa7,0x0e6ef141436d1b1948593ce40268b6ffc56870929e83922c15a4a5d64f5b4636,ZERO,-880000,880000,0,0,0x0000000000000000000000000000000000000000000000000000000000066bfa,420858,False
FIRE_USDG_40pct,24678651,2026-08-01T02:25:29+00:00,0x1157a768a29607a298bb802d7097b26fc50b17753eb2c811119a2439a2669e9c,11,34,0x490f1d47c41ba36f103a8db40b3c4db532b41899,0x58daec3116aae6d93017baaea7749052e8a04fa7,0x0e6ef141436d1b1948593ce40268b6ffc56870929e83922c15a4a5d64f5b4636,ZERO,-880000,880000,0,0,0x0000000000000000000000000000000000000000000000000000000000066bfa,420858,False
FIRE_USDG_40pct,24684267,2026-08-01T02:34:53+00:00,0x8bda86ccfa5fce02a53e7696f7f4096379b7f88a8385955ad2e4476a7cd1e5d7,2,1,0x490f1d47c41ba36f103a8db40b3c4db532b41899,0x58daec3116aae6d93017baaea7749052e8a04fa7,0x0e6ef141436d1b1948593ce40268b6ffc56870929e83922c15a4a5d64f5b4636,ADD,-880000,880000,694223173587252,694223173587252,0x0000000000000000000000000000000000000000000000000000000000066bfa,420858,False
FIRE_USDG_40pct,24687130,2026-08-01T02:39:39+00:00,0xee3dc9b1401fe7031087b8f1a17674c3b8c64dcb284186357bc654a5d732f682,5,19,0xa1e4bca023d741bd8d8609875ceef2abd8d755a3,0x58daec3116aae6d93017baaea7749052e8a04fa7,0x0e6ef141436d1b1948593ce40268b6ffc56870929e83922c15a4a5d64f5b4636,ZERO,-880000,880000,0,0,0x000000000000000000000000000000000000000000000000000000000005ab9b,371611,False
FIRE_USDG_40pct,24732330,2026-08-01T03:55:12+00:00,0x4ddd8eb1168448ddeea10059b341e4ff68a6de161991298c4715034d697ea8a6,6,9,0x7777de7a669c6e76e059fae0e15a0ea041fd752c,0x58daec3116aae6d93017baaea7749052e8a04fa7,0x0e6ef141436d1b1948593ce40268b6ffc56870929e83922c15a4a5d64f5b4636,ZERO,-880000,880000,0,0,0x000000000000000000000000000000000000000000000000000000000005cb6d,379757,False
FIRE_USDG_40pct,24749028,2026-08-01T04:23:09+00:00,0xf2c4ceca6e6425fd094d95f25f94c2e733e5a30409f9ddd602b87791ee534fda,1,0,0x490f1d47c41ba36f103a8db40b3c4db532b41899,0x58daec3116aae6d93017baaea7749052e8a04fa7,0x0e6ef141436d1b1948593ce40268b6ffc56870929e83922c15a4a5d64f5b4636,REMOVE,-880000,880000,-3272436886048648,3272436886048648,0x0000000000000000000000000000000000000000000000000000000000066bfa,420858,False
FIRE_USDG_40pct,24753023,2026-08-01T04:29:50+00:00,0xad93dce4a3c87335150f8d9894e927d79ad5d4b0644afcfdb2c6ff80c86baf48,5,26,0x490f1d47c41ba36f103a8db40b3c4db532b41899,0x58daec3116aae6d93017baaea7749052e8a04fa7,0x0e6ef141436d1b1948593ce40268b6ffc56870929e83922c15a4a5d64f5b4636,ADD,-880000,880000,1975023934551983,1975023934551983,0x0000000000000000000000000000000000000000000000000000000000066bfa,420858,False
FIRE_USDG_50pct,25122429,2026-08-01T14:47:51+00:00,0x827477c44f69009a4f5894df1d512f89f74889f3767127f4cf87e61d976313d8,2,17,0x7777de7a669c6e76e059fae0e15a0ea041fd752c,0x58daec3116aae6d93017baaea7749052e8a04fa7,0xdfbdc88db73b4290a0f02daf53a95c5eb59ceceb7f080e08476d04ee776eee43,ZERO,-880000,880000,0,0,0x0000000000000000000000000000000000000000000000000000000000033bf9,211961,False
FIRE_USDG_40pct,25225594,2026-08-01T17:40:18+00:00,0xb6764391387338082dd6d85006fbbc2599e31e015b0b1a291012537be9613ffb,3,2,0x1aa511c41636dc4e1dafe5092157eb606da01d03,0x58daec3116aae6d93017baaea7749052e8a04fa7,0x0e6ef141436d1b1948593ce40268b6ffc56870929e83922c15a4a5d64f5b4636,ZERO,-880000,880000,0,0,0x000000000000000000000000000000000000000000000000000000000005f17f,389503,False
FIRE_USDG_50pct,25226554,2026-08-01T17:41:55+00:00,0xc6752ca2e64d604f8b2154eb2d0f7ed7ede944cccb4ffa599320de3b1c2f4f58,2,5,0x1aa511c41636dc4e1dafe5092157eb606da01d03,0x58daec3116aae6d93017baaea7749052e8a04fa7,0xdfbdc88db73b4290a0f02daf53a95c5eb59ceceb7f080e08476d04ee776eee43,ZERO,-880000,880000,0,0,0x00000000000000000000000000000000000000000000000000000000000328f5,207093,False
FIRE_USDG_40pct,25250111,2026-08-01T18:21:16+00:00,0xac007721d121bccd14a37aa5ec9885b7deae661424a30a42367b144e713e769c,12,79,0x1aa511c41636dc4e1dafe5092157eb606da01d03,0x58daec3116aae6d93017baaea7749052e8a04fa7,0x0e6ef141436d1b1948593ce40268b6ffc56870929e83922c15a4a5d64f5b4636,ZERO,-880000,880000,0,0,0x0000000000000000000000000000000000000000000000000000000000052b49,338761,False
FIRE_USDG_40pct,25378498,2026-08-01T21:55:34+00:00,0x5a2f54d8845ac335def0d156ab05c4729be4992295fe15977a21d497ea1a9dbe,10,40,0x9dfdbeb37f2fd8744db65f6752c66beba351bdee,0x58daec3116aae6d93017baaea7749052e8a04fa7,0x0e6ef141436d1b1948593ce40268b6ffc56870929e83922c15a4a5d64f5b4636,ZERO,-880000,880000,0,0,0x000000000000000000000000000000000000000000000000000000000005c7df,378847,False
FIRE_USDG_40pct,25419489,2026-08-01T23:04:04+00:00,0x96e25ad2818386306f5899ba4f8ba30e8e4ec1756c3d779dd38ac53bdb71c641,1,0,0x2179ecfa0619c125ca0fd28599cede9c239fbf2b,0x58daec3116aae6d93017baaea7749052e8a04fa7,0x0e6ef141436d1b1948593ce40268b6ffc56870929e83922c15a4a5d64f5b4636,ZERO,-880000,880000,0,0,0x00000000000000000000000000000000000000000000000000000000000639bb,407995,False
FIRE_USDG_40pct,25419614,2026-08-01T23:04:16+00:00,0xd09b4a2b33263bd5eda0b2ff39a7c1cf091deca46bd65d35c92e31b4077f6c61,4,33,0x2179ecfa0619c125ca0fd28599cede9c239fbf2b,0x58daec3116aae6d93017baaea7749052e8a04fa7,0x0e6ef141436d1b1948593ce40268b6ffc56870929e83922c15a4a5d64f5b4636,ADD,-880000,880000,468578233565419,468578233565419,0x00000000000000000000000000000000000000000000000000000000000639bb,407995,False
FIRE_USDG_50pct,25442211,2026-08-01T23:42:02+00:00,0x7305e8a3a7310706440aab954595212d397dd12b756cec0f45a3e421cc9813a3,10,19,0x2179ecfa0619c125ca0fd28599cede9c239fbf2b,0x58daec3116aae6d93017baaea7749052e8a04fa7,0xdfbdc88db73b4290a0f02daf53a95c5eb59ceceb7f080e08476d04ee776eee43,ZERO,-880000,880000,0,0,0x000000000000000000000000000000000000000000000000000000000004e531,320817,False
FIRE_USDG_50pct,25442308,2026-08-01T23:42:12+00:00,0x858d6427245c4a833a5b7c73649005061840687aa24fb5bef251282794ddc1b8,2,4,0x2179ecfa0619c125ca0fd28599cede9c239fbf2b,0x58daec3116aae6d93017baaea7749052e8a04fa7,0xdfbdc88db73b4290a0f02daf53a95c5eb59ceceb7f080e08476d04ee776eee43,ADD,-880000,880000,578607563665428,578607563665428,0x000000000000000000000000000000000000000000000000000000000004e531,320817,False
FIRE_USDG_40pct,25547785,2026-08-02T02:38:30+00:00,0xc2601057ddb183dccc324b26798aa9290a94a7bc628723970603d8718f9483c5,1,0,0xc6312da2663570a2aee12b27a0c6da4683339acd,0x58daec3116aae6d93017baaea7749052e8a04fa7,0x0e6ef141436d1b1948593ce40268b6ffc56870929e83922c15a4a5d64f5b4636,ZERO,-880000,880000,0,0,0x00000000000000000000000000000000000000000000000000000000000325bd,206269,True
FIRE_USDG_40pct,26160672,2026-08-02T19:43:17+00:00,0x0e165ecc1abef0bd8b30f86e47dc5ff5204f21edda39ebf3758022e9f1030217,16,47,0x490f1d47c41ba36f103a8db40b3c4db532b41899,0x58daec3116aae6d93017baaea7749052e8a04fa7,0x0e6ef141436d1b1948593ce40268b6ffc56870929e83922c15a4a5d64f5b4636,ZERO,-880000,880000,0,0,0x0000000000000000000000000000000000000000000000000000000000066bfa,420858,False
FIRE_USDG_40pct,26185144,2026-08-02T20:24:08+00:00,0xaf1a605836a556672c47bb83534c6f0f0012e8b7f938206f2ccc3372650817df,7,16,0xa1e4bca023d741bd8d8609875ceef2abd8d755a3,0x58daec3116aae6d93017baaea7749052e8a04fa7,0x0e6ef141436d1b1948593ce40268b6ffc56870929e83922c15a4a5d64f5b4636,ZERO,-880000,880000,0,0,0x000000000000000000000000000000000000000000000000000000000005ab9b,371611,False
FIRE_USDG_40pct,26198852,2026-08-02T20:46:59+00:00,0x7345b58b2fe7fce5fa06994176ca75c348376207c4bd5881a40b4f615f69cf90,12,24,0x490f1d47c41ba36f103a8db40b3c4db532b41899,0x58daec3116aae6d93017baaea7749052e8a04fa7,0x0e6ef141436d1b1948593ce40268b6ffc56870929e83922c15a4a5d64f5b4636,REMOVE,-880000,880000,-1975023934551983,1975023934551983,0x0000000000000000000000000000000000000000000000000000000000066bfa,420858,False
FIRE_USDG_40pct,26291727,2026-08-02T23:21:55+00:00,0x4d7b4d96ee06ebc3772190da71826578d60d38833e24379739c06560e36b1dd6,15,88,0x490f1d47c41ba36f103a8db40b3c4db532b41899,0x58daec3116aae6d93017baaea7749052e8a04fa7,0x0e6ef141436d1b1948593ce40268b6ffc56870929e83922c15a4a5d64f5b4636,ADD,-384000,-336000,382904752478867,382904752478867,0x000000000000000000000000000000000000000000000000000000000006cd3c,445756,False
FIRE_USDG_50pct,26292100,2026-08-02T23:22:33+00:00,0xfb80d2ba632f67782a6d07eca9c0d0b846bc09f43e6670b11f560e660ba0e72c,4,9,0x490f1d47c41ba36f103a8db40b3c4db532b41899,0x58daec3116aae6d93017baaea7749052e8a04fa7,0xdfbdc88db73b4290a0f02daf53a95c5eb59ceceb7f080e08476d04ee776eee43,ADD,-880000,880000,270070261249342,270070261249342,0x000000000000000000000000000000000000000000000000000000000006cd45,445765,False
FIRE_USDG_40pct,26293936,2026-08-02T23:25:36+00:00,0x10a963d1557899ad26eb6059efe911b63923d04c0892624b258b414e896fdb50,4,6,0x7777de7a669c6e76e059fae0e15a0ea041fd752c,0x58daec3116aae6d93017baaea7749052e8a04fa7,0x0e6ef141436d1b1948593ce40268b6ffc56870929e83922c15a4a5d64f5b4636,ZERO,-880000,880000,0,0,0x000000000000000000000000000000000000000000000000000000000005cb6d,379757,False
FIRE_USDG_40pct,26759225,2026-08-03T12:23:21+00:00,0x59eeeb29b65eb7f43e498d7c011c71c35e240047402b588f100ccf090875e29f,9,9,0x2179ecfa0619c125ca0fd28599cede9c239fbf2b,0x58daec3116aae6d93017baaea7749052e8a04fa7,0x0e6ef141436d1b1948593ce40268b6ffc56870929e83922c15a4a5d64f5b4636,ZERO,-880000,880000,0,0,0x00000000000000000000000000000000000000000000000000000000000639bb,407995,False
FIRE_USDG_50pct,28148493,2026-08-05T03:04:37+00:00,0xfd33d91a44a4c4b65f6fb6219d4d9887596b0d55037d65c7e91577d06011dcae,15,36,0x490f1d47c41ba36f103a8db40b3c4db532b41899,0x58daec3116aae6d93017baaea7749052e8a04fa7,0xdfbdc88db73b4290a0f02daf53a95c5eb59ceceb7f080e08476d04ee776eee43,REMOVE,-880000,880000,-270070261249342,270070261249342,0x000000000000000000000000000000000000000000000000000000000006cd45,445765,False
FIRE_USDG_40pct,28150341,2026-08-05T03:07:43+00:00,0x1b12a8c8ad3651b5ae156ed220e6260a7fefb43fd3ab038a1c022f289bb323cc,16,47,0x490f1d47c41ba36f103a8db40b3c4db532b41899,0x58daec3116aae6d93017baaea7749052e8a04fa7,0x0e6ef141436d1b1948593ce40268b6ffc56870929e83922c15a4a5d64f5b4636,REMOVE,-384000,-336000,-382904752478867,382904752478867,0x000000000000000000000000000000000000000000000000000000000006cd3c,445756,False
FIRE_USDG_40pct,28915643,2026-08-06T00:25:12+00:00,0x8e34ce1ed13578ef2d5067ad2076d7ab2dc1f29da95d632d40e5a2f564a1ed4a,1,0,0x2179ecfa0619c125ca0fd28599cede9c239fbf2b,0x58daec3116aae6d93017baaea7749052e8a04fa7,0x0e6ef141436d1b1948593ce40268b6ffc56870929e83922c15a4a5d64f5b4636,ZERO,-880000,880000,0,0,0x00000000000000000000000000000000000000000000000000000000000639bb,407995,False
FIRE_USDG_40pct,28915791,2026-08-06T00:25:26+00:00,0x06f3a1d8890e6bb82428105ec8449d3bc8fd0c52e5320240aee43a670a55a328,4,19,0x2179ecfa0619c125ca0fd28599cede9c239fbf2b,0x58daec3116aae6d93017baaea7749052e8a04fa7,0x0e6ef141436d1b1948593ce40268b6ffc56870929e83922c15a4a5d64f5b4636,ADD,-880000,880000,52053328637012,52053328637012,0x00000000000000000000000000000000000000000000000000000000000639bb,407995,False
FIRE_USDG_40pct,28949483,2026-08-06T01:21:40+00:00,0x6af713905543154e0eec8ad088c98f93aabfe93da228190a8cb4e8752375f7d8,13,53,0x9dfdbeb37f2fd8744db65f6752c66beba351bdee,0x58daec3116aae6d93017baaea7749052e8a04fa7,0x0e6ef141436d1b1948593ce40268b6ffc56870929e83922c15a4a5d64f5b4636,REMOVE,-880000,880000,-43737802735105,43737802735105,0x000000000000000000000000000000000000000000000000000000000005c7df,378847,False
FIRE_USDG_50pct,28973178,2026-08-06T02:01:14+00:00,0x816ccaa7350ac89d0df3c93e191b2eb8633517be545884ccd14838d67db13ffe,6,35,0x9dfdbeb37f2fd8744db65f6752c66beba351bdee,0x58daec3116aae6d93017baaea7749052e8a04fa7,0xdfbdc88db73b4290a0f02daf53a95c5eb59ceceb7f080e08476d04ee776eee43,ADD,-880000,880000,47508428196958,47508428196958,0x000000000000000000000000000000000000000000000000000000000007a34c,500556,False
FIRE_USDG_50pct,29670664,2026-08-06T21:26:00+00:00,0x93b1d7b6ba0ea662db70d8161944257f21eb6b7c7bf32c94e545d4776d1b4806,4,5,0x7777de7a669c6e76e059fae0e15a0ea041fd752c,0x58daec3116aae6d93017baaea7749052e8a04fa7,0xdfbdc88db73b4290a0f02daf53a95c5eb59ceceb7f080e08476d04ee776eee43,ZERO,-880000,880000,0,0,0x0000000000000000000000000000000000000000000000000000000000033bf9,211961,False
FIRE_USDG_40pct,29678904,2026-08-06T21:39:45+00:00,0x8f645d2060c532692cb71f80ca49f8431d77c1aee17374a4dd9a7142562da1b0,2,35,0xa1e4bca023d741bd8d8609875ceef2abd8d755a3,0x58daec3116aae6d93017baaea7749052e8a04fa7,0x0e6ef141436d1b1948593ce40268b6ffc56870929e83922c15a4a5d64f5b4636,ZERO,-880000,880000,0,0,0x000000000000000000000000000000000000000000000000000000000005ab9b,371611,False
FIRE_USDG_40pct,29680388,2026-08-06T21:42:15+00:00,0x7a5620a5646518a7d3c76dcd5eed8c67b3cad361de02000739122217660d08f2,7,57,0x2179ecfa0619c125ca0fd28599cede9c239fbf2b,0x58daec3116aae6d93017baaea7749052e8a04fa7,0x0e6ef141436d1b1948593ce40268b6ffc56870929e83922c15a4a5d64f5b4636,ZERO,-880000,880000,0,0,0x00000000000000000000000000000000000000000000000000000000000639bb,407995,False
FIRE_USDG_40pct,29680487,2026-08-06T21:42:25+00:00,0x59fe9bc8b4e2fd5e58c66a7c14125f43eb63629884a57c599b153c45808761f0,8,7,0x2179ecfa0619c125ca0fd28599cede9c239fbf2b,0x58daec3116aae6d93017baaea7749052e8a04fa7,0x0e6ef141436d1b1948593ce40268b6ffc56870929e83922c15a4a5d64f5b4636,ADD,-880000,880000,165552798236203,165552798236203,0x00000000000000000000000000000000000000000000000000000000000639bb,407995,False
FIRE_USDG_50pct,29682611,2026-08-06T21:45:56+00:00,0xa65f22dc4d3050c6440ec5e53e87ad91cf0a7adec5fd7d1dbf9b7bdab02e3221,10,10,0x2179ecfa0619c125ca0fd28599cede9c239fbf2b,0x58daec3116aae6d93017baaea7749052e8a04fa7,0xdfbdc88db73b4290a0f02daf53a95c5eb59ceceb7f080e08476d04ee776eee43,ZERO,-880000,880000,0,0,0x000000000000000000000000000000000000000000000000000000000004e531,320817,False
FIRE_USDG_50pct,29684518,2026-08-06T21:49:08+00:00,0xbe6b3749d14675ee03463da1f21cf94da8dffc0017b6b204793d6acc0f97ca92,7,32,0x677c32e3d7993e04ffbd910566ee9dff59448070,0x58daec3116aae6d93017baaea7749052e8a04fa7,0xdfbdc88db73b4290a0f02daf53a95c5eb59ceceb7f080e08476d04ee776eee43,ADD,-880000,880000,1128944494317691,1128944494317691,0x00000000000000000000000000000000000000000000000000000000000809c6,526790,False
FIRE_USDG_40pct,29695807,2026-08-06T22:07:59+00:00,0x35212f2a14d8271a149ca26571f93da538ad5622a65dc91964ff55d1c2de239b,8,22,0x7777de7a669c6e76e059fae0e15a0ea041fd752c,0x58daec3116aae6d93017baaea7749052e8a04fa7,0x0e6ef141436d1b1948593ce40268b6ffc56870929e83922c15a4a5d64f5b4636,ZERO,-880000,880000,0,0,0x000000000000000000000000000000000000000000000000000000000005cb6d,379757,False
FIRE_USDG_40pct,29695943,2026-08-06T22:08:12+00:00,0x38bd9764324a3b93214a3d5de2cc29c7e12c99c0f66f2a25c35f24b4588b0ee0,5,21,0x7777de7a669c6e76e059fae0e15a0ea041fd752c,0x58daec3116aae6d93017baaea7749052e8a04fa7,0x0e6ef141436d1b1948593ce40268b6ffc56870929e83922c15a4a5d64f5b4636,ADD,-880000,880000,186076659420543,186076659420543,0x000000000000000000000000000000000000000000000000000000000005cb6d,379757,False
FIRE_USDG_50pct,29696406,2026-08-06T22:08:57+00:00,0xa07205c681040f146ba002d06ea61668d1d519be1b733eb442fb4e3a9cd747cb,3,7,0x7777de7a669c6e76e059fae0e15a0ea041fd752c,0x58daec3116aae6d93017baaea7749052e8a04fa7,0xdfbdc88db73b4290a0f02daf53a95c5eb59ceceb7f080e08476d04ee776eee43,ZERO,-880000,880000,0,0,0x0000000000000000000000000000000000000000000000000000000000033bf9,211961,False
FIRE_USDG_50pct,29696526,2026-08-06T22:09:09+00:00,0x994607ad1d0784797f11f5ede02dd716de32ba0a7746db8307e8c3c6f8136f74,6,11,0x7777de7a669c6e76e059fae0e15a0ea041fd752c,0x58daec3116aae6d93017baaea7749052e8a04fa7,0xdfbdc88db73b4290a0f02daf53a95c5eb59ceceb7f080e08476d04ee776eee43,REMOVE,-880000,880000,-748564035185309,748564035185309,0x0000000000000000000000000000000000000000000000000000000000033bf9,211961,False
FIRE_USDG_40pct,29696841,2026-08-06T22:09:41+00:00,0x7c3ff926d7df5149c39cd970257e7813c0aaa9a7d45e1d9682d62fd41787c653,4,9,0x7777de7a669c6e76e059fae0e15a0ea041fd752c,0x58daec3116aae6d93017baaea7749052e8a04fa7,0x0e6ef141436d1b1948593ce40268b6ffc56870929e83922c15a4a5d64f5b4636,ADD,-880000,880000,745188626330019,745188626330019,0x000000000000000000000000000000000000000000000000000000000005cb6d,379757,False
FIRE_USDG_50pct,29725703,2026-08-06T22:57:54+00:00,0x4f8e1b22693df1ba57f59348515ab6fea7be32d79d07f508cef4e5364cc74a17,4,7,0x9dfdbeb37f2fd8744db65f6752c66beba351bdee,0x58daec3116aae6d93017baaea7749052e8a04fa7,0xdfbdc88db73b4290a0f02daf53a95c5eb59ceceb7f080e08476d04ee776eee43,ZERO,-880000,880000,0,0,0x000000000000000000000000000000000000000000000000000000000007a34c,500556,False
FIRE_USDG_40pct,29747499,2026-08-06T23:34:17+00:00,0x44f7ed0774db68bc3f89369cc0c60037a77999c03b75ad2ecccf4f4061d8ed49,16,9,0x1aa511c41636dc4e1dafe5092157eb606da01d03,0x58daec3116aae6d93017baaea7749052e8a04fa7,0x0e6ef141436d1b1948593ce40268b6ffc56870929e83922c15a4a5d64f5b4636,ZERO,-880000,880000,0,0,0x000000000000000000000000000000000000000000000000000000000005f17f,389503,False
FIRE_USDG_40pct,29747631,2026-08-06T23:34:30+00:00,0x101bb7c4ae96cec554c36ea143fa944b7ea104a225456c4604ceaad2ba230867,27,9,0x1aa511c41636dc4e1dafe5092157eb606da01d03,0x58daec3116aae6d93017baaea7749052e8a04fa7,0x0e6ef141436d1b1948593ce40268b6ffc56870929e83922c15a4a5d64f5b4636,ADD,-880000,880000,109759760019962,109759760019962,0x000000000000000000000000000000000000000000000000000000000005f17f,389503,False
FIRE_USDG_40pct,29747888,2026-08-06T23:34:56+00:00,0xaed50e06056b53be9ee3e5df99ac9832f6f20e57429d70eede4d83a98e1765e3,58,10,0x1aa511c41636dc4e1dafe5092157eb606da01d03,0x58daec3116aae6d93017baaea7749052e8a04fa7,0x0e6ef141436d1b1948593ce40268b6ffc56870929e83922c15a4a5d64f5b4636,ZERO,-880000,880000,0,0,0x0000000000000000000000000000000000000000000000000000000000052b49,338761,False
FIRE_USDG_40pct,29748151,2026-08-06T23:35:22+00:00,0x758c0237dca71b757e253afd6b1ae0b804ac66502f6371e3fc655d4150a01884,34,0,0x1aa511c41636dc4e1dafe5092157eb606da01d03,0x58daec3116aae6d93017baaea7749052e8a04fa7,0x0e6ef141436d1b1948593ce40268b6ffc56870929e83922c15a4a5d64f5b4636,REMOVE,-880000,880000,-462310439894434,462310439894434,0x0000000000000000000000000000000000000000000000000000000000052b49,338761,False
FIRE_USDG_40pct,29748390,2026-08-06T23:35:46+00:00,0x125f41df02baeab3d59fe09f4b32c6ed233534af1973502fa2cb3b53a68704cf,68,10,0x1aa511c41636dc4e1dafe5092157eb606da01d03,0x58daec3116aae6d93017baaea7749052e8a04fa7,0x0e6ef141436d1b1948593ce40268b6ffc56870929e83922c15a4a5d64f5b4636,ADD,-880000,880000,519864172577795,519864172577795,0x000000000000000000000000000000000000000000000000000000000005f17f,389503,False
FIRE_USDG_50pct,29748938,2026-08-06T23:36:42+00:00,0xc6d6c894e70c427065d9914481ccff4e5e9b6ff3241bb4f38722092beec33bed,6,0,0x1aa511c41636dc4e1dafe5092157eb606da01d03,0x58daec3116aae6d93017baaea7749052e8a04fa7,0xdfbdc88db73b4290a0f02daf53a95c5eb59ceceb7f080e08476d04ee776eee43,ZERO,-880000,880000,0,0,0x00000000000000000000000000000000000000000000000000000000000328f5,207093,False
FIRE_USDG_40pct,29750575,2026-08-06T23:39:23+00:00,0x58e93c9d7cefc477dff677666a8d8efc41ef218c889a9fc2add49ded4f8d8fb1,6,6,0x7777de7a669c6e76e059fae0e15a0ea041fd752c,0x58daec3116aae6d93017baaea7749052e8a04fa7,0x0e6ef141436d1b1948593ce40268b6ffc56870929e83922c15a4a5d64f5b4636,ZERO,-880000,880000,0,0,0x000000000000000000000000000000000000000000000000000000000005cb6d,379757,False
FIRE_USDG_40pct,29763686,2026-08-07T00:01:08+00:00,0x1c701a161b44fe5827f4ebd750910c9cda0e3af556ae33b50b4545f4bcfd5e50,15,14,0xa1e4bca023d741bd8d8609875ceef2abd8d755a3,0x58daec3116aae6d93017baaea7749052e8a04fa7,0x0e6ef141436d1b1948593ce40268b6ffc56870929e83922c15a4a5d64f5b4636,ZERO,-880000,880000,0,0,0x000000000000000000000000000000000000000000000000000000000005ab9b,371611,False
FIRE_USDG_40pct,29779495,2026-08-07T00:27:15+00:00,0x93cc7ec7b6e5214759ddaf8269fffa7543e89dc2002f3d7f0e9bcc772b12e403,64,5,0x2179ecfa0619c125ca0fd28599cede9c239fbf2b,0x58daec3116aae6d93017baaea7749052e8a04fa7,0x0e6ef141436d1b1948593ce40268b6ffc56870929e83922c15a4a5d64f5b4636,ZERO,-880000,880000,0,0,0x00000000000000000000000000000000000000000000000000000000000639bb,407995,False
FIRE_USDG_40pct,29779597,2026-08-07T00:27:26+00:00,0x4b9d134295e380b850245b32206f18179e56787535df34c802e42ffc75d67d9f,16,3,0x2179ecfa0619c125ca0fd28599cede9c239fbf2b,0x58daec3116aae6d93017baaea7749052e8a04fa7,0x0e6ef141436d1b1948593ce40268b6ffc56870929e83922c15a4a5d64f5b4636,ADD,-880000,880000,75363557988606,75363557988606,0x00000000000000000000000000000000000000000000000000000000000639bb,407995,False
FIRE_USDG_40pct,30007542,2026-08-07T06:48:07+00:00,0x40491830d11d4caeb6f4943c1a52fac936bf82628135a020fafc952f08ad916d,1,0,0xc6312da2663570a2aee12b27a0c6da4683339acd,0x58daec3116aae6d93017baaea7749052e8a04fa7,0x0e6ef141436d1b1948593ce40268b6ffc56870929e83922c15a4a5d64f5b4636,ZERO,-880000,880000,0,0,0x00000000000000000000000000000000000000000000000000000000000325bd,206269,True
FIRE_USDG_50pct,30449816,2026-08-07T19:07:05+00:00,0xa7a66ce502cefd9b912fc62396de84bf3a417a52638effd8a23a40647b77fc82,1,0,0x7777de7a669c6e76e059fae0e15a0ea041fd752c,0x58daec3116aae6d93017baaea7749052e8a04fa7,0xdfbdc88db73b4290a0f02daf53a95c5eb59ceceb7f080e08476d04ee776eee43,ZERO,-880000,880000,0,0,0x0000000000000000000000000000000000000000000000000000000000033bf9,211961,False
FIRE_USDG_50pct,30450815,2026-08-07T19:08:46+00:00,0x8087588aac92b5c82022b4f5f6e690d795c582aa37a8680a3bffd14ac84e39c3,9,45,0x7777de7a669c6e76e059fae0e15a0ea041fd752c,0x58daec3116aae6d93017baaea7749052e8a04fa7,0xdfbdc88db73b4290a0f02daf53a95c5eb59ceceb7f080e08476d04ee776eee43,REMOVE,-880000,880000,-873324707716194,873324707716194,0x0000000000000000000000000000000000000000000000000000000000033bf9,211961,False
FIRE_USDG_40pct,30452227,2026-08-07T19:11:07+00:00,0x54a82fd80a120f34e7910bc07b020aae6539e06a6fd7a451d40d362ff92a9b40,8,34,0x7777de7a669c6e76e059fae0e15a0ea041fd752c,0x58daec3116aae6d93017baaea7749052e8a04fa7,0x0e6ef141436d1b1948593ce40268b6ffc56870929e83922c15a4a5d64f5b4636,ZERO,-880000,880000,0,0,0x000000000000000000000000000000000000000000000000000000000005cb6d,379757,False
FIRE_USDG_40pct,30452395,2026-08-07T19:11:23+00:00,0x36b76f157cf0ba8ceb2fa442c7f09de56b439fe5c3be383c89d1e51af7029d12,9,37,0x7777de7a669c6e76e059fae0e15a0ea041fd752c,0x58daec3116aae6d93017baaea7749052e8a04fa7,0x0e6ef141436d1b1948593ce40268b6ffc56870929e83922c15a4a5d64f5b4636,ADD,-880000,880000,489594514898884,489594514898884,0x000000000000000000000000000000000000000000000000000000000005cb6d,379757,False
FIRE_USDG_40pct,30465735,2026-08-07T19:33:41+00:00,0x9b54f00888cf9ae0df90b46189b1a3499d496331a4d7572c43996c4b8520844c,3,15,0x2179ecfa0619c125ca0fd28599cede9c239fbf2b,0x58daec3116aae6d93017baaea7749052e8a04fa7,0x0e6ef141436d1b1948593ce40268b6ffc56870929e83922c15a4a5d64f5b4636,ZERO,-880000,880000,0,0,0x00000000000000000000000000000000000000000000000000000000000639bb,407995,False
FIRE_USDG_40pct,30466017,2026-08-07T19:34:09+00:00,0xefff8a5aa3d6511f1a3bec51c152ca1d3c314e4b514671e6e3d3fd4c0e4811a4,1,0,0x2179ecfa0619c125ca0fd28599cede9c239fbf2b,0x58daec3116aae6d93017baaea7749052e8a04fa7,0x0e6ef141436d1b1948593ce40268b6ffc56870929e83922c15a4a5d64f5b4636,ADD,-880000,880000,482184012321375,482184012321375,0x00000000000000000000000000000000000000000000000000000000000639bb,407995,False
FIRE_USDG_40pct,30503295,2026-08-07T20:36:22+00:00,0xb24a57f399843c02d60752731f6ab3f7c0745bc222b23011fa0b91fbd86270f2,8,16,0x1aa511c41636dc4e1dafe5092157eb606da01d03,0x58daec3116aae6d93017baaea7749052e8a04fa7,0x0e6ef141436d1b1948593ce40268b6ffc56870929e83922c15a4a5d64f5b4636,ZERO,-880000,880000,0,0,0x000000000000000000000000000000000000000000000000000000000005f17f,389503,False
FIRE_USDG_40pct,30503444,2026-08-07T20:36:37+00:00,0xd5adea8516a7fa09346cf97b64445d302cd1656c21c2d7c3d607ce92b03cd673,7,21,0x1aa511c41636dc4e1dafe5092157eb606da01d03,0x58daec3116aae6d93017baaea7749052e8a04fa7,0x0e6ef141436d1b1948593ce40268b6ffc56870929e83922c15a4a5d64f5b4636,ADD,-880000,880000,250404583428579,250404583428579,0x000000000000000000000000000000000000000000000000000000000005f17f,389503,False
FIRE_USDG_50pct,30571466,2026-08-07T22:29:59+00:00,0xc045cc7eac04874eade007a70771b02a5ea884d1e28fd76d16ef6210135fe669,1,0,0x1aa511c41636dc4e1dafe5092157eb606da01d03,0x58daec3116aae6d93017baaea7749052e8a04fa7,0xdfbdc88db73b4290a0f02daf53a95c5eb59ceceb7f080e08476d04ee776eee43,ZERO,-880000,880000,0,0,0x00000000000000000000000000000000000000000000000000000000000328f5,207093,False
FIRE_USDG_40pct,30669456,2026-08-08T01:13:28+00:00,0x5d7b0f8420488da3db2a760776ee7961c4d3174dc74f9c0c35403996fd8c617f,3,4,0xa1e4bca023d741bd8d8609875ceef2abd8d755a3,0x58daec3116aae6d93017baaea7749052e8a04fa7,0x0e6ef141436d1b1948593ce40268b6ffc56870929e83922c15a4a5d64f5b4636,ZERO,-880000,880000,0,0,0x000000000000000000000000000000000000000000000000000000000005ab9b,371611,False
FIRE_USDG_40pct,30669663,2026-08-08T01:13:49+00:00,0x825365958de90c2f85fc76c6b5a4f55a1f11edb0c4ee2012723cc896ce8189ab,22,24,0xa1e4bca023d741bd8d8609875ceef2abd8d755a3,0x58daec3116aae6d93017baaea7749052e8a04fa7,0x0e6ef141436d1b1948593ce40268b6ffc56870929e83922c15a4a5d64f5b4636,REMOVE,-880000,880000,-258410118604297,258410118604297,0x000000000000000000000000000000000000000000000000000000000005ab9b,371611,False
FIRE_USDG_40pct,31226379,2026-08-08T16:43:42+00:00,0xa98f956e47d6598ab8bb3c1919fd5260ac6b177096de2f5c2c8d75c0afc0326b,8,19,0xc6312da2663570a2aee12b27a0c6da4683339acd,0x58daec3116aae6d93017baaea7749052e8a04fa7,0x0e6ef141436d1b1948593ce40268b6ffc56870929e83922c15a4a5d64f5b4636,ZERO,-880000,880000,0,0,0x00000000000000000000000000000000000000000000000000000000000325bd,206269,True
FIRE_USDG_40pct,31248512,2026-08-08T17:20:38+00:00,0xed93b568dec180fb6a403831a090141ba4eecd09ecb15767c26d4dfb4ba4f438,12,4,0x1aa511c41636dc4e1dafe5092157eb606da01d03,0x58daec3116aae6d93017baaea7749052e8a04fa7,0x0e6ef141436d1b1948593ce40268b6ffc56870929e83922c15a4a5d64f5b4636,ZERO,-880000,880000,0,0,0x000000000000000000000000000000000000000000000000000000000005f17f,389503,False
FIRE_USDG_40pct,31248690,2026-08-08T17:20:54+00:00,0xb2af83366d01eb0d5529a26c4a46cabb5bdefb45aa3b1523c2f477399804470b,6,18,0x1aa511c41636dc4e1dafe5092157eb606da01d03,0x58daec3116aae6d93017baaea7749052e8a04fa7,0x0e6ef141436d1b1948593ce40268b6ffc56870929e83922c15a4a5d64f5b4636,ADD,-880000,880000,502093319021596,502093319021596,0x000000000000000000000000000000000000000000000000000000000005f17f,389503,False
FIRE_USDG_40pct,31248955,2026-08-08T17:21:21+00:00,0x66eb05d959fcd95ce6efa22cb9d704ebc4bcc0245b465acbc9e3eab66b8c42e6,3,4,0x1aa511c41636dc4e1dafe5092157eb606da01d03,0x58daec3116aae6d93017baaea7749052e8a04fa7,0x0e6ef141436d1b1948593ce40268b6ffc56870929e83922c15a4a5d64f5b4636,ADD,-880000,880000,502093319021596,502093319021596,0x000000000000000000000000000000000000000000000000000000000005f17f,389503,False
FIRE_USDG_50pct,31250173,2026-08-08T17:23:23+00:00,0x24f1f7d798a96fe2b7a4d3309841312307898d3fdef80cc191993354aa2062f3,134,21,0x1aa511c41636dc4e1dafe5092157eb606da01d03,0x58daec3116aae6d93017baaea7749052e8a04fa7,0xdfbdc88db73b4290a0f02daf53a95c5eb59ceceb7f080e08476d04ee776eee43,ZERO,-880000,880000,0,0,0x00000000000000000000000000000000000000000000000000000000000328f5,207093,False
FIRE_USDG_40pct,31282957,2026-08-08T18:18:05+00:00,0xdbf2b08a55355dd5c5cc4afa16b71afc361de3beee82a12cd9b648b8769dc123,8,16,0x7777de7a669c6e76e059fae0e15a0ea041fd752c,0x58daec3116aae6d93017baaea7749052e8a04fa7,0x0e6ef141436d1b1948593ce40268b6ffc56870929e83922c15a4a5d64f5b4636,ZERO,-880000,880000,0,0,0x000000000000000000000000000000000000000000000000000000000005cb6d,379757,False
FIRE_USDG_40pct,31283133,2026-08-08T18:18:21+00:00,0x19f02940c7fddf96f8b12c78c35df88365912d3cb7a06accfa778b23b5d21567,9,7,0x7777de7a669c6e76e059fae0e15a0ea041fd752c,0x58daec3116aae6d93017baaea7749052e8a04fa7,0x0e6ef141436d1b1948593ce40268b6ffc56870929e83922c15a4a5d64f5b4636,ADD,-880000,880000,924785188924733,924785188924733,0x000000000000000000000000000000000000000000000000000000000005cb6d,379757,False
FIRE_USDG_50pct,31284280,2026-08-08T18:20:16+00:00,0x08a88ce64408754e4f9db8009393bb7c6b13901bb674112ccf25b3945e164423,14,25,0x7777de7a669c6e76e059fae0e15a0ea041fd752c,0x58daec3116aae6d93017baaea7749052e8a04fa7,0xdfbdc88db73b4290a0f02daf53a95c5eb59ceceb7f080e08476d04ee776eee43,ZERO,-880000,880000,0,0,0x0000000000000000000000000000000000000000000000000000000000033bf9,211961,False
FIRE_USDG_50pct,31284413,2026-08-08T18:20:30+00:00,0x5a33d159d14acbce5f3d2b6db6d5f132bf06fb3b404f765096931bdd86b64fe0,4,3,0x7777de7a669c6e76e059fae0e15a0ea041fd752c,0x58daec3116aae6d93017baaea7749052e8a04fa7,0xdfbdc88db73b4290a0f02daf53a95c5eb59ceceb7f080e08476d04ee776eee43,ADD,-880000,880000,752776538763877,752776538763877,0x0000000000000000000000000000000000000000000000000000000000033bf9,211961,False
FIRE_USDG_40pct,31351090,2026-08-08T20:11:47+00:00,0x5d4aef4426a8407e57587b9623fbd2858f61fd7a404c1f2dc05d412f4cd8ccdd,4,4,0x7777de7a669c6e76e059fae0e15a0ea041fd752c,0x58daec3116aae6d93017baaea7749052e8a04fa7,0x0e6ef141436d1b1948593ce40268b6ffc56870929e83922c15a4a5d64f5b4636,ZERO,-880000,880000,0,0,0x000000000000000000000000000000000000000000000000000000000005cb6d,379757,False
FIRE_USDG_50pct,31351698,2026-08-08T20:12:48+00:00,0xbbcb3b11ee2c19c1cad79f0206c71e9bfbf98aeb1e24929dfedcdc04d2b9a248,8,34,0x7777de7a669c6e76e059fae0e15a0ea041fd752c,0x58daec3116aae6d93017baaea7749052e8a04fa7,0xdfbdc88db73b4290a0f02daf53a95c5eb59ceceb7f080e08476d04ee776eee43,ZERO,-880000,880000,0,0,0x0000000000000000000000000000000000000000000000000000000000033bf9,211961,False
FIRE_USDG_50pct,31367910,2026-08-08T20:39:47+00:00,0x9da7de21282769909cdd8bc4f560dea7b614197d15ca2e0f6e0e279e176b9467,6,26,0x1aa511c41636dc4e1dafe5092157eb606da01d03,0x58daec3116aae6d93017baaea7749052e8a04fa7,0xdfbdc88db73b4290a0f02daf53a95c5eb59ceceb7f080e08476d04ee776eee43,ZERO,-880000,880000,0,0,0x00000000000000000000000000000000000000000000000000000000000328f5,207093,False
FIRE_USDG_50pct,31368388,2026-08-08T20:40:35+00:00,0x590ebf4431233c8316d8b86f598822580ba1ee94a55358bde0465cbd3b13f798,3,9,0x1aa511c41636dc4e1dafe5092157eb606da01d03,0x58daec3116aae6d93017baaea7749052e8a04fa7,0xdfbdc88db73b4290a0f02daf53a95c5eb59ceceb7f080e08476d04ee776eee43,REMOVE,-880000,880000,-527892863773313,527892863773313,0x00000000000000000000000000000000000000000000000000000000000328f5,207093,False
FIRE_USDG_40pct,31369071,2026-08-08T20:41:44+00:00,0x69ce11074e104e1fdb1605e55a090a66802c7e80a3cb09e97f0066e9354de0e1,6,198,0x1aa511c41636dc4e1dafe5092157eb606da01d03,0x58daec3116aae6d93017baaea7749052e8a04fa7,0x0e6ef141436d1b1948593ce40268b6ffc56870929e83922c15a4a5d64f5b4636,ZERO,-880000,880000,0,0,0x000000000000000000000000000000000000000000000000000000000005f17f,389503,False
FIRE_USDG_40pct,31369576,2026-08-08T20:42:34+00:00,0x48ba501a5ae1fe1529fe9fcc2127eb66da8749aa61e5103da291233e955bea90,7,18,0x1aa511c41636dc4e1dafe5092157eb606da01d03,0x58daec3116aae6d93017baaea7749052e8a04fa7,0x0e6ef141436d1b1948593ce40268b6ffc56870929e83922c15a4a5d64f5b4636,REMOVE,-880000,880000,-691469880271932,691469880271932,0x000000000000000000000000000000000000000000000000000000000005f17f,389503,False
FIRE_USDG_50pct,31373728,2026-08-08T20:49:29+00:00,0x18a062755ce1e9090f76769db4771f923bdd719d1212d0aa1ae16d426acf740d,12,25,0x1aa511c41636dc4e1dafe5092157eb606da01d03,0x58daec3116aae6d93017baaea7749052e8a04fa7,0xdfbdc88db73b4290a0f02daf53a95c5eb59ceceb7f080e08476d04ee776eee43,REMOVE,-880000,880000,-1187758943489954,1187758943489954,0x00000000000000000000000000000000000000000000000000000000000328f5,207093,False
FIRE_USDG_40pct,31374315,2026-08-08T20:50:28+00:00,0x678a0f4cafd05af92ccac016606b10a98a5e5ffcd9667f6f10a241174f0e5d09,5,9,0x1aa511c41636dc4e1dafe5092157eb606da01d03,0x58daec3116aae6d93017baaea7749052e8a04fa7,0x0e6ef141436d1b1948593ce40268b6ffc56870929e83922c15a4a5d64f5b4636,ADD,-880000,880000,325254383211118,325254383211118,0x000000000000000000000000000000000000000000000000000000000005f17f,389503,False
FIRE_USDG_40pct,31374532,2026-08-08T20:50:49+00:00,0xf647c0d79aaef36941af95cafb1f2e2044df52e19adb2ce292400c183fda04b6,4,11,0x1aa511c41636dc4e1dafe5092157eb606da01d03,0x58daec3116aae6d93017baaea7749052e8a04fa7,0x0e6ef141436d1b1948593ce40268b6ffc56870929e83922c15a4a5d64f5b4636,ADD,-880000,880000,77158339520612,77158339520612,0x000000000000000000000000000000000000000000000000000000000005f17f,389503,False
FIRE_USDG_40pct,31385044,2026-08-08T21:08:22+00:00,0xd453d682e687fb14757976b34d4a0e8e40b68a2a613639fcd189c862ecdf6a3b,8,30,0x2179ecfa0619c125ca0fd28599cede9c239fbf2b,0x58daec3116aae6d93017baaea7749052e8a04fa7,0x0e6ef141436d1b1948593ce40268b6ffc56870929e83922c15a4a5d64f5b4636,ZERO,-880000,880000,0,0,0x00000000000000000000000000000000000000000000000000000000000639bb,407995,False
FIRE_USDG_40pct,31385153,2026-08-08T21:08:33+00:00,0xa5fc8d3bce0466628bbe98b4f647c64e14bde550f01755d546b2bcbb060626d7,6,37,0x2179ecfa0619c125ca0fd28599cede9c239fbf2b,0x58daec3116aae6d93017baaea7749052e8a04fa7,0x0e6ef141436d1b1948593ce40268b6ffc56870929e83922c15a4a5d64f5b4636,ADD,-880000,880000,1826551740790908,1826551740790908,0x00000000000000000000000000000000000000000000000000000000000639bb,407995,False
FIRE_USDG_50pct,31387266,2026-08-08T21:12:03+00:00,0xd1ea3f3341d8ee943968ecadd02ea4d457220db8f5dfd7035290b905d440e4d6,22,44,0x2179ecfa0619c125ca0fd28599cede9c239fbf2b,0x58daec3116aae6d93017baaea7749052e8a04fa7,0xdfbdc88db73b4290a0f02daf53a95c5eb59ceceb7f080e08476d04ee776eee43,ZERO,-880000,880000,0,0,0x000000000000000000000000000000000000000000000000000000000004e531,320817,False
FIRE_USDG_50pct,31387448,2026-08-08T21:12:22+00:00,0x6f3a94dd08e61187495fc47c016bb789b6dbec94f3e05725740caae549ec8ee4,12,39,0x2179ecfa0619c125ca0fd28599cede9c239fbf2b,0x58daec3116aae6d93017baaea7749052e8a04fa7,0xdfbdc88db73b4290a0f02daf53a95c5eb59ceceb7f080e08476d04ee776eee43,ADD,-880000,880000,2398745626557177,2398745626557177,0x000000000000000000000000000000000000000000000000000000000004e531,320817,False
FIRE_USDG_40pct,31394809,2026-08-08T21:24:39+00:00,0x03851ad3048d79a38f6b6434fea97b75c86701c9e8fbb02cc5ccc1d7eaa22d2a,1,0,0x7777de7a669c6e76e059fae0e15a0ea041fd752c,0x58daec3116aae6d93017baaea7749052e8a04fa7,0x0e6ef141436d1b1948593ce40268b6ffc56870929e83922c15a4a5d64f5b4636,REMOVE,-880000,880000,-1050103254952070,1050103254952070,0x000000000000000000000000000000000000000000000000000000000005cb6d,379757,False
FIRE_USDG_50pct,31395485,2026-08-08T21:25:47+00:00,0x9433516866801b7739dfe4716b569e38fda2003b41c3b7894a0792aa1452b4a3,2,4,0x7777de7a669c6e76e059fae0e15a0ea041fd752c,0x58daec3116aae6d93017baaea7749052e8a04fa7,0xdfbdc88db73b4290a0f02daf53a95c5eb59ceceb7f080e08476d04ee776eee43,REMOVE,-880000,880000,-406525311620017,406525311620017,0x0000000000000000000000000000000000000000000000000000000000033bf9,211961,False
FIRE_USDG_50pct,31418906,2026-08-08T22:04:52+00:00,0x1028d78008ec47b8eec778d0d0d3e701722b024a6f826feecf0ebff38a39e63e,12,78,0x677c32e3d7993e04ffbd910566ee9dff59448070,0x58daec3116aae6d93017baaea7749052e8a04fa7,0xdfbdc88db73b4290a0f02daf53a95c5eb59ceceb7f080e08476d04ee776eee43,ZERO,-880000,880000,0,0,0x00000000000000000000000000000000000000000000000000000000000809c6,526790,False
FIRE_USDG_50pct,31419016,2026-08-08T22:05:03+00:00,0xd38866ede594512433367935de64a96e9d24e250cfa2c317ae691a7ad01b56f8,7,12,0x677c32e3d7993e04ffbd910566ee9dff59448070,0x58daec3116aae6d93017baaea7749052e8a04fa7,0xdfbdc88db73b4290a0f02daf53a95c5eb59ceceb7f080e08476d04ee776eee43,ADD,-880000,880000,714871484824762,714871484824762,0x00000000000000000000000000000000000000000000000000000000000809c6,526790,False
FIRE_USDG_50pct,31433893,2026-08-08T22:29:51+00:00,0x396d30959ada0b4785d52b34cf223498569ce47f653ab78e70405dd4f19aa6c0,13,48,0x9dfdbeb37f2fd8744db65f6752c66beba351bdee,0x58daec3116aae6d93017baaea7749052e8a04fa7,0xdfbdc88db73b4290a0f02daf53a95c5eb59ceceb7f080e08476d04ee776eee43,ZERO,-880000,880000,0,0,0x000000000000000000000000000000000000000000000000000000000007a34c,500556,False
FIRE_USDG_50pct,31434139,2026-08-08T22:30:16+00:00,0xdf37b629c8d45bc5b1643b832e77bada8453c0a64353b00a98d162aba4ae6df0,6,27,0x9dfdbeb37f2fd8744db65f6752c66beba351bdee,0x58daec3116aae6d93017baaea7749052e8a04fa7,0xdfbdc88db73b4290a0f02daf53a95c5eb59ceceb7f080e08476d04ee776eee43,ADD,-880000,880000,22562497648861,22562497648861,0x000000000000000000000000000000000000000000000000000000000007a34c,500556,False
FIRE_USDG_50pct,31465435,2026-08-08T23:22:30+00:00,0x1f0ac9cd9aacfcdae071359eb4d0e08da80d7811f37daf577999c5a9585cc4d7,7,34,0x9dfdbeb37f2fd8744db65f6752c66beba351bdee,0x58daec3116aae6d93017baaea7749052e8a04fa7,0xdfbdc88db73b4290a0f02daf53a95c5eb59ceceb7f080e08476d04ee776eee43,REMOVE,-880000,880000,-70070925845819,70070925845819,0x000000000000000000000000000000000000000000000000000000000007a34c,500556,False
