tx_hash,token,token_address,address,address_type,known_role,net_raw,net_amount
0x6110c258c007d8d68d3e6e6a4974b761396e3dbc2d771a84bc99411297320e66,FIRE,0x43eea882b845a8493152ebc55cf30ae9281b02d5,0xe93bc5b2088eac5b7bf3aabb6db9a40b079f5ffc,EOA,,-8778141659681376262818,-8778.141659681376262818
0x6110c258c007d8d68d3e6e6a4974b761396e3dbc2d771a84bc99411297320e66,FIRE,0x43eea882b845a8493152ebc55cf30ae9281b02d5,0x8366a39cc670b4001a1121b8f6a443a643e40951,INFRASTRUCTURE,Uniswap V4 PoolManager,8778141659681376262818,8778.141659681376262818
0x6110c258c007d8d68d3e6e6a4974b761396e3dbc2d771a84bc99411297320e66,WETH,0x0bd7d308f8e1639fab988df18a8011f41eacad73,0x8366a39cc670b4001a1121b8f6a443a643e40951,INFRASTRUCTURE,Uniswap V4 PoolManager,-1621268021230368,-0.001621268021230368
0x6110c258c007d8d68d3e6e6a4974b761396e3dbc2d771a84bc99411297320e66,WETH,0x0bd7d308f8e1639fab988df18a8011f41eacad73,0x0000000000000000000000000000000000000000,EOA,,1621268021230368,0.001621268021230368
0x6110c258c007d8d68d3e6e6a4974b761396e3dbc2d771a84bc99411297320e66,ETH,0x0000000000000000000000000000000000000000,0x0bd7d308f8e1639fab988df18a8011f41eacad73,INFRASTRUCTURE,WETH contract,-1621268021230368,-0.001621268021230368
0x6110c258c007d8d68d3e6e6a4974b761396e3dbc2d771a84bc99411297320e66,ETH,0x0000000000000000000000000000000000000000,0xe93bc5b2088eac5b7bf3aabb6db9a40b079f5ffc,EOA,,1621268021230368,0.001621268021230368
0x64a1b87235edb8fce25e9797dd1b136374359256b00edc9f48a966f7a5f7c27e,BOWYER,0xaf4c10fef50059d1e3e8ab1c80e46db6a76098b4,0x0e1061b46f4fddf9c74ee0febd722c1fed6c93b6,EOA_7702,,-325229856122621035253939,-325229.856122621035253939
0x64a1b87235edb8fce25e9797dd1b136374359256b00edc9f48a966f7a5f7c27e,BOWYER,0xaf4c10fef50059d1e3e8ab1c80e46db6a76098b4,0xaf4c10fef50059d1e3e8ab1c80e46db6a76098b4,CONTRACT,,3252298561226210352539,3252.298561226210352539
0x64a1b87235edb8fce25e9797dd1b136374359256b00edc9f48a966f7a5f7c27e,BOWYER,0xaf4c10fef50059d1e3e8ab1c80e46db6a76098b4,0xc4ad95e1bc22cac4e163f3405b14729e6462f504,CONTRACT,,321977557561394824901400,321977.5575613948249014
0x64a1b87235edb8fce25e9797dd1b136374359256b00edc9f48a966f7a5f7c27e,VIRTUAL,0xc6911796042b15d7fa4f6cde69e245ddcd3d9c31,0xc4ad95e1bc22cac4e163f3405b14729e6462f504,CONTRACT,,-298745127769760216554,-298.745127769760216554
0x64a1b87235edb8fce25e9797dd1b136374359256b00edc9f48a966f7a5f7c27e,VIRTUAL,0xc6911796042b15d7fa4f6cde69e245ddcd3d9c31,0x9cc8c4f6118419a27f113723f1dea646685be55f,CONTRACT,,248944314970541188454,248.944314970541188454
0x64a1b87235edb8fce25e9797dd1b136374359256b00edc9f48a966f7a5f7c27e,VIRTUAL,0xc6911796042b15d7fa4f6cde69e245ddcd3d9c31,0x851d1b0342d2257a4172826b68221d2366c1c6b5,CONTRACT,,49800812799219028100,49.8008127992190281
0x64a1b87235edb8fce25e9797dd1b136374359256b00edc9f48a966f7a5f7c27e,WETH,0x0bd7d308f8e1639fab988df18a8011f41eacad73,0x9cc8c4f6118419a27f113723f1dea646685be55f,CONTRACT,,-80535312164624874,-0.080535312164624874
0x64a1b87235edb8fce25e9797dd1b136374359256b00edc9f48a966f7a5f7c27e,WETH,0x0bd7d308f8e1639fab988df18a8011f41eacad73,0x851d1b0342d2257a4172826b68221d2366c1c6b5,CONTRACT,,-16100704534907228,-0.016100704534907228
0x64a1b87235edb8fce25e9797dd1b136374359256b00edc9f48a966f7a5f7c27e,WETH,0x0bd7d308f8e1639fab988df18a8011f41eacad73,0x52e65b17fb6e5ba00ed806f37afcd2daa50271ca,CONTRACT,,130326200012991026,0.130326200012991026
0x64a1b87235edb8fce25e9797dd1b136374359256b00edc9f48a966f7a5f7c27e,WETH,0x0bd7d308f8e1639fab988df18a8011f41eacad73,0x0000000000000000000000000000000000000000,EOA,,946070378332,9.46070378332E-7
0x64a1b87235edb8fce25e9797dd1b136374359256b00edc9f48a966f7a5f7c27e,WETH,0x0bd7d308f8e1639fab988df18a8011f41eacad73,0x3140e614cbebfed42a34e1c3cc52801f83c7e263,CONTRACT,,-33691129383837256,-0.033691129383837256
0x64a1b87235edb8fce25e9797dd1b136374359256b00edc9f48a966f7a5f7c27e,USDG,0x5fc5360d0400a0fd4f2af552add042d716f1d168,0x52e65b17fb6e5ba00ed806f37afcd2daa50271ca,CONTRACT,,-250970663,-250.970663
0x64a1b87235edb8fce25e9797dd1b136374359256b00edc9f48a966f7a5f7c27e,USDG,0x5fc5360d0400a0fd4f2af552add042d716f1d168,0x8366a39cc670b4001a1121b8f6a443a643e40951,INFRASTRUCTURE,Uniswap V4 PoolManager,-1901863,-1.901863
0x64a1b87235edb8fce25e9797dd1b136374359256b00edc9f48a966f7a5f7c27e,USDG,0x5fc5360d0400a0fd4f2af552add042d716f1d168,0x4cd00e387622c35bddb9b4c962c136462338bc31,CONTRACT,,252872526,252.872526
0x64a1b87235edb8fce25e9797dd1b136374359256b00edc9f48a966f7a5f7c27e,CUSTODIAN,0x481fafe6f55ebcbe6b512c39d1c9f8e4f6ad2a00,0xe677efcf5bc895da95e742c04de66f81a3b663b9,EOA_7702,,-6125196235183878369545830,-6125196.23518387836954583
0x64a1b87235edb8fce25e9797dd1b136374359256b00edc9f48a966f7a5f7c27e,CUSTODIAN,0x481fafe6f55ebcbe6b512c39d1c9f8e4f6ad2a00,0x3140e614cbebfed42a34e1c3cc52801f83c7e263,CONTRACT,,6125196235183878369545830,6125196.23518387836954583
0x64a1b87235edb8fce25e9797dd1b136374359256b00edc9f48a966f7a5f7c27e,FIRE,0x43eea882b845a8493152ebc55cf30ae9281b02d5,0x3268eebced4018c5321d904121c10111a4700daf,EOA_7702,,-2144511156283800000000,-2144.5111562838
0x64a1b87235edb8fce25e9797dd1b136374359256b00edc9f48a966f7a5f7c27e,FIRE,0x43eea882b845a8493152ebc55cf30ae9281b02d5,0x8366a39cc670b4001a1121b8f6a443a643e40951,INFRASTRUCTURE,Uniswap V4 PoolManager,2144511156283800000000,2144.5111562838
0x64a1b87235edb8fce25e9797dd1b136374359256b00edc9f48a966f7a5f7c27e,ETH,0x0000000000000000000000000000000000000000,0x0bd7d308f8e1639fab988df18a8011f41eacad73,INFRASTRUCTURE,WETH contract,-15500417078604950,-0.01550041707860495
0x64a1b87235edb8fce25e9797dd1b136374359256b00edc9f48a966f7a5f7c27e,ETH,0x0000000000000000000000000000000000000000,0x8366a39cc670b4001a1121b8f6a443a643e40951,INFRASTRUCTURE,Uniswap V4 PoolManager,946070378332,9.46070378332E-7
0x64a1b87235edb8fce25e9797dd1b136374359256b00edc9f48a966f7a5f7c27e,ETH,0x0000000000000000000000000000000000000000,0xc6b81b429797e0f555440b70cd99e032d7ae947e,CONTRACT,,15499471008226618,0.015499471008226618
0x2ad27c41fc2e78348a7b3768167319d33f6e3484e4cdccb5ae8eac03eda82ad1,WETH,0x0bd7d308f8e1639fab988df18a8011f41eacad73,0x52e65b17fb6e5ba00ed806f37afcd2daa50271ca,CONTRACT,,-52428684134422301,-0.052428684134422301
0x2ad27c41fc2e78348a7b3768167319d33f6e3484e4cdccb5ae8eac03eda82ad1,WETH,0x0bd7d308f8e1639fab988df18a8011f41eacad73,0x0000000000000000000000000000000000000000,EOA,,52428684134422301,0.052428684134422301
0x2ad27c41fc2e78348a7b3768167319d33f6e3484e4cdccb5ae8eac03eda82ad1,USDG,0x5fc5360d0400a0fd4f2af552add042d716f1d168,0x8366a39cc670b4001a1121b8f6a443a643e40951,INFRASTRUCTURE,Uniswap V4 PoolManager,-100907144,-100.907144
0x2ad27c41fc2e78348a7b3768167319d33f6e3484e4cdccb5ae8eac03eda82ad1,USDG,0x5fc5360d0400a0fd4f2af552add042d716f1d168,0x52e65b17fb6e5ba00ed806f37afcd2daa50271ca,CONTRACT,,100907144,100.907144
0x2ad27c41fc2e78348a7b3768167319d33f6e3484e4cdccb5ae8eac03eda82ad1,ETH,0x0000000000000000000000000000000000000000,0x8366a39cc670b4001a1121b8f6a443a643e40951,INFRASTRUCTURE,Uniswap V4 PoolManager,31002183090225312,0.031002183090225312
0x2ad27c41fc2e78348a7b3768167319d33f6e3484e4cdccb5ae8eac03eda82ad1,ETH,0x0000000000000000000000000000000000000000,0xe3fa8fa0d0a3f59c9b08ea0fe36d654a506850cc,CONTRACT,,632697614086230,0.00063269761408623
0x2ad27c41fc2e78348a7b3768167319d33f6e3484e4cdccb5ae8eac03eda82ad1,ETH,0x0000000000000000000000000000000000000000,0x0bd7d308f8e1639fab988df18a8011f41eacad73,INFRASTRUCTURE,WETH contract,-52428684134422301,-0.052428684134422301
0x2ad27c41fc2e78348a7b3768167319d33f6e3484e4cdccb5ae8eac03eda82ad1,ETH,0x0000000000000000000000000000000000000000,0xa633c73658857d5241fe21d43f854a82e2d0592c,CONTRACT,,-31634880704311542,-0.031634880704311542
0x2ad27c41fc2e78348a7b3768167319d33f6e3484e4cdccb5ae8eac03eda82ad1,ETH,0x0000000000000000000000000000000000000000,0x9622a5f4c3f5fef73cb71da0bff3ed86a8203056,CONTRACT,,31634880704311542,0.031634880704311542
0x2ad27c41fc2e78348a7b3768167319d33f6e3484e4cdccb5ae8eac03eda82ad1,ETH,0x0000000000000000000000000000000000000000,0x743be0db30148336a3db479f19d4e1828b293869,EOA,,15352060801770000,0.01535206080177
0x2ad27c41fc2e78348a7b3768167319d33f6e3484e4cdccb5ae8eac03eda82ad1,ETH,0x0000000000000000000000000000000000000000,0x33eabd63853e74ff70d8b89982dfb5bc3eb0a189,EOA,,5441742628340759,0.005441742628340759
0x68bd9a33708ae4c5d59865eff34299b17d489d38e8bbacbd7bd6b275ee14ad85,WETH,0x0bd7d308f8e1639fab988df18a8011f41eacad73,0x0000000000000000000000000000000000000000,EOA,,4120771587275979,0.004120771587275979
0x68bd9a33708ae4c5d59865eff34299b17d489d38e8bbacbd7bd6b275ee14ad85,WETH,0x0bd7d308f8e1639fab988df18a8011f41eacad73,0x52e65b17fb6e5ba00ed806f37afcd2daa50271ca,CONTRACT,,-4322351486420254,-0.004322351486420254
0x68bd9a33708ae4c5d59865eff34299b17d489d38e8bbacbd7bd6b275ee14ad85,WETH,0x0bd7d308f8e1639fab988df18a8011f41eacad73,0x33eabd63853e74ff70d8b89982dfb5bc3eb0a189,EOA,,201579899144275,0.000201579899144275
0x68bd9a33708ae4c5d59865eff34299b17d489d38e8bbacbd7bd6b275ee14ad85,USDG,0x5fc5360d0400a0fd4f2af552add042d716f1d168,0x8366a39cc670b4001a1121b8f6a443a643e40951,INFRASTRUCTURE,Uniswap V4 PoolManager,-8325636,-8.325636
0x68bd9a33708ae4c5d59865eff34299b17d489d38e8bbacbd7bd6b275ee14ad85,USDG,0x5fc5360d0400a0fd4f2af552add042d716f1d168,0x52e65b17fb6e5ba00ed806f37afcd2daa50271ca,CONTRACT,,8325636,8.325636
0x68bd9a33708ae4c5d59865eff34299b17d489d38e8bbacbd7bd6b275ee14ad85,ETH,0x0000000000000000000000000000000000000000,0x8366a39cc670b4001a1121b8f6a443a643e40951,INFRASTRUCTURE,Uniswap V4 PoolManager,4038356155530461,0.004038356155530461
0x68bd9a33708ae4c5d59865eff34299b17d489d38e8bbacbd7bd6b275ee14ad85,ETH,0x0000000000000000000000000000000000000000,0xe3fa8fa0d0a3f59c9b08ea0fe36d654a506850cc,CONTRACT,,82415431745518,0.000082415431745518
0x68bd9a33708ae4c5d59865eff34299b17d489d38e8bbacbd7bd6b275ee14ad85,ETH,0x0000000000000000000000000000000000000000,0x0bd7d308f8e1639fab988df18a8011f41eacad73,INFRASTRUCTURE,WETH contract,-8241543174551958,-0.008241543174551958
0x68bd9a33708ae4c5d59865eff34299b17d489d38e8bbacbd7bd6b275ee14ad85,ETH,0x0000000000000000000000000000000000000000,0xc6b81b429797e0f555440b70cd99e032d7ae947e,CONTRACT,,4120771587275979,0.004120771587275979
0x68bd9a33708ae4c5d59865eff34299b17d489d38e8bbacbd7bd6b275ee14ad85,ETH,0x0000000000000000000000000000000000000000,0xa633c73658857d5241fe21d43f854a82e2d0592c,CONTRACT,,-4120771587275979,-0.004120771587275979
0x68bd9a33708ae4c5d59865eff34299b17d489d38e8bbacbd7bd6b275ee14ad85,ETH,0x0000000000000000000000000000000000000000,0x9622a5f4c3f5fef73cb71da0bff3ed86a8203056,CONTRACT,,4120771587275979,0.004120771587275979
0x097b2738e51cb10e5e345239b790a8c23a26263ccdb25a9229f7e264eb799021,FIRE,0x43eea882b845a8493152ebc55cf30ae9281b02d5,0xe0077b307550eff13aad4a163be7c1d99b22314d,EOA_7702,,-4144008340027574371295,-4144.008340027574371295
0x097b2738e51cb10e5e345239b790a8c23a26263ccdb25a9229f7e264eb799021,FIRE,0x43eea882b845a8493152ebc55cf30ae9281b02d5,0x8366a39cc670b4001a1121b8f6a443a643e40951,INFRASTRUCTURE,Uniswap V4 PoolManager,4144008340027574371295,4144.008340027574371295
0x097b2738e51cb10e5e345239b790a8c23a26263ccdb25a9229f7e264eb799021,USDG,0x5fc5360d0400a0fd4f2af552add042d716f1d168,0x8366a39cc670b4001a1121b8f6a443a643e40951,INFRASTRUCTURE,Uniswap V4 PoolManager,-3023953,-3.023953
0x097b2738e51cb10e5e345239b790a8c23a26263ccdb25a9229f7e264eb799021,USDG,0x5fc5360d0400a0fd4f2af552add042d716f1d168,0x4cd00e387622c35bddb9b4c962c136462338bc31,CONTRACT,,3023953,3.023953
0xca79f4c1188e23915caf67d7e9ccb19b9b25309c0a8d24ec2ab6b2541b359afe,FIRE,0x43eea882b845a8493152ebc55cf30ae9281b02d5,0x23845fb6645bbb694d4089c920794b9cf6ae61c6,EOA_7702,,-2687147082643713950290,-2687.14708264371395029
0xca79f4c1188e23915caf67d7e9ccb19b9b25309c0a8d24ec2ab6b2541b359afe,FIRE,0x43eea882b845a8493152ebc55cf30ae9281b02d5,0x8366a39cc670b4001a1121b8f6a443a643e40951,INFRASTRUCTURE,Uniswap V4 PoolManager,2687147082643713950290,2687.14708264371395029
0xca79f4c1188e23915caf67d7e9ccb19b9b25309c0a8d24ec2ab6b2541b359afe,USDG,0x5fc5360d0400a0fd4f2af552add042d716f1d168,0x8366a39cc670b4001a1121b8f6a443a643e40951,INFRASTRUCTURE,Uniswap V4 PoolManager,-1913554,-1.913554
0xca79f4c1188e23915caf67d7e9ccb19b9b25309c0a8d24ec2ab6b2541b359afe,USDG,0x5fc5360d0400a0fd4f2af552add042d716f1d168,0x4cd00e387622c35bddb9b4c962c136462338bc31,CONTRACT,,1913554,1.913554
0x1b7c5c26aa9724794d5b9685cb306f0c9dc05a8811a5d2caf734c6b5a1446268,FIRE,0x43eea882b845a8493152ebc55cf30ae9281b02d5,0x7a09760387b078c9e255467c8c5620e25f8a16af,EOA_7702,,-4013434474768100000000,-4013.4344747681
0x1b7c5c26aa9724794d5b9685cb306f0c9dc05a8811a5d2caf734c6b5a1446268,FIRE,0x43eea882b845a8493152ebc55cf30ae9281b02d5,0x8366a39cc670b4001a1121b8f6a443a643e40951,INFRASTRUCTURE,Uniswap V4 PoolManager,4013434474768100000000,4013.4344747681
0x1b7c5c26aa9724794d5b9685cb306f0c9dc05a8811a5d2caf734c6b5a1446268,USDG,0x5fc5360d0400a0fd4f2af552add042d716f1d168,0x8366a39cc670b4001a1121b8f6a443a643e40951,INFRASTRUCTURE,Uniswap V4 PoolManager,-2792735,-2.792735
0x1b7c5c26aa9724794d5b9685cb306f0c9dc05a8811a5d2caf734c6b5a1446268,USDG,0x5fc5360d0400a0fd4f2af552add042d716f1d168,0x4cd00e387622c35bddb9b4c962c136462338bc31,CONTRACT,,2792735,2.792735
0xf50ffe042627593be4497336916db1f1ff1386c3e9a1055da47b66365dfa06f7,FIRE,0x43eea882b845a8493152ebc55cf30ae9281b02d5,0x35f17f653000b663c3f28667bcd68b2e17d460d7,EOA,,-10000000000000000000000,-10000
0xf50ffe042627593be4497336916db1f1ff1386c3e9a1055da47b66365dfa06f7,FIRE,0x43eea882b845a8493152ebc55cf30ae9281b02d5,0x8366a39cc670b4001a1121b8f6a443a643e40951,INFRASTRUCTURE,Uniswap V4 PoolManager,10000000000000000000000,10000
0xf50ffe042627593be4497336916db1f1ff1386c3e9a1055da47b66365dfa06f7,USDG,0x5fc5360d0400a0fd4f2af552add042d716f1d168,0x8366a39cc670b4001a1121b8f6a443a643e40951,INFRASTRUCTURE,Uniswap V4 PoolManager,-7248075,-7.248075
0xf50ffe042627593be4497336916db1f1ff1386c3e9a1055da47b66365dfa06f7,USDG,0x5fc5360d0400a0fd4f2af552add042d716f1d168,0x52e65b17fb6e5ba00ed806f37afcd2daa50271ca,CONTRACT,,7248075,7.248075
0xf50ffe042627593be4497336916db1f1ff1386c3e9a1055da47b66365dfa06f7,WETH,0x0bd7d308f8e1639fab988df18a8011f41eacad73,0x52e65b17fb6e5ba00ed806f37afcd2daa50271ca,CONTRACT,,-3807808396368030,-0.00380780839636803
0xf50ffe042627593be4497336916db1f1ff1386c3e9a1055da47b66365dfa06f7,WETH,0x0bd7d308f8e1639fab988df18a8011f41eacad73,0xd29893ffac8b29ec4db2cfe0cdb3fe1377c028ff,CONTRACT,,3807808396368030,0.00380780839636803
0xf50ffe042627593be4497336916db1f1ff1386c3e9a1055da47b66365dfa06f7,Index,0x56910d4409f3a0c78c64dd8d0545ff0705389870,0xd29893ffac8b29ec4db2cfe0cdb3fe1377c028ff,CONTRACT,,-907536007310048128714,-907.536007310048128714
0xf50ffe042627593be4497336916db1f1ff1386c3e9a1055da47b66365dfa06f7,Index,0x56910d4409f3a0c78c64dd8d0545ff0705389870,0x8fb79468b6273de01370f01d0ba7784c1753a820,EOA,,907536007310048128714,907.536007310048128714
0xb9502a70234e44da590669bafad43ccba5d1bdc3ff0ee130843da13ee40b7959,USDG,0x5fc5360d0400a0fd4f2af552add042d716f1d168,0x8366a39cc670b4001a1121b8f6a443a643e40951,INFRASTRUCTURE,Uniswap V4 PoolManager,-7055577,-7.055577
0xb9502a70234e44da590669bafad43ccba5d1bdc3ff0ee130843da13ee40b7959,USDG,0x5fc5360d0400a0fd4f2af552add042d716f1d168,0x52e65b17fb6e5ba00ed806f37afcd2daa50271ca,CONTRACT,,7055577,7.055577
0xb9502a70234e44da590669bafad43ccba5d1bdc3ff0ee130843da13ee40b7959,WETH,0x0bd7d308f8e1639fab988df18a8011f41eacad73,0x52e65b17fb6e5ba00ed806f37afcd2daa50271ca,CONTRACT,,-3709473317415020,-0.00370947331741502
0xb9502a70234e44da590669bafad43ccba5d1bdc3ff0ee130843da13ee40b7959,WETH,0x0bd7d308f8e1639fab988df18a8011f41eacad73,0x0000000000000000000000000000000000000000,EOA,,3709473317415020,0.00370947331741502
0xb9502a70234e44da590669bafad43ccba5d1bdc3ff0ee130843da13ee40b7959,ETH,0x0000000000000000000000000000000000000000,0x8366a39cc670b4001a1121b8f6a443a643e40951,INFRASTRUCTURE,Uniswap V4 PoolManager,3506055801907824,0.003506055801907824
0xb9502a70234e44da590669bafad43ccba5d1bdc3ff0ee130843da13ee40b7959,ETH,0x0000000000000000000000000000000000000000,0xe3fa8fa0d0a3f59c9b08ea0fe36d654a506850cc,CONTRACT,,35414705069776,0.000035414705069776
0xb9502a70234e44da590669bafad43ccba5d1bdc3ff0ee130843da13ee40b7959,ETH,0x0000000000000000000000000000000000000000,0x0bd7d308f8e1639fab988df18a8011f41eacad73,INFRASTRUCTURE,WETH contract,-3709473317415020,-0.00370947331741502
0xb9502a70234e44da590669bafad43ccba5d1bdc3ff0ee130843da13ee40b7959,ETH,0x0000000000000000000000000000000000000000,0x1521027b665fa38fa4a642991607ad708376dd7b,CONTRACT,,-3541470506977600,-0.0035414705069776
0xb9502a70234e44da590669bafad43ccba5d1bdc3ff0ee130843da13ee40b7959,ETH,0x0000000000000000000000000000000000000000,0x5884b599ff8c2a5ec74ff13f57c6fcfb9849252c,CONTRACT,,3541470506977600,0.0035414705069776
0xb9502a70234e44da590669bafad43ccba5d1bdc3ff0ee130843da13ee40b7959,ETH,0x0000000000000000000000000000000000000000,0x3cf17add1de1cb251b236a4f3571c0d34e41338b,EOA,,168002810437420,0.00016800281043742
0x97b9df076fe1a90f52805aa1e411b3aea2d37c841459cb7e946b4df94e341ce7,FIRE,0x43eea882b845a8493152ebc55cf30ae9281b02d5,0x0db8a59558dad8e67b5b4d4ea6aabf9f96bf075d,EOA,,-5198175976119336126776,-5198.175976119336126776
0x97b9df076fe1a90f52805aa1e411b3aea2d37c841459cb7e946b4df94e341ce7,FIRE,0x43eea882b845a8493152ebc55cf30ae9281b02d5,0x8366a39cc670b4001a1121b8f6a443a643e40951,INFRASTRUCTURE,Uniswap V4 PoolManager,5198175976119336126776,5198.175976119336126776
0x97b9df076fe1a90f52805aa1e411b3aea2d37c841459cb7e946b4df94e341ce7,USDG,0x5fc5360d0400a0fd4f2af552add042d716f1d168,0x8366a39cc670b4001a1121b8f6a443a643e40951,INFRASTRUCTURE,Uniswap V4 PoolManager,-3395128,-3.395128
0x97b9df076fe1a90f52805aa1e411b3aea2d37c841459cb7e946b4df94e341ce7,USDG,0x5fc5360d0400a0fd4f2af552add042d716f1d168,0x6ea08ca8f313d860808ef7431fc72c6fbcf4a72d,EOA,,16975,0.016975
0x97b9df076fe1a90f52805aa1e411b3aea2d37c841459cb7e946b4df94e341ce7,USDG,0x5fc5360d0400a0fd4f2af552add042d716f1d168,0x0db8a59558dad8e67b5b4d4ea6aabf9f96bf075d,EOA,,3378153,3.378153
0x135bd717c3349de7177b85bdc54da7f302b9f20b3f31114010891e39108e4b5f,FIRE,0x43eea882b845a8493152ebc55cf30ae9281b02d5,0x35f17f653000b663c3f28667bcd68b2e17d460d7,EOA,,-18421108105528225337389,-18421.108105528225337389
0x135bd717c3349de7177b85bdc54da7f302b9f20b3f31114010891e39108e4b5f,FIRE,0x43eea882b845a8493152ebc55cf30ae9281b02d5,0x8366a39cc670b4001a1121b8f6a443a643e40951,INFRASTRUCTURE,Uniswap V4 PoolManager,18421108105528225337389,18421.108105528225337389
0x135bd717c3349de7177b85bdc54da7f302b9f20b3f31114010891e39108e4b5f,USDG,0x5fc5360d0400a0fd4f2af552add042d716f1d168,0x8366a39cc670b4001a1121b8f6a443a643e40951,INFRASTRUCTURE,Uniswap V4 PoolManager,-10351809,-10.351809
0x135bd717c3349de7177b85bdc54da7f302b9f20b3f31114010891e39108e4b5f,USDG,0x5fc5360d0400a0fd4f2af552add042d716f1d168,0x00000000000014aa86c5d3c41765bb24e11bd701,CONTRACT,,10351809,10.351809
0x135bd717c3349de7177b85bdc54da7f302b9f20b3f31114010891e39108e4b5f,ETH,0x0000000000000000000000000000000000000000,0x00000000000014aa86c5d3c41765bb24e11bd701,CONTRACT,,-5454826957588302,-0.005454826957588302
0x135bd717c3349de7177b85bdc54da7f302b9f20b3f31114010891e39108e4b5f,ETH,0x0000000000000000000000000000000000000000,0x0bd7d308f8e1639fab988df18a8011f41eacad73,INFRASTRUCTURE,WETH contract,-5454826957588302,-0.005454826957588302
0x135bd717c3349de7177b85bdc54da7f302b9f20b3f31114010891e39108e4b5f,ETH,0x0000000000000000000000000000000000000000,0xc6b81b429797e0f555440b70cd99e032d7ae947e,CONTRACT,,5454826957588302,0.005454826957588302
0x135bd717c3349de7177b85bdc54da7f302b9f20b3f31114010891e39108e4b5f,ETH,0x0000000000000000000000000000000000000000,0xf70da97812cb96acdf810712aa562db8dfa3dbef,EOA,,8100418032006,0.000008100418032006
0x135bd717c3349de7177b85bdc54da7f302b9f20b3f31114010891e39108e4b5f,ETH,0x0000000000000000000000000000000000000000,0x35f17f653000b663c3f28667bcd68b2e17d460d7,EOA,,5446726539556296,0.005446726539556296
0xa97ad7f27d90da24c92f43509caac6d31a648688eae53f8eb698c43909a8d938,WETH,0x0bd7d308f8e1639fab988df18a8011f41eacad73,0x0000000000000000000000000000000000000000,EOA,,3529215355149175,0.003529215355149175
0xa97ad7f27d90da24c92f43509caac6d31a648688eae53f8eb698c43909a8d938,WETH,0x0bd7d308f8e1639fab988df18a8011f41eacad73,0x52e65b17fb6e5ba00ed806f37afcd2daa50271ca,CONTRACT,,-3639779102772136,-0.003639779102772136
0xa97ad7f27d90da24c92f43509caac6d31a648688eae53f8eb698c43909a8d938,WETH,0x0bd7d308f8e1639fab988df18a8011f41eacad73,0x33eabd63853e74ff70d8b89982dfb5bc3eb0a189,EOA,,110563747622961,0.000110563747622961
0xa97ad7f27d90da24c92f43509caac6d31a648688eae53f8eb698c43909a8d938,USDG,0x5fc5360d0400a0fd4f2af552add042d716f1d168,0x8366a39cc670b4001a1121b8f6a443a643e40951,INFRASTRUCTURE,Uniswap V4 PoolManager,-6905387,-6.905387
0xa97ad7f27d90da24c92f43509caac6d31a648688eae53f8eb698c43909a8d938,USDG,0x5fc5360d0400a0fd4f2af552add042d716f1d168,0x52e65b17fb6e5ba00ed806f37afcd2daa50271ca,CONTRACT,,6905387,6.905387
0xa97ad7f27d90da24c92f43509caac6d31a648688eae53f8eb698c43909a8d938,ETH,0x0000000000000000000000000000000000000000,0x8366a39cc670b4001a1121b8f6a443a643e40951,INFRASTRUCTURE,Uniswap V4 PoolManager,3458631048046193,0.003458631048046193
0xa97ad7f27d90da24c92f43509caac6d31a648688eae53f8eb698c43909a8d938,ETH,0x0000000000000000000000000000000000000000,0xe3fa8fa0d0a3f59c9b08ea0fe36d654a506850cc,CONTRACT,,70584307102982,0.000070584307102982
0xa97ad7f27d90da24c92f43509caac6d31a648688eae53f8eb698c43909a8d938,ETH,0x0000000000000000000000000000000000000000,0x0bd7d308f8e1639fab988df18a8011f41eacad73,INFRASTRUCTURE,WETH contract,-7058430710298350,-0.00705843071029835
0xa97ad7f27d90da24c92f43509caac6d31a648688eae53f8eb698c43909a8d938,ETH,0x0000000000000000000000000000000000000000,0xc6b81b429797e0f555440b70cd99e032d7ae947e,CONTRACT,,3529215355149175,0.003529215355149175
0xa97ad7f27d90da24c92f43509caac6d31a648688eae53f8eb698c43909a8d938,ETH,0x0000000000000000000000000000000000000000,0xa633c73658857d5241fe21d43f854a82e2d0592c,CONTRACT,,-3529215355149175,-0.003529215355149175
0xa97ad7f27d90da24c92f43509caac6d31a648688eae53f8eb698c43909a8d938,ETH,0x0000000000000000000000000000000000000000,0x9622a5f4c3f5fef73cb71da0bff3ed86a8203056,CONTRACT,,3529215355149175,0.003529215355149175
0x630c9b30fa769998cca874382f6ce605547baff0d96be7a5f15a2778cb2bd549,FIRE,0x43eea882b845a8493152ebc55cf30ae9281b02d5,0x35f17f653000b663c3f28667bcd68b2e17d460d7,EOA,,-20000000000000000000000,-20000
0x630c9b30fa769998cca874382f6ce605547baff0d96be7a5f15a2778cb2bd549,FIRE,0x43eea882b845a8493152ebc55cf30ae9281b02d5,0x8366a39cc670b4001a1121b8f6a443a643e40951,INFRASTRUCTURE,Uniswap V4 PoolManager,20000000000000000000000,20000
0x630c9b30fa769998cca874382f6ce605547baff0d96be7a5f15a2778cb2bd549,Index,0x56910d4409f3a0c78c64dd8d0545ff0705389870,0x8366a39cc670b4001a1121b8f6a443a643e40951,INFRASTRUCTURE,Uniswap V4 PoolManager,-1607229734823383987075,-1607.229734823383987075
0x630c9b30fa769998cca874382f6ce605547baff0d96be7a5f15a2778cb2bd549,Index,0x56910d4409f3a0c78c64dd8d0545ff0705389870,0x8fb79468b6273de01370f01d0ba7784c1753a820,EOA,,1607229734823383987075,1607.229734823383987075
0x01db8a735a57fb324ebe09bbdf29dae1e3dd51d9224019b363d984cdf2a9ae09,WETH,0x0bd7d308f8e1639fab988df18a8011f41eacad73,0x0000000000000000000000000000000000000000,EOA,,4504652507609346,0.004504652507609346
0x01db8a735a57fb324ebe09bbdf29dae1e3dd51d9224019b363d984cdf2a9ae09,WETH,0x0bd7d308f8e1639fab988df18a8011f41eacad73,0x52e65b17fb6e5ba00ed806f37afcd2daa50271ca,CONTRACT,,-4682701387434443,-0.004682701387434443
0x01db8a735a57fb324ebe09bbdf29dae1e3dd51d9224019b363d984cdf2a9ae09,WETH,0x0bd7d308f8e1639fab988df18a8011f41eacad73,0x33eabd63853e74ff70d8b89982dfb5bc3eb0a189,EOA,,178048879825097,0.000178048879825097
0x01db8a735a57fb324ebe09bbdf29dae1e3dd51d9224019b363d984cdf2a9ae09,USDG,0x5fc5360d0400a0fd4f2af552add042d716f1d168,0x8366a39cc670b4001a1121b8f6a443a643e40951,INFRASTRUCTURE,Uniswap V4 PoolManager,-8909087,-8.909087
0x01db8a735a57fb324ebe09bbdf29dae1e3dd51d9224019b363d984cdf2a9ae09,USDG,0x5fc5360d0400a0fd4f2af552add042d716f1d168,0x52e65b17fb6e5ba00ed806f37afcd2daa50271ca,CONTRACT,,8909087,8.909087
0x01db8a735a57fb324ebe09bbdf29dae1e3dd51d9224019b363d984cdf2a9ae09,ETH,0x0000000000000000000000000000000000000000,0x8366a39cc670b4001a1121b8f6a443a643e40951,INFRASTRUCTURE,Uniswap V4 PoolManager,4414559457457160,0.00441455945745716
0x01db8a735a57fb324ebe09bbdf29dae1e3dd51d9224019b363d984cdf2a9ae09,ETH,0x0000000000000000000000000000000000000000,0xe3fa8fa0d0a3f59c9b08ea0fe36d654a506850cc,CONTRACT,,90093050152186,0.000090093050152186
0x01db8a735a57fb324ebe09bbdf29dae1e3dd51d9224019b363d984cdf2a9ae09,ETH,0x0000000000000000000000000000000000000000,0x0bd7d308f8e1639fab988df18a8011f41eacad73,INFRASTRUCTURE,WETH contract,-9009305015218692,-0.009009305015218692
0x01db8a735a57fb324ebe09bbdf29dae1e3dd51d9224019b363d984cdf2a9ae09,ETH,0x0000000000000000000000000000000000000000,0xc6b81b429797e0f555440b70cd99e032d7ae947e,CONTRACT,,4504652507609346,0.004504652507609346
0x01db8a735a57fb324ebe09bbdf29dae1e3dd51d9224019b363d984cdf2a9ae09,ETH,0x0000000000000000000000000000000000000000,0xa633c73658857d5241fe21d43f854a82e2d0592c,CONTRACT,,-4504652507609346,-0.004504652507609346
0x01db8a735a57fb324ebe09bbdf29dae1e3dd51d9224019b363d984cdf2a9ae09,ETH,0x0000000000000000000000000000000000000000,0x9622a5f4c3f5fef73cb71da0bff3ed86a8203056,CONTRACT,,4504652507609346,0.004504652507609346
0x203f02389c183e2bc468da547fc60172b995b1f0ae25a73356fa8ab0751b1e08,WETH,0x0bd7d308f8e1639fab988df18a8011f41eacad73,0x0000000000000000000000000000000000000000,EOA,,13516009377373125,0.013516009377373125
0x203f02389c183e2bc468da547fc60172b995b1f0ae25a73356fa8ab0751b1e08,WETH,0x0bd7d308f8e1639fab988df18a8011f41eacad73,0xd95e8e2cd04c207625c6f23c974d365a5f3a91d3,CONTRACT,,-13516009377373125,-0.013516009377373125
0x203f02389c183e2bc468da547fc60172b995b1f0ae25a73356fa8ab0751b1e08,VIRTUAL,0xc6911796042b15d7fa4f6cde69e245ddcd3d9c31,0x8366a39cc670b4001a1121b8f6a443a643e40951,INFRASTRUCTURE,Uniswap V4 PoolManager,-42879301883939944023,-42.879301883939944023
0x203f02389c183e2bc468da547fc60172b995b1f0ae25a73356fa8ab0751b1e08,VIRTUAL,0xc6911796042b15d7fa4f6cde69e245ddcd3d9c31,0xd95e8e2cd04c207625c6f23c974d365a5f3a91d3,CONTRACT,,42879301883939944023,42.879301883939944023
0x203f02389c183e2bc468da547fc60172b995b1f0ae25a73356fa8ab0751b1e08,ETH,0x0000000000000000000000000000000000000000,0x8366a39cc670b4001a1121b8f6a443a643e40951,INFRASTRUCTURE,Uniswap V4 PoolManager,7278782342958011,0.007278782342958011
0x203f02389c183e2bc468da547fc60172b995b1f0ae25a73356fa8ab0751b1e08,ETH,0x0000000000000000000000000000000000000000,0xe3fa8fa0d0a3f59c9b08ea0fe36d654a506850cc,CONTRACT,,148546578427714,0.000148546578427714
0x203f02389c183e2bc468da547fc60172b995b1f0ae25a73356fa8ab0751b1e08,ETH,0x0000000000000000000000000000000000000000,0x0bd7d308f8e1639fab988df18a8011f41eacad73,INFRASTRUCTURE,WETH contract,-20943338298758850,-0.02094333829875885
0x203f02389c183e2bc468da547fc60172b995b1f0ae25a73356fa8ab0751b1e08,ETH,0x0000000000000000000000000000000000000000,0xc6b81b429797e0f555440b70cd99e032d7ae947e,CONTRACT,,7427328921385725,0.007427328921385725
0x203f02389c183e2bc468da547fc60172b995b1f0ae25a73356fa8ab0751b1e08,ETH,0x0000000000000000000000000000000000000000,0xa633c73658857d5241fe21d43f854a82e2d0592c,CONTRACT,,-7427328921385725,-0.007427328921385725
0x203f02389c183e2bc468da547fc60172b995b1f0ae25a73356fa8ab0751b1e08,ETH,0x0000000000000000000000000000000000000000,0x9622a5f4c3f5fef73cb71da0bff3ed86a8203056,CONTRACT,,7427328921385725,0.007427328921385725
0x203f02389c183e2bc468da547fc60172b995b1f0ae25a73356fa8ab0751b1e08,ETH,0x0000000000000000000000000000000000000000,0x743be0db30148336a3db479f19d4e1828b293869,EOA,,4529922887132100,0.0045299228871321
0x203f02389c183e2bc468da547fc60172b995b1f0ae25a73356fa8ab0751b1e08,ETH,0x0000000000000000000000000000000000000000,0x33eabd63853e74ff70d8b89982dfb5bc3eb0a189,EOA,,1558757568855300,0.0015587575688553
0x4666c008a31e451e8d3c630dca2bbc42bc05f0cc3c9ad314b5c335bd4f0cf1a2,WETH,0x0bd7d308f8e1639fab988df18a8011f41eacad73,0x0000000000000000000000000000000000000000,EOA,,40613477180453816,0.040613477180453816
0x4666c008a31e451e8d3c630dca2bbc42bc05f0cc3c9ad314b5c335bd4f0cf1a2,WETH,0x0bd7d308f8e1639fab988df18a8011f41eacad73,0x851d1b0342d2257a4172826b68221d2366c1c6b5,CONTRACT,,-62795869592457743,-0.062795869592457743
0x4666c008a31e451e8d3c630dca2bbc42bc05f0cc3c9ad314b5c335bd4f0cf1a2,WETH,0x0bd7d308f8e1639fab988df18a8011f41eacad73,0x33eabd63853e74ff70d8b89982dfb5bc3eb0a189,EOA,,22182392412003927,0.022182392412003927
0x4666c008a31e451e8d3c630dca2bbc42bc05f0cc3c9ad314b5c335bd4f0cf1a2,VIRTUAL,0xc6911796042b15d7fa4f6cde69e245ddcd3d9c31,0x8366a39cc670b4001a1121b8f6a443a643e40951,INFRASTRUCTURE,Uniswap V4 PoolManager,-198354121259071775478,-198.354121259071775478
0x4666c008a31e451e8d3c630dca2bbc42bc05f0cc3c9ad314b5c335bd4f0cf1a2,VIRTUAL,0xc6911796042b15d7fa4f6cde69e245ddcd3d9c31,0x851d1b0342d2257a4172826b68221d2366c1c6b5,CONTRACT,,198354121259071775478,198.354121259071775478
0x4666c008a31e451e8d3c630dca2bbc42bc05f0cc3c9ad314b5c335bd4f0cf1a2,ETH,0x0000000000000000000000000000000000000000,0x8366a39cc670b4001a1121b8f6a443a643e40951,INFRASTRUCTURE,Uniswap V4 PoolManager,39801207636844740,0.03980120763684474
0x4666c008a31e451e8d3c630dca2bbc42bc05f0cc3c9ad314b5c335bd4f0cf1a2,ETH,0x0000000000000000000000000000000000000000,0xe3fa8fa0d0a3f59c9b08ea0fe36d654a506850cc,CONTRACT,,812269543609076,0.000812269543609076
0x4666c008a31e451e8d3c630dca2bbc42bc05f0cc3c9ad314b5c335bd4f0cf1a2,ETH,0x0000000000000000000000000000000000000000,0x0bd7d308f8e1639fab988df18a8011f41eacad73,INFRASTRUCTURE,WETH contract,-81226954360907632,-0.081226954360907632
0x4666c008a31e451e8d3c630dca2bbc42bc05f0cc3c9ad314b5c335bd4f0cf1a2,ETH,0x0000000000000000000000000000000000000000,0xc6b81b429797e0f555440b70cd99e032d7ae947e,CONTRACT,,40613477180453816,0.040613477180453816
0x4666c008a31e451e8d3c630dca2bbc42bc05f0cc3c9ad314b5c335bd4f0cf1a2,ETH,0x0000000000000000000000000000000000000000,0xa633c73658857d5241fe21d43f854a82e2d0592c,CONTRACT,,-40613477180453816,-0.040613477180453816
0x4666c008a31e451e8d3c630dca2bbc42bc05f0cc3c9ad314b5c335bd4f0cf1a2,ETH,0x0000000000000000000000000000000000000000,0x9622a5f4c3f5fef73cb71da0bff3ed86a8203056,CONTRACT,,40613477180453816,0.040613477180453816
0x70b1124c104e7f8dfe01737b5544dbecc861c3f25cf1bd56c46baf973971292f,FIRE,0x43eea882b845a8493152ebc55cf30ae9281b02d5,0x95f44a617172de3938240a2d0a0f52df5dbd8f48,EOA_7702,,-4045059296016500000000,-4045.0592960165
0x70b1124c104e7f8dfe01737b5544dbecc861c3f25cf1bd56c46baf973971292f,FIRE,0x43eea882b845a8493152ebc55cf30ae9281b02d5,0x8366a39cc670b4001a1121b8f6a443a643e40951,INFRASTRUCTURE,Uniswap V4 PoolManager,4045059296016500000000,4045.0592960165
0x70b1124c104e7f8dfe01737b5544dbecc861c3f25cf1bd56c46baf973971292f,USDG,0x5fc5360d0400a0fd4f2af552add042d716f1d168,0x8366a39cc670b4001a1121b8f6a443a643e40951,INFRASTRUCTURE,Uniswap V4 PoolManager,-2544418,-2.544418
0x70b1124c104e7f8dfe01737b5544dbecc861c3f25cf1bd56c46baf973971292f,USDG,0x5fc5360d0400a0fd4f2af552add042d716f1d168,0x4cd00e387622c35bddb9b4c962c136462338bc31,CONTRACT,,2544418,2.544418
0x6c6b4aaa9824a3d21e7c0cea6b8310a1499f5d1f518e9cf7de9b8a1c8f9e4d08,FIRE,0x43eea882b845a8493152ebc55cf30ae9281b02d5,0x12eed01bbdeff4848296bfc608dedacbf4813902,EOA_7702,,-4657832824098800000000,-4657.8328240988
0x6c6b4aaa9824a3d21e7c0cea6b8310a1499f5d1f518e9cf7de9b8a1c8f9e4d08,FIRE,0x43eea882b845a8493152ebc55cf30ae9281b02d5,0x8366a39cc670b4001a1121b8f6a443a643e40951,INFRASTRUCTURE,Uniswap V4 PoolManager,4657832824098800000000,4657.8328240988
0x6c6b4aaa9824a3d21e7c0cea6b8310a1499f5d1f518e9cf7de9b8a1c8f9e4d08,USDG,0x5fc5360d0400a0fd4f2af552add042d716f1d168,0x8366a39cc670b4001a1121b8f6a443a643e40951,INFRASTRUCTURE,Uniswap V4 PoolManager,-2854402,-2.854402
0x6c6b4aaa9824a3d21e7c0cea6b8310a1499f5d1f518e9cf7de9b8a1c8f9e4d08,USDG,0x5fc5360d0400a0fd4f2af552add042d716f1d168,0x4cd00e387622c35bddb9b4c962c136462338bc31,CONTRACT,,2854402,2.854402
0xd9e13b883b337272b5fe7116a77c1cce3aab2b25bd5be1328633090937c46d85,WETH,0x0bd7d308f8e1639fab988df18a8011f41eacad73,0x8366a39cc670b4001a1121b8f6a443a643e40951,INFRASTRUCTURE,Uniswap V4 PoolManager,-6621460556477311,-0.006621460556477311
0xd9e13b883b337272b5fe7116a77c1cce3aab2b25bd5be1328633090937c46d85,WETH,0x0bd7d308f8e1639fab988df18a8011f41eacad73,0x0000000000000000000000000000000000000000,EOA,,4857482292734055,0.004857482292734055
0xd9e13b883b337272b5fe7116a77c1cce3aab2b25bd5be1328633090937c46d85,WETH,0x0bd7d308f8e1639fab988df18a8011f41eacad73,0x2185964d3b387461ef79c1841cadcfc4ea5ed639,EOA,,1763978263743256,0.001763978263743256
0xd9e13b883b337272b5fe7116a77c1cce3aab2b25bd5be1328633090937c46d85,ETH,0x0000000000000000000000000000000000000000,0x0bd7d308f8e1639fab988df18a8011f41eacad73,INFRASTRUCTURE,WETH contract,-4857482292734055,-0.004857482292734055
0xd9e13b883b337272b5fe7116a77c1cce3aab2b25bd5be1328633090937c46d85,ETH,0x0000000000000000000000000000000000000000,0x8366a39cc670b4001a1121b8f6a443a643e40951,INFRASTRUCTURE,Uniswap V4 PoolManager,4808907469806715,0.004808907469806715
0xd9e13b883b337272b5fe7116a77c1cce3aab2b25bd5be1328633090937c46d85,ETH,0x0000000000000000000000000000000000000000,0xe3fa8fa0d0a3f59c9b08ea0fe36d654a506850cc,CONTRACT,,48574822927340,0.00004857482292734
0x196f54a32b18ed5f42bf93c85c76bffbb0fa7d979dc8fa5a53260104d097b929,WETH,0x0bd7d308f8e1639fab988df18a8011f41eacad73,0x0000000000000000000000000000000000000000,EOA,,3512464788994339,0.003512464788994339
0x196f54a32b18ed5f42bf93c85c76bffbb0fa7d979dc8fa5a53260104d097b929,WETH,0x0bd7d308f8e1639fab988df18a8011f41eacad73,0x52e65b17fb6e5ba00ed806f37afcd2daa50271ca,CONTRACT,,-4314017086587073,-0.004314017086587073
0x196f54a32b18ed5f42bf93c85c76bffbb0fa7d979dc8fa5a53260104d097b929,WETH,0x0bd7d308f8e1639fab988df18a8011f41eacad73,0x2185964d3b387461ef79c1841cadcfc4ea5ed639,EOA,,801552297592734,0.000801552297592734
0x196f54a32b18ed5f42bf93c85c76bffbb0fa7d979dc8fa5a53260104d097b929,USDG,0x5fc5360d0400a0fd4f2af552add042d716f1d168,0x8366a39cc670b4001a1121b8f6a443a643e40951,INFRASTRUCTURE,Uniswap V4 PoolManager,-8038471,-8.038471
0x196f54a32b18ed5f42bf93c85c76bffbb0fa7d979dc8fa5a53260104d097b929,USDG,0x5fc5360d0400a0fd4f2af552add042d716f1d168,0x52e65b17fb6e5ba00ed806f37afcd2daa50271ca,CONTRACT,,8038471,8.038471
0x196f54a32b18ed5f42bf93c85c76bffbb0fa7d979dc8fa5a53260104d097b929,ETH,0x0000000000000000000000000000000000000000,0x0bd7d308f8e1639fab988df18a8011f41eacad73,INFRASTRUCTURE,WETH contract,-3512464788994339,-0.003512464788994339
0x196f54a32b18ed5f42bf93c85c76bffbb0fa7d979dc8fa5a53260104d097b929,ETH,0x0000000000000000000000000000000000000000,0x8366a39cc670b4001a1121b8f6a443a643e40951,INFRASTRUCTURE,Uniswap V4 PoolManager,3477340141104396,0.003477340141104396
0x196f54a32b18ed5f42bf93c85c76bffbb0fa7d979dc8fa5a53260104d097b929,ETH,0x0000000000000000000000000000000000000000,0xe3fa8fa0d0a3f59c9b08ea0fe36d654a506850cc,CONTRACT,,35124647889943,0.000035124647889943
0xa61be5392ead1d2f84d2e9088f3312f8dbc91a029bb41df80361aac0223fbcec,WETH,0x0bd7d308f8e1639fab988df18a8011f41eacad73,0x52e65b17fb6e5ba00ed806f37afcd2daa50271ca,CONTRACT,,-6917451249845971,-0.006917451249845971
0xa61be5392ead1d2f84d2e9088f3312f8dbc91a029bb41df80361aac0223fbcec,WETH,0x0bd7d308f8e1639fab988df18a8011f41eacad73,0x0000000000000000000000000000000000000000,EOA,,6917451249845971,0.006917451249845971
0xa61be5392ead1d2f84d2e9088f3312f8dbc91a029bb41df80361aac0223fbcec,USDG,0x5fc5360d0400a0fd4f2af552add042d716f1d168,0x8366a39cc670b4001a1121b8f6a443a643e40951,INFRASTRUCTURE,Uniswap V4 PoolManager,-13536994,-13.536994
0xa61be5392ead1d2f84d2e9088f3312f8dbc91a029bb41df80361aac0223fbcec,USDG,0x5fc5360d0400a0fd4f2af552add042d716f1d168,0x52e65b17fb6e5ba00ed806f37afcd2daa50271ca,CONTRACT,,12889550,12.88955
0xa61be5392ead1d2f84d2e9088f3312f8dbc91a029bb41df80361aac0223fbcec,USDG,0x5fc5360d0400a0fd4f2af552add042d716f1d168,0x33eabd63853e74ff70d8b89982dfb5bc3eb0a189,EOA,,647444,0.647444
0xa61be5392ead1d2f84d2e9088f3312f8dbc91a029bb41df80361aac0223fbcec,ETH,0x0000000000000000000000000000000000000000,0x8366a39cc670b4001a1121b8f6a443a643e40951,INFRASTRUCTURE,Uniswap V4 PoolManager,6779102224849053,0.006779102224849053
0xa61be5392ead1d2f84d2e9088f3312f8dbc91a029bb41df80361aac0223fbcec,ETH,0x0000000000000000000000000000000000000000,0xe3fa8fa0d0a3f59c9b08ea0fe36d654a506850cc,CONTRACT,,138349024996918,0.000138349024996918
0xa61be5392ead1d2f84d2e9088f3312f8dbc91a029bb41df80361aac0223fbcec,ETH,0x0000000000000000000000000000000000000000,0x0bd7d308f8e1639fab988df18a8011f41eacad73,INFRASTRUCTURE,WETH contract,-6917451249845971,-0.006917451249845971
0xa61be5392ead1d2f84d2e9088f3312f8dbc91a029bb41df80361aac0223fbcec,ETH,0x0000000000000000000000000000000000000000,0xa633c73658857d5241fe21d43f854a82e2d0592c,CONTRACT,,-6917451249845971,-0.006917451249845971
0xa61be5392ead1d2f84d2e9088f3312f8dbc91a029bb41df80361aac0223fbcec,ETH,0x0000000000000000000000000000000000000000,0x9622a5f4c3f5fef73cb71da0bff3ed86a8203056,CONTRACT,,6917451249845971,0.006917451249845971
0x13976748c9ec47f275cf18ed6261210d8c36624e6fba3344a21b65d6fd4ff9d1,FIRE,0x43eea882b845a8493152ebc55cf30ae9281b02d5,0x85c857ee7bf7c23b0f463b1c0e130f408b34e9eb,EOA_7702,,-4210894902325255219588,-4210.894902325255219588
0x13976748c9ec47f275cf18ed6261210d8c36624e6fba3344a21b65d6fd4ff9d1,FIRE,0x43eea882b845a8493152ebc55cf30ae9281b02d5,0x8366a39cc670b4001a1121b8f6a443a643e40951,INFRASTRUCTURE,Uniswap V4 PoolManager,4210894902325255219588,4210.894902325255219588
0x13976748c9ec47f275cf18ed6261210d8c36624e6fba3344a21b65d6fd4ff9d1,USDG,0x5fc5360d0400a0fd4f2af552add042d716f1d168,0x8366a39cc670b4001a1121b8f6a443a643e40951,INFRASTRUCTURE,Uniswap V4 PoolManager,-2939952,-2.939952
0x13976748c9ec47f275cf18ed6261210d8c36624e6fba3344a21b65d6fd4ff9d1,USDG,0x5fc5360d0400a0fd4f2af552add042d716f1d168,0x4cd00e387622c35bddb9b4c962c136462338bc31,CONTRACT,,2939952,2.939952
0x7228a91562d54ce26e73875288b1538ada3317fbdcce9cc194159c7f24a5959d,WETH,0x0bd7d308f8e1639fab988df18a8011f41eacad73,0x8366a39cc670b4001a1121b8f6a443a643e40951,INFRASTRUCTURE,Uniswap V4 PoolManager,-13597027201020094,-0.013597027201020094
0x7228a91562d54ce26e73875288b1538ada3317fbdcce9cc194159c7f24a5959d,WETH,0x0bd7d308f8e1639fab988df18a8011f41eacad73,0x0000000000000000000000000000000000000000,EOA,,12254149701551498,0.012254149701551498
0x7228a91562d54ce26e73875288b1538ada3317fbdcce9cc194159c7f24a5959d,WETH,0x0bd7d308f8e1639fab988df18a8011f41eacad73,0x2185964d3b387461ef79c1841cadcfc4ea5ed639,EOA,,1342877499468596,0.001342877499468596
0x7228a91562d54ce26e73875288b1538ada3317fbdcce9cc194159c7f24a5959d,ETH,0x0000000000000000000000000000000000000000,0x0bd7d308f8e1639fab988df18a8011f41eacad73,INFRASTRUCTURE,WETH contract,-12254149701551498,-0.012254149701551498
0x7228a91562d54ce26e73875288b1538ada3317fbdcce9cc194159c7f24a5959d,ETH,0x0000000000000000000000000000000000000000,0x8366a39cc670b4001a1121b8f6a443a643e40951,INFRASTRUCTURE,Uniswap V4 PoolManager,12131608204535984,0.012131608204535984
0x7228a91562d54ce26e73875288b1538ada3317fbdcce9cc194159c7f24a5959d,ETH,0x0000000000000000000000000000000000000000,0xe3fa8fa0d0a3f59c9b08ea0fe36d654a506850cc,CONTRACT,,122541497015514,0.000122541497015514
0x5343f529dde83de5a69f167746ef76f95f9350fe3a2c7e1f663e5caf9e71f257,FIRE,0x43eea882b845a8493152ebc55cf30ae9281b02d5,0xdc7e7358922826eaeb11f6ad0cbe3c109d96e705,EOA_7702,,-9850281982333738489040,-9850.28198233373848904
0x5343f529dde83de5a69f167746ef76f95f9350fe3a2c7e1f663e5caf9e71f257,FIRE,0x43eea882b845a8493152ebc55cf30ae9281b02d5,0x8366a39cc670b4001a1121b8f6a443a643e40951,INFRASTRUCTURE,Uniswap V4 PoolManager,9850281982333738489040,9850.28198233373848904
0x5343f529dde83de5a69f167746ef76f95f9350fe3a2c7e1f663e5caf9e71f257,USDG,0x5fc5360d0400a0fd4f2af552add042d716f1d168,0x8366a39cc670b4001a1121b8f6a443a643e40951,INFRASTRUCTURE,Uniswap V4 PoolManager,-5179130,-5.17913
0x5343f529dde83de5a69f167746ef76f95f9350fe3a2c7e1f663e5caf9e71f257,USDG,0x5fc5360d0400a0fd4f2af552add042d716f1d168,0x4cd00e387622c35bddb9b4c962c136462338bc31,CONTRACT,,5179130,5.17913
0x1347148cb39ca5001db1b7be88e91c25134e8bf2fa4920fdfd6b6ff450fe58ee,FIRE,0x43eea882b845a8493152ebc55cf30ae9281b02d5,0xfea12f8f88faf484c0c74818f48b6a688c549d2d,EOA_7702,,-6169696621947221570347,-6169.696621947221570347
0x1347148cb39ca5001db1b7be88e91c25134e8bf2fa4920fdfd6b6ff450fe58ee,FIRE,0x43eea882b845a8493152ebc55cf30ae9281b02d5,0x8366a39cc670b4001a1121b8f6a443a643e40951,INFRASTRUCTURE,Uniswap V4 PoolManager,6169696621947221570347,6169.696621947221570347
0x1347148cb39ca5001db1b7be88e91c25134e8bf2fa4920fdfd6b6ff450fe58ee,USDG,0x5fc5360d0400a0fd4f2af552add042d716f1d168,0x8366a39cc670b4001a1121b8f6a443a643e40951,INFRASTRUCTURE,Uniswap V4 PoolManager,-3792264,-3.792264
0x1347148cb39ca5001db1b7be88e91c25134e8bf2fa4920fdfd6b6ff450fe58ee,USDG,0x5fc5360d0400a0fd4f2af552add042d716f1d168,0x4cd00e387622c35bddb9b4c962c136462338bc31,CONTRACT,,3792264,3.792264
0x036c9da13f534059d5feb064f85e0c069caa48f3b157271b31ccd373406c8a29,FIRE,0x43eea882b845a8493152ebc55cf30ae9281b02d5,0x6de10fca0e47549a78d1527573c5d42a5f18f15a,EOA_7702,,-4631819918130973597053,-4631.819918130973597053
0x036c9da13f534059d5feb064f85e0c069caa48f3b157271b31ccd373406c8a29,FIRE,0x43eea882b845a8493152ebc55cf30ae9281b02d5,0x8366a39cc670b4001a1121b8f6a443a643e40951,INFRASTRUCTURE,Uniswap V4 PoolManager,4631819918130973597053,4631.819918130973597053
0x036c9da13f534059d5feb064f85e0c069caa48f3b157271b31ccd373406c8a29,USDG,0x5fc5360d0400a0fd4f2af552add042d716f1d168,0x8366a39cc670b4001a1121b8f6a443a643e40951,INFRASTRUCTURE,Uniswap V4 PoolManager,-2334657,-2.334657
0x036c9da13f534059d5feb064f85e0c069caa48f3b157271b31ccd373406c8a29,USDG,0x5fc5360d0400a0fd4f2af552add042d716f1d168,0x4cd00e387622c35bddb9b4c962c136462338bc31,CONTRACT,,2334657,2.334657
0x08e50bfda808b7991599da01be574023be05212e60225203e5d1b8228b96c660,FIRE,0x43eea882b845a8493152ebc55cf30ae9281b02d5,0x67b142cf3fcbf2975e29940716ddb411cc85a496,EOA_7702,,-6277083525423276633932,-6277.083525423276633932
0x08e50bfda808b7991599da01be574023be05212e60225203e5d1b8228b96c660,FIRE,0x43eea882b845a8493152ebc55cf30ae9281b02d5,0x8366a39cc670b4001a1121b8f6a443a643e40951,INFRASTRUCTURE,Uniswap V4 PoolManager,6277083525423276633932,6277.083525423276633932
0x08e50bfda808b7991599da01be574023be05212e60225203e5d1b8228b96c660,USDG,0x5fc5360d0400a0fd4f2af552add042d716f1d168,0x8366a39cc670b4001a1121b8f6a443a643e40951,INFRASTRUCTURE,Uniswap V4 PoolManager,-3323093,-3.323093
0x08e50bfda808b7991599da01be574023be05212e60225203e5d1b8228b96c660,USDG,0x5fc5360d0400a0fd4f2af552add042d716f1d168,0x4cd00e387622c35bddb9b4c962c136462338bc31,CONTRACT,,3323093,3.323093
0x655f24cffb634f7149ebe98a3b51834b234b933b9f9be86ad35d018b43c82c26,FIRE,0x43eea882b845a8493152ebc55cf30ae9281b02d5,0xe71411ebb40224f0043d21ee440829156f4fab0a,EOA_7702,,-2543000000000000000000,-2543
0x655f24cffb634f7149ebe98a3b51834b234b933b9f9be86ad35d018b43c82c26,FIRE,0x43eea882b845a8493152ebc55cf30ae9281b02d5,0x8366a39cc670b4001a1121b8f6a443a643e40951,INFRASTRUCTURE,Uniswap V4 PoolManager,2543000000000000000000,2543
0x655f24cffb634f7149ebe98a3b51834b234b933b9f9be86ad35d018b43c82c26,USDG,0x5fc5360d0400a0fd4f2af552add042d716f1d168,0x8366a39cc670b4001a1121b8f6a443a643e40951,INFRASTRUCTURE,Uniswap V4 PoolManager,-1305911,-1.305911
0x655f24cffb634f7149ebe98a3b51834b234b933b9f9be86ad35d018b43c82c26,USDG,0x5fc5360d0400a0fd4f2af552add042d716f1d168,0xe71411ebb40224f0043d21ee440829156f4fab0a,EOA_7702,,1305911,1.305911
0x08cd4620309c75d71b3b082eeb42b0827a7c1d7976872fdedbc2f7b9e748f213,FIRE,0x43eea882b845a8493152ebc55cf30ae9281b02d5,0xfad4c8f1e71e4c56b87733bd916ff7cff46c6c29,EOA,,-24369000000000000000000,-24369
0x08cd4620309c75d71b3b082eeb42b0827a7c1d7976872fdedbc2f7b9e748f213,FIRE,0x43eea882b845a8493152ebc55cf30ae9281b02d5,0x8366a39cc670b4001a1121b8f6a443a643e40951,INFRASTRUCTURE,Uniswap V4 PoolManager,24369000000000000000000,24369
0x08cd4620309c75d71b3b082eeb42b0827a7c1d7976872fdedbc2f7b9e748f213,USDG,0x5fc5360d0400a0fd4f2af552add042d716f1d168,0x8366a39cc670b4001a1121b8f6a443a643e40951,INFRASTRUCTURE,Uniswap V4 PoolManager,-12039928,-12.039928
0x08cd4620309c75d71b3b082eeb42b0827a7c1d7976872fdedbc2f7b9e748f213,USDG,0x5fc5360d0400a0fd4f2af552add042d716f1d168,0xfad4c8f1e71e4c56b87733bd916ff7cff46c6c29,EOA,,12039928,12.039928
0x159c64034d5948d14b90f97676149c33a011450b07ee183bb126ea07076eb581,WETH,0x0bd7d308f8e1639fab988df18a8011f41eacad73,0x52e65b17fb6e5ba00ed806f37afcd2daa50271ca,CONTRACT,,-5272304257966513,-0.005272304257966513
0x159c64034d5948d14b90f97676149c33a011450b07ee183bb126ea07076eb581,WETH,0x0bd7d308f8e1639fab988df18a8011f41eacad73,0x0000000000000000000000000000000000000000,EOA,,5272304257966513,0.005272304257966513
0x159c64034d5948d14b90f97676149c33a011450b07ee183bb126ea07076eb581,USDG,0x5fc5360d0400a0fd4f2af552add042d716f1d168,0x8366a39cc670b4001a1121b8f6a443a643e40951,INFRASTRUCTURE,Uniswap V4 PoolManager,-10443262,-10.443262
0x159c64034d5948d14b90f97676149c33a011450b07ee183bb126ea07076eb581,USDG,0x5fc5360d0400a0fd4f2af552add042d716f1d168,0x52e65b17fb6e5ba00ed806f37afcd2daa50271ca,CONTRACT,,10079184,10.079184
0x159c64034d5948d14b90f97676149c33a011450b07ee183bb126ea07076eb581,USDG,0x5fc5360d0400a0fd4f2af552add042d716f1d168,0x33eabd63853e74ff70d8b89982dfb5bc3eb0a189,EOA,,364078,0.364078
0x159c64034d5948d14b90f97676149c33a011450b07ee183bb126ea07076eb581,ETH,0x0000000000000000000000000000000000000000,0x8366a39cc670b4001a1121b8f6a443a643e40951,INFRASTRUCTURE,Uniswap V4 PoolManager,5166858172807183,0.005166858172807183
0x159c64034d5948d14b90f97676149c33a011450b07ee183bb126ea07076eb581,ETH,0x0000000000000000000000000000000000000000,0xe3fa8fa0d0a3f59c9b08ea0fe36d654a506850cc,CONTRACT,,105446085159330,0.00010544608515933
0x159c64034d5948d14b90f97676149c33a011450b07ee183bb126ea07076eb581,ETH,0x0000000000000000000000000000000000000000,0x0bd7d308f8e1639fab988df18a8011f41eacad73,INFRASTRUCTURE,WETH contract,-5272304257966513,-0.005272304257966513
0x159c64034d5948d14b90f97676149c33a011450b07ee183bb126ea07076eb581,ETH,0x0000000000000000000000000000000000000000,0xa633c73658857d5241fe21d43f854a82e2d0592c,CONTRACT,,-5272304257966513,-0.005272304257966513
0x159c64034d5948d14b90f97676149c33a011450b07ee183bb126ea07076eb581,ETH,0x0000000000000000000000000000000000000000,0x9622a5f4c3f5fef73cb71da0bff3ed86a8203056,CONTRACT,,5272304257966513,0.005272304257966513
0x64fa0aa1c397a6b32f8bdff2c53a9bb079e8ce156b5418351aa19d9b8c41e791,FIRE,0x43eea882b845a8493152ebc55cf30ae9281b02d5,0x40ed225bdcb060947f6887fcbb811c6d320e6bce,EOA_7702,,-5201553144158262515977,-5201.553144158262515977
0x64fa0aa1c397a6b32f8bdff2c53a9bb079e8ce156b5418351aa19d9b8c41e791,FIRE,0x43eea882b845a8493152ebc55cf30ae9281b02d5,0x8366a39cc670b4001a1121b8f6a443a643e40951,INFRASTRUCTURE,Uniswap V4 PoolManager,5201553144158262515977,5201.553144158262515977
0x64fa0aa1c397a6b32f8bdff2c53a9bb079e8ce156b5418351aa19d9b8c41e791,USDG,0x5fc5360d0400a0fd4f2af552add042d716f1d168,0x8366a39cc670b4001a1121b8f6a443a643e40951,INFRASTRUCTURE,Uniswap V4 PoolManager,-2401443,-2.401443
0x64fa0aa1c397a6b32f8bdff2c53a9bb079e8ce156b5418351aa19d9b8c41e791,USDG,0x5fc5360d0400a0fd4f2af552add042d716f1d168,0x4cd00e387622c35bddb9b4c962c136462338bc31,CONTRACT,,2401443,2.401443
0xc9ad3062f9b616ef1b1d1f668fed160c1fed586ca38e50519434bf327a927489,WETH,0x0bd7d308f8e1639fab988df18a8011f41eacad73,0x0000000000000000000000000000000000000000,EOA,,158353545798430823,0.158353545798430823
0xc9ad3062f9b616ef1b1d1f668fed160c1fed586ca38e50519434bf327a927489,WETH,0x0bd7d308f8e1639fab988df18a8011f41eacad73,0x8366a39cc670b4001a1121b8f6a443a643e40951,INFRASTRUCTURE,Uniswap V4 PoolManager,-158353545798430823,-0.158353545798430823
0xc9ad3062f9b616ef1b1d1f668fed160c1fed586ca38e50519434bf327a927489,ETH,0x0000000000000000000000000000000000000000,0x8366a39cc670b4001a1121b8f6a443a643e40951,INFRASTRUCTURE,Uniswap V4 PoolManager,67295887203957444,0.067295887203957444
0xc9ad3062f9b616ef1b1d1f668fed160c1fed586ca38e50519434bf327a927489,ETH,0x0000000000000000000000000000000000000000,0xe3fa8fa0d0a3f59c9b08ea0fe36d654a506850cc,CONTRACT,,1373385453141988,0.001373385453141988
0xc9ad3062f9b616ef1b1d1f668fed160c1fed586ca38e50519434bf327a927489,ETH,0x0000000000000000000000000000000000000000,0x0bd7d308f8e1639fab988df18a8011f41eacad73,INFRASTRUCTURE,WETH contract,-227022818455530255,-0.227022818455530255
0xc9ad3062f9b616ef1b1d1f668fed160c1fed586ca38e50519434bf327a927489,ETH,0x0000000000000000000000000000000000000000,0xc6b81b429797e0f555440b70cd99e032d7ae947e,CONTRACT,,68669272657099432,0.068669272657099432
0xc9ad3062f9b616ef1b1d1f668fed160c1fed586ca38e50519434bf327a927489,ETH,0x0000000000000000000000000000000000000000,0xa633c73658857d5241fe21d43f854a82e2d0592c,CONTRACT,,-68669272657099432,-0.068669272657099432
0xc9ad3062f9b616ef1b1d1f668fed160c1fed586ca38e50519434bf327a927489,ETH,0x0000000000000000000000000000000000000000,0x9622a5f4c3f5fef73cb71da0bff3ed86a8203056,CONTRACT,,68669272657099432,0.068669272657099432
0xc9ad3062f9b616ef1b1d1f668fed160c1fed586ca38e50519434bf327a927489,ETH,0x0000000000000000000000000000000000000000,0x743be0db30148336a3db479f19d4e1828b293869,EOA,,67925575011669150,0.06792557501166915
0xc9ad3062f9b616ef1b1d1f668fed160c1fed586ca38e50519434bf327a927489,ETH,0x0000000000000000000000000000000000000000,0x33eabd63853e74ff70d8b89982dfb5bc3eb0a189,EOA,,21758698129662241,0.021758698129662241
0xa7572b706ba4e0e23fe3fcb2dcb278da6ce2d46142f80cd381aa1990da44b9bd,FIRE,0x43eea882b845a8493152ebc55cf30ae9281b02d5,0x1983824aa3cf023dfd233115e801520b9d49a258,EOA,,-6041599301933559037967,-6041.599301933559037967
0xa7572b706ba4e0e23fe3fcb2dcb278da6ce2d46142f80cd381aa1990da44b9bd,FIRE,0x43eea882b845a8493152ebc55cf30ae9281b02d5,0x8366a39cc670b4001a1121b8f6a443a643e40951,INFRASTRUCTURE,Uniswap V4 PoolManager,6041599301933559037967,6041.599301933559037967
0xa7572b706ba4e0e23fe3fcb2dcb278da6ce2d46142f80cd381aa1990da44b9bd,USDG,0x5fc5360d0400a0fd4f2af552add042d716f1d168,0x8366a39cc670b4001a1121b8f6a443a643e40951,INFRASTRUCTURE,Uniswap V4 PoolManager,-3285166,-3.285166
0xa7572b706ba4e0e23fe3fcb2dcb278da6ce2d46142f80cd381aa1990da44b9bd,USDG,0x5fc5360d0400a0fd4f2af552add042d716f1d168,0x6ea08ca8f313d860808ef7431fc72c6fbcf4a72d,EOA,,16425,0.016425
0xa7572b706ba4e0e23fe3fcb2dcb278da6ce2d46142f80cd381aa1990da44b9bd,USDG,0x5fc5360d0400a0fd4f2af552add042d716f1d168,0x1983824aa3cf023dfd233115e801520b9d49a258,EOA,,3268741,3.268741
0x0e8761a434d77192d252711ea37f5bf9036540543cc62b7b302ac27cb97c98bc,FIRE,0x43eea882b845a8493152ebc55cf30ae9281b02d5,0xa6580ce630320e9e88a32ec5a6fbe154252dd09e,EOA_7702,,-6844643200800300000000,-6844.6432008003
0x0e8761a434d77192d252711ea37f5bf9036540543cc62b7b302ac27cb97c98bc,FIRE,0x43eea882b845a8493152ebc55cf30ae9281b02d5,0x8366a39cc670b4001a1121b8f6a443a643e40951,INFRASTRUCTURE,Uniswap V4 PoolManager,6844643200800300000000,6844.6432008003
0x0e8761a434d77192d252711ea37f5bf9036540543cc62b7b302ac27cb97c98bc,USDG,0x5fc5360d0400a0fd4f2af552add042d716f1d168,0x8366a39cc670b4001a1121b8f6a443a643e40951,INFRASTRUCTURE,Uniswap V4 PoolManager,-2296555,-2.296555
0x0e8761a434d77192d252711ea37f5bf9036540543cc62b7b302ac27cb97c98bc,USDG,0x5fc5360d0400a0fd4f2af552add042d716f1d168,0x4cd00e387622c35bddb9b4c962c136462338bc31,CONTRACT,,2296555,2.296555
0x7e9eca7202bd22a619e43374079762d3725518751b8b6b337966c5628cb621d1,WETH,0x0bd7d308f8e1639fab988df18a8011f41eacad73,0x52e65b17fb6e5ba00ed806f37afcd2daa50271ca,CONTRACT,,-5884685255779263,-0.005884685255779263
0x7e9eca7202bd22a619e43374079762d3725518751b8b6b337966c5628cb621d1,WETH,0x0bd7d308f8e1639fab988df18a8011f41eacad73,0x0000000000000000000000000000000000000000,EOA,,5884685255779263,0.005884685255779263
0x7e9eca7202bd22a619e43374079762d3725518751b8b6b337966c5628cb621d1,USDG,0x5fc5360d0400a0fd4f2af552add042d716f1d168,0x8366a39cc670b4001a1121b8f6a443a643e40951,INFRASTRUCTURE,Uniswap V4 PoolManager,-11760721,-11.760721
0x7e9eca7202bd22a619e43374079762d3725518751b8b6b337966c5628cb621d1,USDG,0x5fc5360d0400a0fd4f2af552add042d716f1d168,0x52e65b17fb6e5ba00ed806f37afcd2daa50271ca,CONTRACT,,11245155,11.245155
0x7e9eca7202bd22a619e43374079762d3725518751b8b6b337966c5628cb621d1,USDG,0x5fc5360d0400a0fd4f2af552add042d716f1d168,0x33eabd63853e74ff70d8b89982dfb5bc3eb0a189,EOA,,515566,0.515566
0x7e9eca7202bd22a619e43374079762d3725518751b8b6b337966c5628cb621d1,ETH,0x0000000000000000000000000000000000000000,0x8366a39cc670b4001a1121b8f6a443a643e40951,INFRASTRUCTURE,Uniswap V4 PoolManager,5766991550663679,0.005766991550663679
0x7e9eca7202bd22a619e43374079762d3725518751b8b6b337966c5628cb621d1,ETH,0x0000000000000000000000000000000000000000,0xe3fa8fa0d0a3f59c9b08ea0fe36d654a506850cc,CONTRACT,,117693705115584,0.000117693705115584
0x7e9eca7202bd22a619e43374079762d3725518751b8b6b337966c5628cb621d1,ETH,0x0000000000000000000000000000000000000000,0x0bd7d308f8e1639fab988df18a8011f41eacad73,INFRASTRUCTURE,WETH contract,-5884685255779263,-0.005884685255779263
0x7e9eca7202bd22a619e43374079762d3725518751b8b6b337966c5628cb621d1,ETH,0x0000000000000000000000000000000000000000,0xa633c73658857d5241fe21d43f854a82e2d0592c,CONTRACT,,-5884685255779263,-0.005884685255779263
0x7e9eca7202bd22a619e43374079762d3725518751b8b6b337966c5628cb621d1,ETH,0x0000000000000000000000000000000000000000,0x9622a5f4c3f5fef73cb71da0bff3ed86a8203056,CONTRACT,,5884685255779263,0.005884685255779263
0x0be0c91ceeda08475fd42d59888d493ffb781ec44de77cfb71a82e00081f2286,WETH,0x0bd7d308f8e1639fab988df18a8011f41eacad73,0x0000000000000000000000000000000000000000,EOA,,50626699996771690,0.05062669999677169
0x0be0c91ceeda08475fd42d59888d493ffb781ec44de77cfb71a82e00081f2286,WETH,0x0bd7d308f8e1639fab988df18a8011f41eacad73,0x8366a39cc670b4001a1121b8f6a443a643e40951,INFRASTRUCTURE,Uniswap V4 PoolManager,-50626699996771690,-0.05062669999677169
0x0be0c91ceeda08475fd42d59888d493ffb781ec44de77cfb71a82e00081f2286,ETH,0x0000000000000000000000000000000000000000,0x8366a39cc670b4001a1121b8f6a443a643e40951,INFRASTRUCTURE,Uniswap V4 PoolManager,18514794168159308,0.018514794168159308
0x0be0c91ceeda08475fd42d59888d493ffb781ec44de77cfb71a82e00081f2286,ETH,0x0000000000000000000000000000000000000000,0xe3fa8fa0d0a3f59c9b08ea0fe36d654a506850cc,CONTRACT,,377852942207332,0.000377852942207332
0x0be0c91ceeda08475fd42d59888d493ffb781ec44de77cfb71a82e00081f2286,ETH,0x0000000000000000000000000000000000000000,0x0bd7d308f8e1639fab988df18a8011f41eacad73,INFRASTRUCTURE,WETH contract,-69519347107138330,-0.06951934710713833
0x0be0c91ceeda08475fd42d59888d493ffb781ec44de77cfb71a82e00081f2286,ETH,0x0000000000000000000000000000000000000000,0xc6b81b429797e0f555440b70cd99e032d7ae947e,CONTRACT,,18892647110366640,0.01889264711036664
0x0be0c91ceeda08475fd42d59888d493ffb781ec44de77cfb71a82e00081f2286,ETH,0x0000000000000000000000000000000000000000,0xa633c73658857d5241fe21d43f854a82e2d0592c,CONTRACT,,-18892647110366640,-0.01889264711036664
0x0be0c91ceeda08475fd42d59888d493ffb781ec44de77cfb71a82e00081f2286,ETH,0x0000000000000000000000000000000000000000,0x9622a5f4c3f5fef73cb71da0bff3ed86a8203056,CONTRACT,,18892647110366640,0.01889264711036664
0x0be0c91ceeda08475fd42d59888d493ffb781ec44de77cfb71a82e00081f2286,ETH,0x0000000000000000000000000000000000000000,0x743be0db30148336a3db479f19d4e1828b293869,EOA,,23935318170801075,0.023935318170801075
0x0be0c91ceeda08475fd42d59888d493ffb781ec44de77cfb71a82e00081f2286,ETH,0x0000000000000000000000000000000000000000,0x33eabd63853e74ff70d8b89982dfb5bc3eb0a189,EOA,,7798734715603975,0.007798734715603975
0x717b53794bff024222a3df8e55a6be6e967e6f66b4a6139a7ad4978d78854e5b,WETH,0x0bd7d308f8e1639fab988df18a8011f41eacad73,0x0000000000000000000000000000000000000000,EOA,,6290944013890074,0.006290944013890074
0x717b53794bff024222a3df8e55a6be6e967e6f66b4a6139a7ad4978d78854e5b,WETH,0x0bd7d308f8e1639fab988df18a8011f41eacad73,0x52e65b17fb6e5ba00ed806f37afcd2daa50271ca,CONTRACT,,-6469882184326579,-0.006469882184326579
0x717b53794bff024222a3df8e55a6be6e967e6f66b4a6139a7ad4978d78854e5b,WETH,0x0bd7d308f8e1639fab988df18a8011f41eacad73,0x33eabd63853e74ff70d8b89982dfb5bc3eb0a189,EOA,,178938170436505,0.000178938170436505
0x717b53794bff024222a3df8e55a6be6e967e6f66b4a6139a7ad4978d78854e5b,USDG,0x5fc5360d0400a0fd4f2af552add042d716f1d168,0x8366a39cc670b4001a1121b8f6a443a643e40951,INFRASTRUCTURE,Uniswap V4 PoolManager,-12700519,-12.700519
0x717b53794bff024222a3df8e55a6be6e967e6f66b4a6139a7ad4978d78854e5b,USDG,0x5fc5360d0400a0fd4f2af552add042d716f1d168,0x52e65b17fb6e5ba00ed806f37afcd2daa50271ca,CONTRACT,,12700519,12.700519
0x717b53794bff024222a3df8e55a6be6e967e6f66b4a6139a7ad4978d78854e5b,ETH,0x0000000000000000000000000000000000000000,0x8366a39cc670b4001a1121b8f6a443a643e40951,INFRASTRUCTURE,Uniswap V4 PoolManager,6165125133612274,0.006165125133612274
0x717b53794bff024222a3df8e55a6be6e967e6f66b4a6139a7ad4978d78854e5b,ETH,0x0000000000000000000000000000000000000000,0xe3fa8fa0d0a3f59c9b08ea0fe36d654a506850cc,CONTRACT,,125818880277800,0.0001258188802778
0x717b53794bff024222a3df8e55a6be6e967e6f66b4a6139a7ad4978d78854e5b,ETH,0x0000000000000000000000000000000000000000,0x0bd7d308f8e1639fab988df18a8011f41eacad73,INFRASTRUCTURE,WETH contract,-12581888027780148,-0.012581888027780148
0x717b53794bff024222a3df8e55a6be6e967e6f66b4a6139a7ad4978d78854e5b,ETH,0x0000000000000000000000000000000000000000,0xc6b81b429797e0f555440b70cd99e032d7ae947e,CONTRACT,,6290944013890074,0.006290944013890074
0x717b53794bff024222a3df8e55a6be6e967e6f66b4a6139a7ad4978d78854e5b,ETH,0x0000000000000000000000000000000000000000,0xa633c73658857d5241fe21d43f854a82e2d0592c,CONTRACT,,-6290944013890074,-0.006290944013890074
0x717b53794bff024222a3df8e55a6be6e967e6f66b4a6139a7ad4978d78854e5b,ETH,0x0000000000000000000000000000000000000000,0x9622a5f4c3f5fef73cb71da0bff3ed86a8203056,CONTRACT,,6290944013890074,0.006290944013890074
0x06a96fea1c1aad20fa91232e5c83485a739e6059448bb34c8380734375db8fb9,WETH,0x0bd7d308f8e1639fab988df18a8011f41eacad73,0x8366a39cc670b4001a1121b8f6a443a643e40951,INFRASTRUCTURE,Uniswap V4 PoolManager,-6415060271624247,-0.006415060271624247
0x06a96fea1c1aad20fa91232e5c83485a739e6059448bb34c8380734375db8fb9,WETH,0x0bd7d308f8e1639fab988df18a8011f41eacad73,0x0000000000000000000000000000000000000000,EOA,,6415060271624247,0.006415060271624247
0x06a96fea1c1aad20fa91232e5c83485a739e6059448bb34c8380734375db8fb9,ETH,0x0000000000000000000000000000000000000000,0x8366a39cc670b4001a1121b8f6a443a643e40951,INFRASTRUCTURE,Uniswap V4 PoolManager,6057984769979192,0.006057984769979192
0x06a96fea1c1aad20fa91232e5c83485a739e6059448bb34c8380734375db8fb9,ETH,0x0000000000000000000000000000000000000000,0xe3fa8fa0d0a3f59c9b08ea0fe36d654a506850cc,CONTRACT,,123632342244472,0.000123632342244472
0x06a96fea1c1aad20fa91232e5c83485a739e6059448bb34c8380734375db8fb9,ETH,0x0000000000000000000000000000000000000000,0x0bd7d308f8e1639fab988df18a8011f41eacad73,INFRASTRUCTURE,WETH contract,-6415060271624247,-0.006415060271624247
0x06a96fea1c1aad20fa91232e5c83485a739e6059448bb34c8380734375db8fb9,ETH,0x0000000000000000000000000000000000000000,0x0df9a8932b1ccacfcad3f1409431ebf8800f42e8,EOA,,233443159400583,0.000233443159400583
0x5717d76e8646d3e2983d565210ccc95b5cb61ae0d81c82a84d5b0eb8b175ea65,FIRE,0x43eea882b845a8493152ebc55cf30ae9281b02d5,0x240a3b686201aa700ff685334a63b0351991680c,EOA_7702,,-4679502885037473162617,-4679.502885037473162617
0x5717d76e8646d3e2983d565210ccc95b5cb61ae0d81c82a84d5b0eb8b175ea65,FIRE,0x43eea882b845a8493152ebc55cf30ae9281b02d5,0x8366a39cc670b4001a1121b8f6a443a643e40951,INFRASTRUCTURE,Uniswap V4 PoolManager,4679502885037473162617,4679.502885037473162617
0x5717d76e8646d3e2983d565210ccc95b5cb61ae0d81c82a84d5b0eb8b175ea65,USDG,0x5fc5360d0400a0fd4f2af552add042d716f1d168,0x8366a39cc670b4001a1121b8f6a443a643e40951,INFRASTRUCTURE,Uniswap V4 PoolManager,-2084315,-2.084315
0x5717d76e8646d3e2983d565210ccc95b5cb61ae0d81c82a84d5b0eb8b175ea65,USDG,0x5fc5360d0400a0fd4f2af552add042d716f1d168,0x4cd00e387622c35bddb9b4c962c136462338bc31,CONTRACT,,2084315,2.084315
0xe45e9e6555225d6c299a1df3203c1249435eab2d5c5bba926cbbac17e06ccb8d,WETH,0x0bd7d308f8e1639fab988df18a8011f41eacad73,0x0000000000000000000000000000000000000000,EOA,,4201866294389147,0.004201866294389147
0xe45e9e6555225d6c299a1df3203c1249435eab2d5c5bba926cbbac17e06ccb8d,WETH,0x0bd7d308f8e1639fab988df18a8011f41eacad73,0x8366a39cc670b4001a1121b8f6a443a643e40951,INFRASTRUCTURE,Uniswap V4 PoolManager,-4280454241215253,-0.004280454241215253
0xe45e9e6555225d6c299a1df3203c1249435eab2d5c5bba926cbbac17e06ccb8d,WETH,0x0bd7d308f8e1639fab988df18a8011f41eacad73,0x33eabd63853e74ff70d8b89982dfb5bc3eb0a189,EOA,,78587946826106,0.000078587946826106
0xe45e9e6555225d6c299a1df3203c1249435eab2d5c5bba926cbbac17e06ccb8d,ETH,0x0000000000000000000000000000000000000000,0x8366a39cc670b4001a1121b8f6a443a643e40951,INFRASTRUCTURE,Uniswap V4 PoolManager,4117828968501365,0.004117828968501365
0xe45e9e6555225d6c299a1df3203c1249435eab2d5c5bba926cbbac17e06ccb8d,ETH,0x0000000000000000000000000000000000000000,0xe3fa8fa0d0a3f59c9b08ea0fe36d654a506850cc,CONTRACT,,84037325887782,0.000084037325887782
0xe45e9e6555225d6c299a1df3203c1249435eab2d5c5bba926cbbac17e06ccb8d,ETH,0x0000000000000000000000000000000000000000,0x0bd7d308f8e1639fab988df18a8011f41eacad73,INFRASTRUCTURE,WETH contract,-8403732588778294,-0.008403732588778294
0xe45e9e6555225d6c299a1df3203c1249435eab2d5c5bba926cbbac17e06ccb8d,ETH,0x0000000000000000000000000000000000000000,0xc6b81b429797e0f555440b70cd99e032d7ae947e,CONTRACT,,4201866294389147,0.004201866294389147
0xe45e9e6555225d6c299a1df3203c1249435eab2d5c5bba926cbbac17e06ccb8d,ETH,0x0000000000000000000000000000000000000000,0xa633c73658857d5241fe21d43f854a82e2d0592c,CONTRACT,,-4201866294389147,-0.004201866294389147
0xe45e9e6555225d6c299a1df3203c1249435eab2d5c5bba926cbbac17e06ccb8d,ETH,0x0000000000000000000000000000000000000000,0x9622a5f4c3f5fef73cb71da0bff3ed86a8203056,CONTRACT,,4201866294389147,0.004201866294389147
0xdfef287a4a46121ca8bce8e9dc1052af434cced44422621119ed86088c727c21,FIRE,0x43eea882b845a8493152ebc55cf30ae9281b02d5,0x353a3cbaceb6e95ceb503e21d19a903a29806e14,EOA_7702,,-9346342264231900000000,-9346.3422642319
0xdfef287a4a46121ca8bce8e9dc1052af434cced44422621119ed86088c727c21,FIRE,0x43eea882b845a8493152ebc55cf30ae9281b02d5,0x8366a39cc670b4001a1121b8f6a443a643e40951,INFRASTRUCTURE,Uniswap V4 PoolManager,9346342264231900000000,9346.3422642319
0xdfef287a4a46121ca8bce8e9dc1052af434cced44422621119ed86088c727c21,USDG,0x5fc5360d0400a0fd4f2af552add042d716f1d168,0x8366a39cc670b4001a1121b8f6a443a643e40951,INFRASTRUCTURE,Uniswap V4 PoolManager,-3951908,-3.951908
0xdfef287a4a46121ca8bce8e9dc1052af434cced44422621119ed86088c727c21,USDG,0x5fc5360d0400a0fd4f2af552add042d716f1d168,0x4cd00e387622c35bddb9b4c962c136462338bc31,CONTRACT,,3951908,3.951908
0x8833948f0f6bc8398085162f19834336a3dc0abdca62c38ba0270525dba04c61,WETH,0x0bd7d308f8e1639fab988df18a8011f41eacad73,0x0000000000000000000000000000000000000000,EOA,,4459995467569939,0.004459995467569939
0x8833948f0f6bc8398085162f19834336a3dc0abdca62c38ba0270525dba04c61,WETH,0x0bd7d308f8e1639fab988df18a8011f41eacad73,0x8366a39cc670b4001a1121b8f6a443a643e40951,INFRASTRUCTURE,Uniswap V4 PoolManager,-4544521708769672,-0.004544521708769672
0x8833948f0f6bc8398085162f19834336a3dc0abdca62c38ba0270525dba04c61,WETH,0x0bd7d308f8e1639fab988df18a8011f41eacad73,0x33eabd63853e74ff70d8b89982dfb5bc3eb0a189,EOA,,84526241199733,0.000084526241199733
0x8833948f0f6bc8398085162f19834336a3dc0abdca62c38ba0270525dba04c61,ETH,0x0000000000000000000000000000000000000000,0x8366a39cc670b4001a1121b8f6a443a643e40951,INFRASTRUCTURE,Uniswap V4 PoolManager,4370795558218541,0.004370795558218541
0x8833948f0f6bc8398085162f19834336a3dc0abdca62c38ba0270525dba04c61,ETH,0x0000000000000000000000000000000000000000,0xe3fa8fa0d0a3f59c9b08ea0fe36d654a506850cc,CONTRACT,,89199909351398,0.000089199909351398
0x8833948f0f6bc8398085162f19834336a3dc0abdca62c38ba0270525dba04c61,ETH,0x0000000000000000000000000000000000000000,0x0bd7d308f8e1639fab988df18a8011f41eacad73,INFRASTRUCTURE,WETH contract,-8919990935139878,-0.008919990935139878
0x8833948f0f6bc8398085162f19834336a3dc0abdca62c38ba0270525dba04c61,ETH,0x0000000000000000000000000000000000000000,0xc6b81b429797e0f555440b70cd99e032d7ae947e,CONTRACT,,4459995467569939,0.004459995467569939
0x8833948f0f6bc8398085162f19834336a3dc0abdca62c38ba0270525dba04c61,ETH,0x0000000000000000000000000000000000000000,0xa633c73658857d5241fe21d43f854a82e2d0592c,CONTRACT,,-4459995467569939,-0.004459995467569939
0x8833948f0f6bc8398085162f19834336a3dc0abdca62c38ba0270525dba04c61,ETH,0x0000000000000000000000000000000000000000,0x9622a5f4c3f5fef73cb71da0bff3ed86a8203056,CONTRACT,,4459995467569939,0.004459995467569939
0x21a046825df41f82a72ba52a52a2be46f7a609f56f8bad6d11fc9a7b41683aa8,TA,0x30db03a051205ccbeb1b6524ddf87fbc6c0127bc,0x8366a39cc670b4001a1121b8f6a443a643e40951,INFRASTRUCTURE,Uniswap V4 PoolManager,-15551043937082532719796,-15551.043937082532719796
0x21a046825df41f82a72ba52a52a2be46f7a609f56f8bad6d11fc9a7b41683aa8,TA,0x30db03a051205ccbeb1b6524ddf87fbc6c0127bc,0x9b64026574395b1cfaa68458761b9f492a266be6,CONTRACT,,15551043937082532719796,15551.043937082532719796
0x21a046825df41f82a72ba52a52a2be46f7a609f56f8bad6d11fc9a7b41683aa8,WETH,0x0bd7d308f8e1639fab988df18a8011f41eacad73,0x9b64026574395b1cfaa68458761b9f492a266be6,CONTRACT,,-3516326505086426,-0.003516326505086426
0x21a046825df41f82a72ba52a52a2be46f7a609f56f8bad6d11fc9a7b41683aa8,WETH,0x0bd7d308f8e1639fab988df18a8011f41eacad73,0x0000000000000000000000000000000000000000,EOA,,3516326505086426,0.003516326505086426
0x21a046825df41f82a72ba52a52a2be46f7a609f56f8bad6d11fc9a7b41683aa8,ETH,0x0000000000000000000000000000000000000000,0x8366a39cc670b4001a1121b8f6a443a643e40951,INFRASTRUCTURE,Uniswap V4 PoolManager,3309658405757487,0.003309658405757487
0x21a046825df41f82a72ba52a52a2be46f7a609f56f8bad6d11fc9a7b41683aa8,ETH,0x0000000000000000000000000000000000000000,0xe3fa8fa0d0a3f59c9b08ea0fe36d654a506850cc,CONTRACT,,67544049097090,0.00006754404909709
0x21a046825df41f82a72ba52a52a2be46f7a609f56f8bad6d11fc9a7b41683aa8,ETH,0x0000000000000000000000000000000000000000,0x0bd7d308f8e1639fab988df18a8011f41eacad73,INFRASTRUCTURE,WETH contract,-3516326505086426,-0.003516326505086426
0x21a046825df41f82a72ba52a52a2be46f7a609f56f8bad6d11fc9a7b41683aa8,ETH,0x0000000000000000000000000000000000000000,0x0df9a8932b1ccacfcad3f1409431ebf8800f42e8,EOA,,139124050231849,0.000139124050231849
0x439a8d1caadc97c6755558c5a9956af17cce236c337859eae0ac2cf8a28de245,WETH,0x0bd7d308f8e1639fab988df18a8011f41eacad73,0x0000000000000000000000000000000000000000,EOA,,5103029775436223,0.005103029775436223
0x439a8d1caadc97c6755558c5a9956af17cce236c337859eae0ac2cf8a28de245,WETH,0x0bd7d308f8e1639fab988df18a8011f41eacad73,0x52e65b17fb6e5ba00ed806f37afcd2daa50271ca,CONTRACT,,-5244871940103853,-0.005244871940103853
0x439a8d1caadc97c6755558c5a9956af17cce236c337859eae0ac2cf8a28de245,WETH,0x0bd7d308f8e1639fab988df18a8011f41eacad73,0x33eabd63853e74ff70d8b89982dfb5bc3eb0a189,EOA,,141842164667630,0.00014184216466763
0x439a8d1caadc97c6755558c5a9956af17cce236c337859eae0ac2cf8a28de245,USDG,0x5fc5360d0400a0fd4f2af552add042d716f1d168,0x8366a39cc670b4001a1121b8f6a443a643e40951,INFRASTRUCTURE,Uniswap V4 PoolManager,-10056027,-10.056027
0x439a8d1caadc97c6755558c5a9956af17cce236c337859eae0ac2cf8a28de245,USDG,0x5fc5360d0400a0fd4f2af552add042d716f1d168,0x52e65b17fb6e5ba00ed806f37afcd2daa50271ca,CONTRACT,,10056027,10.056027
0x439a8d1caadc97c6755558c5a9956af17cce236c337859eae0ac2cf8a28de245,ETH,0x0000000000000000000000000000000000000000,0x8366a39cc670b4001a1121b8f6a443a643e40951,INFRASTRUCTURE,Uniswap V4 PoolManager,5000969179927499,0.005000969179927499
0x439a8d1caadc97c6755558c5a9956af17cce236c337859eae0ac2cf8a28de245,ETH,0x0000000000000000000000000000000000000000,0xe3fa8fa0d0a3f59c9b08ea0fe36d654a506850cc,CONTRACT,,102060595508724,0.000102060595508724
0x439a8d1caadc97c6755558c5a9956af17cce236c337859eae0ac2cf8a28de245,ETH,0x0000000000000000000000000000000000000000,0x0bd7d308f8e1639fab988df18a8011f41eacad73,INFRASTRUCTURE,WETH contract,-10206059550872446,-0.010206059550872446
0x439a8d1caadc97c6755558c5a9956af17cce236c337859eae0ac2cf8a28de245,ETH,0x0000000000000000000000000000000000000000,0xc6b81b429797e0f555440b70cd99e032d7ae947e,CONTRACT,,5103029775436223,0.005103029775436223
0x439a8d1caadc97c6755558c5a9956af17cce236c337859eae0ac2cf8a28de245,ETH,0x0000000000000000000000000000000000000000,0xa633c73658857d5241fe21d43f854a82e2d0592c,CONTRACT,,-5103029775436223,-0.005103029775436223
0x439a8d1caadc97c6755558c5a9956af17cce236c337859eae0ac2cf8a28de245,ETH,0x0000000000000000000000000000000000000000,0x9622a5f4c3f5fef73cb71da0bff3ed86a8203056,CONTRACT,,5103029775436223,0.005103029775436223
0x88de39808ac0335c509d0a853382fef16634d9d4d5d185b468ecb158982d60a8,FIRE,0x43eea882b845a8493152ebc55cf30ae9281b02d5,0x7a09760387b078c9e255467c8c5620e25f8a16af,EOA_7702,,-11832388973902900000000,-11832.3889739029
0x88de39808ac0335c509d0a853382fef16634d9d4d5d185b468ecb158982d60a8,FIRE,0x43eea882b845a8493152ebc55cf30ae9281b02d5,0x8366a39cc670b4001a1121b8f6a443a643e40951,INFRASTRUCTURE,Uniswap V4 PoolManager,11832388973902900000000,11832.3889739029
0x88de39808ac0335c509d0a853382fef16634d9d4d5d185b468ecb158982d60a8,USDG,0x5fc5360d0400a0fd4f2af552add042d716f1d168,0x8366a39cc670b4001a1121b8f6a443a643e40951,INFRASTRUCTURE,Uniswap V4 PoolManager,-5938436,-5.938436
0x88de39808ac0335c509d0a853382fef16634d9d4d5d185b468ecb158982d60a8,USDG,0x5fc5360d0400a0fd4f2af552add042d716f1d168,0x4cd00e387622c35bddb9b4c962c136462338bc31,CONTRACT,,5938436,5.938436
0x7ff8e745d14ac0f798fe449114c5cd5dd58790df090b415c407e6218f7b0d407,FIRE,0x43eea882b845a8493152ebc55cf30ae9281b02d5,0xb1cc9e0cd3d51a582b7bd66049aee8854fdba408,EOA_7702,,-59078616348239700000000,-59078.6163482397
0x7ff8e745d14ac0f798fe449114c5cd5dd58790df090b415c407e6218f7b0d407,FIRE,0x43eea882b845a8493152ebc55cf30ae9281b02d5,0x8366a39cc670b4001a1121b8f6a443a643e40951,INFRASTRUCTURE,Uniswap V4 PoolManager,59078616348239700000000,59078.6163482397
0x7ff8e745d14ac0f798fe449114c5cd5dd58790df090b415c407e6218f7b0d407,USDG,0x5fc5360d0400a0fd4f2af552add042d716f1d168,0x8366a39cc670b4001a1121b8f6a443a643e40951,INFRASTRUCTURE,Uniswap V4 PoolManager,-21389005,-21.389005
0x7ff8e745d14ac0f798fe449114c5cd5dd58790df090b415c407e6218f7b0d407,USDG,0x5fc5360d0400a0fd4f2af552add042d716f1d168,0x4cd00e387622c35bddb9b4c962c136462338bc31,CONTRACT,,21389005,21.389005
0x82e9fb85e0fe84038419385fb8efea6eab1d9ede1c43d35bc5e1651ae5eb7307,WETH,0x0bd7d308f8e1639fab988df18a8011f41eacad73,0x0000000000000000000000000000000000000000,EOA,,6884973919565276,0.006884973919565276
0x82e9fb85e0fe84038419385fb8efea6eab1d9ede1c43d35bc5e1651ae5eb7307,WETH,0x0bd7d308f8e1639fab988df18a8011f41eacad73,0x851d1b0342d2257a4172826b68221d2366c1c6b5,CONTRACT,,-7216327017939109,-0.007216327017939109
0x82e9fb85e0fe84038419385fb8efea6eab1d9ede1c43d35bc5e1651ae5eb7307,WETH,0x0bd7d308f8e1639fab988df18a8011f41eacad73,0x33eabd63853e74ff70d8b89982dfb5bc3eb0a189,EOA,,331353098373833,0.000331353098373833
0x82e9fb85e0fe84038419385fb8efea6eab1d9ede1c43d35bc5e1651ae5eb7307,VIRTUAL,0xc6911796042b15d7fa4f6cde69e245ddcd3d9c31,0x8366a39cc670b4001a1121b8f6a443a643e40951,INFRASTRUCTURE,Uniswap V4 PoolManager,-24221543677782692253,-24.221543677782692253
0x82e9fb85e0fe84038419385fb8efea6eab1d9ede1c43d35bc5e1651ae5eb7307,VIRTUAL,0xc6911796042b15d7fa4f6cde69e245ddcd3d9c31,0x851d1b0342d2257a4172826b68221d2366c1c6b5,CONTRACT,,24221543677782692253,24.221543677782692253
0x82e9fb85e0fe84038419385fb8efea6eab1d9ede1c43d35bc5e1651ae5eb7307,ETH,0x0000000000000000000000000000000000000000,0x8366a39cc670b4001a1121b8f6a443a643e40951,INFRASTRUCTURE,Uniswap V4 PoolManager,6747274441173972,0.006747274441173972
0x82e9fb85e0fe84038419385fb8efea6eab1d9ede1c43d35bc5e1651ae5eb7307,ETH,0x0000000000000000000000000000000000000000,0xe3fa8fa0d0a3f59c9b08ea0fe36d654a506850cc,CONTRACT,,137699478391304,0.000137699478391304
0x82e9fb85e0fe84038419385fb8efea6eab1d9ede1c43d35bc5e1651ae5eb7307,ETH,0x0000000000000000000000000000000000000000,0x0bd7d308f8e1639fab988df18a8011f41eacad73,INFRASTRUCTURE,WETH contract,-13769947839130552,-0.013769947839130552
0x82e9fb85e0fe84038419385fb8efea6eab1d9ede1c43d35bc5e1651ae5eb7307,ETH,0x0000000000000000000000000000000000000000,0xc6b81b429797e0f555440b70cd99e032d7ae947e,CONTRACT,,6884973919565276,0.006884973919565276
0x82e9fb85e0fe84038419385fb8efea6eab1d9ede1c43d35bc5e1651ae5eb7307,ETH,0x0000000000000000000000000000000000000000,0xa633c73658857d5241fe21d43f854a82e2d0592c,CONTRACT,,-6884973919565276,-0.006884973919565276
0x82e9fb85e0fe84038419385fb8efea6eab1d9ede1c43d35bc5e1651ae5eb7307,ETH,0x0000000000000000000000000000000000000000,0x9622a5f4c3f5fef73cb71da0bff3ed86a8203056,CONTRACT,,6884973919565276,0.006884973919565276
0x0511e8f74be617b6f6316f68a3bace2e6251428250b299f0da008ad606391890,WETH,0x0bd7d308f8e1639fab988df18a8011f41eacad73,0x8366a39cc670b4001a1121b8f6a443a643e40951,INFRASTRUCTURE,Uniswap V4 PoolManager,-1323738501686554,-0.001323738501686554
0x0511e8f74be617b6f6316f68a3bace2e6251428250b299f0da008ad606391890,WETH,0x0bd7d308f8e1639fab988df18a8011f41eacad73,0x0000000000000000000000000000000000000000,EOA,,1323738501686554,0.001323738501686554
0x0511e8f74be617b6f6316f68a3bace2e6251428250b299f0da008ad606391890,ETH,0x0000000000000000000000000000000000000000,0x8366a39cc670b4001a1121b8f6a443a643e40951,INFRASTRUCTURE,Uniswap V4 PoolManager,1274361111438594,0.001274361111438594
0x0511e8f74be617b6f6316f68a3bace2e6251428250b299f0da008ad606391890,ETH,0x0000000000000000000000000000000000000000,0xe3fa8fa0d0a3f59c9b08ea0fe36d654a506850cc,CONTRACT,,12872334458975,0.000012872334458975
0x0511e8f74be617b6f6316f68a3bace2e6251428250b299f0da008ad606391890,ETH,0x0000000000000000000000000000000000000000,0x0bd7d308f8e1639fab988df18a8011f41eacad73,INFRASTRUCTURE,WETH contract,-1323738501686554,-0.001323738501686554
0x0511e8f74be617b6f6316f68a3bace2e6251428250b299f0da008ad606391890,ETH,0x0000000000000000000000000000000000000000,0x228148889505f14602458969e36f8546cd0f0354,EOA,,36505055788985,0.000036505055788985
0x3df7ca6c08a92c68215340262df17a020dead9ac6ca3cb6297ae4079dad8f39b,WETH,0x0bd7d308f8e1639fab988df18a8011f41eacad73,0x0000000000000000000000000000000000000000,EOA,,13529314451700828,0.013529314451700828
0x3df7ca6c08a92c68215340262df17a020dead9ac6ca3cb6297ae4079dad8f39b,WETH,0x0bd7d308f8e1639fab988df18a8011f41eacad73,0x8366a39cc670b4001a1121b8f6a443a643e40951,INFRASTRUCTURE,Uniswap V4 PoolManager,-15293610584812410,-0.01529361058481241
0x3df7ca6c08a92c68215340262df17a020dead9ac6ca3cb6297ae4079dad8f39b,WETH,0x0bd7d308f8e1639fab988df18a8011f41eacad73,0x33eabd63853e74ff70d8b89982dfb5bc3eb0a189,EOA,,1764296133111582,0.001764296133111582
0x3df7ca6c08a92c68215340262df17a020dead9ac6ca3cb6297ae4079dad8f39b,ETH,0x0000000000000000000000000000000000000000,0x8366a39cc670b4001a1121b8f6a443a643e40951,INFRASTRUCTURE,Uniswap V4 PoolManager,13258728162666812,0.013258728162666812
0x3df7ca6c08a92c68215340262df17a020dead9ac6ca3cb6297ae4079dad8f39b,ETH,0x0000000000000000000000000000000000000000,0xe3fa8fa0d0a3f59c9b08ea0fe36d654a506850cc,CONTRACT,,270586289034016,0.000270586289034016
0x3df7ca6c08a92c68215340262df17a020dead9ac6ca3cb6297ae4079dad8f39b,ETH,0x0000000000000000000000000000000000000000,0x0bd7d308f8e1639fab988df18a8011f41eacad73,INFRASTRUCTURE,WETH contract,-27058628903401656,-0.027058628903401656
0x3df7ca6c08a92c68215340262df17a020dead9ac6ca3cb6297ae4079dad8f39b,ETH,0x0000000000000000000000000000000000000000,0xc6b81b429797e0f555440b70cd99e032d7ae947e,CONTRACT,,13529314451700828,0.013529314451700828
0x3df7ca6c08a92c68215340262df17a020dead9ac6ca3cb6297ae4079dad8f39b,ETH,0x0000000000000000000000000000000000000000,0xa633c73658857d5241fe21d43f854a82e2d0592c,CONTRACT,,-13529314451700828,-0.013529314451700828
0x3df7ca6c08a92c68215340262df17a020dead9ac6ca3cb6297ae4079dad8f39b,ETH,0x0000000000000000000000000000000000000000,0x9622a5f4c3f5fef73cb71da0bff3ed86a8203056,CONTRACT,,13529314451700828,0.013529314451700828
0xf355b30f08d7ee8cd63ed6c9e71b47d7f36a5fee2a6e7612f3aefd47af646864,WETH,0x0bd7d308f8e1639fab988df18a8011f41eacad73,0x0000000000000000000000000000000000000000,EOA,,4091350942907115,0.004091350942907115
0xf355b30f08d7ee8cd63ed6c9e71b47d7f36a5fee2a6e7612f3aefd47af646864,WETH,0x0bd7d308f8e1639fab988df18a8011f41eacad73,0x8366a39cc670b4001a1121b8f6a443a643e40951,INFRASTRUCTURE,Uniswap V4 PoolManager,-4210617290756016,-0.004210617290756016
0xf355b30f08d7ee8cd63ed6c9e71b47d7f36a5fee2a6e7612f3aefd47af646864,WETH,0x0bd7d308f8e1639fab988df18a8011f41eacad73,0x33eabd63853e74ff70d8b89982dfb5bc3eb0a189,EOA,,119266347848901,0.000119266347848901
0xf355b30f08d7ee8cd63ed6c9e71b47d7f36a5fee2a6e7612f3aefd47af646864,ETH,0x0000000000000000000000000000000000000000,0x8366a39cc670b4001a1121b8f6a443a643e40951,INFRASTRUCTURE,Uniswap V4 PoolManager,4009523924048973,0.004009523924048973
0xf355b30f08d7ee8cd63ed6c9e71b47d7f36a5fee2a6e7612f3aefd47af646864,ETH,0x0000000000000000000000000000000000000000,0xe3fa8fa0d0a3f59c9b08ea0fe36d654a506850cc,CONTRACT,,81827018858142,0.000081827018858142
0xf355b30f08d7ee8cd63ed6c9e71b47d7f36a5fee2a6e7612f3aefd47af646864,ETH,0x0000000000000000000000000000000000000000,0x0bd7d308f8e1639fab988df18a8011f41eacad73,INFRASTRUCTURE,WETH contract,-8182701885814230,-0.00818270188581423
0xf355b30f08d7ee8cd63ed6c9e71b47d7f36a5fee2a6e7612f3aefd47af646864,ETH,0x0000000000000000000000000000000000000000,0xc6b81b429797e0f555440b70cd99e032d7ae947e,CONTRACT,,4091350942907115,0.004091350942907115
0xf355b30f08d7ee8cd63ed6c9e71b47d7f36a5fee2a6e7612f3aefd47af646864,ETH,0x0000000000000000000000000000000000000000,0xa633c73658857d5241fe21d43f854a82e2d0592c,CONTRACT,,-4091350942907115,-0.004091350942907115
0xf355b30f08d7ee8cd63ed6c9e71b47d7f36a5fee2a6e7612f3aefd47af646864,ETH,0x0000000000000000000000000000000000000000,0x9622a5f4c3f5fef73cb71da0bff3ed86a8203056,CONTRACT,,4091350942907115,0.004091350942907115
0x20a5232eb7c5d688b2ec7815e59c6428c7c7c76f1ef6c0101e2f6fc272cb6886,FIRE,0x43eea882b845a8493152ebc55cf30ae9281b02d5,0xa6580ce630320e9e88a32ec5a6fbe154252dd09e,EOA_7702,,-80411152599781758990138,-80411.152599781758990138
0x20a5232eb7c5d688b2ec7815e59c6428c7c7c76f1ef6c0101e2f6fc272cb6886,FIRE,0x43eea882b845a8493152ebc55cf30ae9281b02d5,0x8366a39cc670b4001a1121b8f6a443a643e40951,INFRASTRUCTURE,Uniswap V4 PoolManager,80411152599781758990138,80411.152599781758990138
0x20a5232eb7c5d688b2ec7815e59c6428c7c7c76f1ef6c0101e2f6fc272cb6886,USDG,0x5fc5360d0400a0fd4f2af552add042d716f1d168,0x8366a39cc670b4001a1121b8f6a443a643e40951,INFRASTRUCTURE,Uniswap V4 PoolManager,-16327337,-16.327337
0x20a5232eb7c5d688b2ec7815e59c6428c7c7c76f1ef6c0101e2f6fc272cb6886,USDG,0x5fc5360d0400a0fd4f2af552add042d716f1d168,0x4cd00e387622c35bddb9b4c962c136462338bc31,CONTRACT,,16327337,16.327337
0xce217e230ea8bf23bb747e65eae65fad8e9c8b7365f7e18b22584b5581a13ddc,FIRE,0x43eea882b845a8493152ebc55cf30ae9281b02d5,0xa6935eecdc353b080a22dfecd744f400ce5480d6,EOA,,-23582304766955243412169,-23582.304766955243412169
0xce217e230ea8bf23bb747e65eae65fad8e9c8b7365f7e18b22584b5581a13ddc,FIRE,0x43eea882b845a8493152ebc55cf30ae9281b02d5,0x8366a39cc670b4001a1121b8f6a443a643e40951,INFRASTRUCTURE,Uniswap V4 PoolManager,23582304766955243412169,23582.304766955243412169
0xce217e230ea8bf23bb747e65eae65fad8e9c8b7365f7e18b22584b5581a13ddc,USDG,0x5fc5360d0400a0fd4f2af552add042d716f1d168,0x8366a39cc670b4001a1121b8f6a443a643e40951,INFRASTRUCTURE,Uniswap V4 PoolManager,-4481891,-4.481891
0xce217e230ea8bf23bb747e65eae65fad8e9c8b7365f7e18b22584b5581a13ddc,USDG,0x5fc5360d0400a0fd4f2af552add042d716f1d168,0x52e65b17fb6e5ba00ed806f37afcd2daa50271ca,CONTRACT,,4481891,4.481891
0xce217e230ea8bf23bb747e65eae65fad8e9c8b7365f7e18b22584b5581a13ddc,WETH,0x0bd7d308f8e1639fab988df18a8011f41eacad73,0x52e65b17fb6e5ba00ed806f37afcd2daa50271ca,CONTRACT,,-2334793876516485,-0.002334793876516485
0xce217e230ea8bf23bb747e65eae65fad8e9c8b7365f7e18b22584b5581a13ddc,WETH,0x0bd7d308f8e1639fab988df18a8011f41eacad73,0x0000000000000000000000000000000000000000,EOA,,2334793876516485,0.002334793876516485
0xce217e230ea8bf23bb747e65eae65fad8e9c8b7365f7e18b22584b5581a13ddc,ETH,0x0000000000000000000000000000000000000000,0x0bd7d308f8e1639fab988df18a8011f41eacad73,INFRASTRUCTURE,WETH contract,-2334793876516485,-0.002334793876516485
0xce217e230ea8bf23bb747e65eae65fad8e9c8b7365f7e18b22584b5581a13ddc,ETH,0x0000000000000000000000000000000000000000,0xa6935eecdc353b080a22dfecd744f400ce5480d6,EOA,,2334793876516485,0.002334793876516485
0xe19feb6ec5b38f6e261edd23e9e514f9d5fc81c3c5b73d8b35e21a49330e61c4,FIRE,0x43eea882b845a8493152ebc55cf30ae9281b02d5,0xa6935eecdc353b080a22dfecd744f400ce5480d6,EOA,,-233464817192856909780475,-233464.817192856909780475
0xe19feb6ec5b38f6e261edd23e9e514f9d5fc81c3c5b73d8b35e21a49330e61c4,FIRE,0x43eea882b845a8493152ebc55cf30ae9281b02d5,0x8366a39cc670b4001a1121b8f6a443a643e40951,INFRASTRUCTURE,Uniswap V4 PoolManager,233464817192856909780475,233464.817192856909780475
0xe19feb6ec5b38f6e261edd23e9e514f9d5fc81c3c5b73d8b35e21a49330e61c4,USDG,0x5fc5360d0400a0fd4f2af552add042d716f1d168,0x8366a39cc670b4001a1121b8f6a443a643e40951,INFRASTRUCTURE,Uniswap V4 PoolManager,-35478862,-35.478862
0xe19feb6ec5b38f6e261edd23e9e514f9d5fc81c3c5b73d8b35e21a49330e61c4,USDG,0x5fc5360d0400a0fd4f2af552add042d716f1d168,0x52e65b17fb6e5ba00ed806f37afcd2daa50271ca,CONTRACT,,35478862,35.478862
0xe19feb6ec5b38f6e261edd23e9e514f9d5fc81c3c5b73d8b35e21a49330e61c4,WETH,0x0bd7d308f8e1639fab988df18a8011f41eacad73,0x52e65b17fb6e5ba00ed806f37afcd2daa50271ca,CONTRACT,,-18507489932889627,-0.018507489932889627
0xe19feb6ec5b38f6e261edd23e9e514f9d5fc81c3c5b73d8b35e21a49330e61c4,WETH,0x0bd7d308f8e1639fab988df18a8011f41eacad73,0x0000000000000000000000000000000000000000,EOA,,18507489932889627,0.018507489932889627
0xe19feb6ec5b38f6e261edd23e9e514f9d5fc81c3c5b73d8b35e21a49330e61c4,ETH,0x0000000000000000000000000000000000000000,0x0bd7d308f8e1639fab988df18a8011f41eacad73,INFRASTRUCTURE,WETH contract,-18507489932889627,-0.018507489932889627
0xe19feb6ec5b38f6e261edd23e9e514f9d5fc81c3c5b73d8b35e21a49330e61c4,ETH,0x0000000000000000000000000000000000000000,0xa6935eecdc353b080a22dfecd744f400ce5480d6,EOA,,18507489932889627,0.018507489932889627
0x4a337d19f9cf01881a1d51987e9572d36d9f2e0380906e980a7af3d3ab3e2779,FIRE,0x43eea882b845a8493152ebc55cf30ae9281b02d5,0xdbc6d425abe504ad1ec037cc1ee55b3cf727b838,EOA,,-28427882377356127084567,-28427.882377356127084567
0x4a337d19f9cf01881a1d51987e9572d36d9f2e0380906e980a7af3d3ab3e2779,FIRE,0x43eea882b845a8493152ebc55cf30ae9281b02d5,0x8366a39cc670b4001a1121b8f6a443a643e40951,INFRASTRUCTURE,Uniswap V4 PoolManager,28427882377356127084567,28427.882377356127084567
0x4a337d19f9cf01881a1d51987e9572d36d9f2e0380906e980a7af3d3ab3e2779,USDG,0x5fc5360d0400a0fd4f2af552add042d716f1d168,0x8366a39cc670b4001a1121b8f6a443a643e40951,INFRASTRUCTURE,Uniswap V4 PoolManager,-4029131,-4.029131
0x4a337d19f9cf01881a1d51987e9572d36d9f2e0380906e980a7af3d3ab3e2779,USDG,0x5fc5360d0400a0fd4f2af552add042d716f1d168,0xa587f16d1bfd7cfd082624a23e9e4420ae4fe5d0,CONTRACT,,4029131,4.029131
0x4a337d19f9cf01881a1d51987e9572d36d9f2e0380906e980a7af3d3ab3e2779,WETH,0x0bd7d308f8e1639fab988df18a8011f41eacad73,0xa587f16d1bfd7cfd082624a23e9e4420ae4fe5d0,CONTRACT,,-2103733160763888,-0.002103733160763888
0x4a337d19f9cf01881a1d51987e9572d36d9f2e0380906e980a7af3d3ab3e2779,WETH,0x0bd7d308f8e1639fab988df18a8011f41eacad73,0x178867bb735e0a9fe08b9e5b02e4de349e3978cc,CONTRACT,,2103733160763888,0.002103733160763888
0x4a337d19f9cf01881a1d51987e9572d36d9f2e0380906e980a7af3d3ab3e2779,JMKE,0x4f88eb67316d6131597a665f5711f1619e4739a6,0x178867bb735e0a9fe08b9e5b02e4de349e3978cc,CONTRACT,,-238173144889467922553356,-238173.144889467922553356
0x4a337d19f9cf01881a1d51987e9572d36d9f2e0380906e980a7af3d3ab3e2779,JMKE,0x4f88eb67316d6131597a665f5711f1619e4739a6,0x38f5e5b4da37531a6e85161e337e0238bb27aa90,EOA,,595432862223669806383,595.432862223669806383
0x4a337d19f9cf01881a1d51987e9572d36d9f2e0380906e980a7af3d3ab3e2779,JMKE,0x4f88eb67316d6131597a665f5711f1619e4739a6,0xdbc6d425abe504ad1ec037cc1ee55b3cf727b838,EOA,,237577712027244252746973,237577.712027244252746973
0x68bd91ef9d9ae091304291a71043d271678d3d2e1b00bdefdfb851feb220fc31,FIRE,0x43eea882b845a8493152ebc55cf30ae9281b02d5,0xfbbb0d7a450686a18c2f4a31f0137070469491d4,EOA,,-1420994446281893190417,-1420.994446281893190417
0x68bd91ef9d9ae091304291a71043d271678d3d2e1b00bdefdfb851feb220fc31,FIRE,0x43eea882b845a8493152ebc55cf30ae9281b02d5,0x8366a39cc670b4001a1121b8f6a443a643e40951,INFRASTRUCTURE,Uniswap V4 PoolManager,1420994446281893190417,1420.994446281893190417
0x68bd91ef9d9ae091304291a71043d271678d3d2e1b00bdefdfb851feb220fc31,ETH,0x0000000000000000000000000000000000000000,0x8366a39cc670b4001a1121b8f6a443a643e40951,INFRASTRUCTURE,Uniswap V4 PoolManager,-165557672947390,-0.00016555767294739
0x68bd91ef9d9ae091304291a71043d271678d3d2e1b00bdefdfb851feb220fc31,ETH,0x0000000000000000000000000000000000000000,0x0bd7d308f8e1639fab988df18a8011f41eacad73,INFRASTRUCTURE,WETH contract,-165557672947390,-0.00016555767294739
0x68bd91ef9d9ae091304291a71043d271678d3d2e1b00bdefdfb851feb220fc31,ETH,0x0000000000000000000000000000000000000000,0xc6b81b429797e0f555440b70cd99e032d7ae947e,CONTRACT,,165557672947390,0.00016555767294739
0x68bd91ef9d9ae091304291a71043d271678d3d2e1b00bdefdfb851feb220fc31,ETH,0x0000000000000000000000000000000000000000,0xfbbb0d7a450686a18c2f4a31f0137070469491d4,EOA,,165557672947390,0.00016555767294739
0xb17835f469d9f25404dce0399bc2151ee7aa0d094ef62dd10fe20ff3be07e35b,FIRE,0x43eea882b845a8493152ebc55cf30ae9281b02d5,0xe49193acd219557a150e35ccc2a66f89c42482e6,EOA,,-503833523048941691991737,-503833.523048941691991737
0xb17835f469d9f25404dce0399bc2151ee7aa0d094ef62dd10fe20ff3be07e35b,FIRE,0x43eea882b845a8493152ebc55cf30ae9281b02d5,0x8366a39cc670b4001a1121b8f6a443a643e40951,INFRASTRUCTURE,Uniswap V4 PoolManager,503833523048941691991737,503833.523048941691991737
0xb17835f469d9f25404dce0399bc2151ee7aa0d094ef62dd10fe20ff3be07e35b,USDG,0x5fc5360d0400a0fd4f2af552add042d716f1d168,0x8366a39cc670b4001a1121b8f6a443a643e40951,INFRASTRUCTURE,Uniswap V4 PoolManager,-46835945,-46.835945
0xb17835f469d9f25404dce0399bc2151ee7aa0d094ef62dd10fe20ff3be07e35b,USDG,0x5fc5360d0400a0fd4f2af552add042d716f1d168,0x6ea08ca8f313d860808ef7431fc72c6fbcf4a72d,EOA,,187343,0.187343
0xb17835f469d9f25404dce0399bc2151ee7aa0d094ef62dd10fe20ff3be07e35b,USDG,0x5fc5360d0400a0fd4f2af552add042d716f1d168,0x30913329705559c9426db411bbda9fe1e8a85773,EOA_7702,,44494,0.044494
0xb17835f469d9f25404dce0399bc2151ee7aa0d094ef62dd10fe20ff3be07e35b,USDG,0x5fc5360d0400a0fd4f2af552add042d716f1d168,0xe49193acd219557a150e35ccc2a66f89c42482e6,EOA,,46604108,46.604108
0x459f4162d86a2f660bf457497426e6f3e26a696415209fc3ce2dd42e570b7887,USDG,0x5fc5360d0400a0fd4f2af552add042d716f1d168,0x8366a39cc670b4001a1121b8f6a443a643e40951,INFRASTRUCTURE,Uniswap V4 PoolManager,-3790917,-3.790917
0x459f4162d86a2f660bf457497426e6f3e26a696415209fc3ce2dd42e570b7887,USDG,0x5fc5360d0400a0fd4f2af552add042d716f1d168,0x52e65b17fb6e5ba00ed806f37afcd2daa50271ca,CONTRACT,,3790917,3.790917
0x459f4162d86a2f660bf457497426e6f3e26a696415209fc3ce2dd42e570b7887,WETH,0x0bd7d308f8e1639fab988df18a8011f41eacad73,0x52e65b17fb6e5ba00ed806f37afcd2daa50271ca,CONTRACT,,-2032964592012571,-0.002032964592012571
0x459f4162d86a2f660bf457497426e6f3e26a696415209fc3ce2dd42e570b7887,WETH,0x0bd7d308f8e1639fab988df18a8011f41eacad73,0x0000000000000000000000000000000000000000,EOA,,2032964592012571,0.002032964592012571
0x459f4162d86a2f660bf457497426e6f3e26a696415209fc3ce2dd42e570b7887,ETH,0x0000000000000000000000000000000000000000,0x8366a39cc670b4001a1121b8f6a443a643e40951,INFRASTRUCTURE,Uniswap V4 PoolManager,1965817334317401,0.001965817334317401
0x459f4162d86a2f660bf457497426e6f3e26a696415209fc3ce2dd42e570b7887,ETH,0x0000000000000000000000000000000000000000,0xe3fa8fa0d0a3f59c9b08ea0fe36d654a506850cc,CONTRACT,,40118721108518,0.000040118721108518
0x459f4162d86a2f660bf457497426e6f3e26a696415209fc3ce2dd42e570b7887,ETH,0x0000000000000000000000000000000000000000,0x0bd7d308f8e1639fab988df18a8011f41eacad73,INFRASTRUCTURE,WETH contract,-2032964592012571,-0.002032964592012571
0x459f4162d86a2f660bf457497426e6f3e26a696415209fc3ce2dd42e570b7887,ETH,0x0000000000000000000000000000000000000000,0x0df9a8932b1ccacfcad3f1409431ebf8800f42e8,EOA,,27028536586652,0.000027028536586652
0xcd5a6a7752daf94ef19ddf3ddd47d3c2ebccf65ae9bdd308f72e674c9015221f,FIRE,0x43eea882b845a8493152ebc55cf30ae9281b02d5,0x084dfa381fb739bc14d5dcca2c9466e62d712946,EOA_7702,,-9504309031260407491361,-9504.309031260407491361
0xcd5a6a7752daf94ef19ddf3ddd47d3c2ebccf65ae9bdd308f72e674c9015221f,FIRE,0x43eea882b845a8493152ebc55cf30ae9281b02d5,0x8366a39cc670b4001a1121b8f6a443a643e40951,INFRASTRUCTURE,Uniswap V4 PoolManager,9504309031260407491361,9504.309031260407491361
0xcd5a6a7752daf94ef19ddf3ddd47d3c2ebccf65ae9bdd308f72e674c9015221f,USDG,0x5fc5360d0400a0fd4f2af552add042d716f1d168,0x8366a39cc670b4001a1121b8f6a443a643e40951,INFRASTRUCTURE,Uniswap V4 PoolManager,-2874755,-2.874755
0xcd5a6a7752daf94ef19ddf3ddd47d3c2ebccf65ae9bdd308f72e674c9015221f,USDG,0x5fc5360d0400a0fd4f2af552add042d716f1d168,0x4cd00e387622c35bddb9b4c962c136462338bc31,CONTRACT,,2874755,2.874755
0x97e189b3bd86168a74800a7b7d0f5d91dd44c739639b08923307e24196da7154,USDG,0x5fc5360d0400a0fd4f2af552add042d716f1d168,0x8366a39cc670b4001a1121b8f6a443a643e40951,INFRASTRUCTURE,Uniswap V4 PoolManager,-4210633,-4.210633
0x97e189b3bd86168a74800a7b7d0f5d91dd44c739639b08923307e24196da7154,USDG,0x5fc5360d0400a0fd4f2af552add042d716f1d168,0x2f4579ca81717d3d61bf8b6f06571877bbe54a07,CONTRACT,,4210633,4.210633
0x97e189b3bd86168a74800a7b7d0f5d91dd44c739639b08923307e24196da7154,AAPL,0xaf3d76f1834a1d425780943c99ea8a608f8a93f9,0x2f4579ca81717d3d61bf8b6f06571877bbe54a07,CONTRACT,,-13690692336192759,-0.013690692336192759
0x97e189b3bd86168a74800a7b7d0f5d91dd44c739639b08923307e24196da7154,AAPL,0xaf3d76f1834a1d425780943c99ea8a608f8a93f9,0x8bb3514e2204e1cdf3ac149efee7ff04d91b719f,CONTRACT,,13690692336192758,0.013690692336192758
0x97e189b3bd86168a74800a7b7d0f5d91dd44c739639b08923307e24196da7154,AAPL,0xaf3d76f1834a1d425780943c99ea8a608f8a93f9,0x0df9a8932b1ccacfcad3f1409431ebf8800f42e8,EOA,,1,1E-18
0x97e189b3bd86168a74800a7b7d0f5d91dd44c739639b08923307e24196da7154,WETH,0x0bd7d308f8e1639fab988df18a8011f41eacad73,0x8bb3514e2204e1cdf3ac149efee7ff04d91b719f,CONTRACT,,-2254337407018707,-0.002254337407018707
0x97e189b3bd86168a74800a7b7d0f5d91dd44c739639b08923307e24196da7154,WETH,0x0bd7d308f8e1639fab988df18a8011f41eacad73,0x0000000000000000000000000000000000000000,EOA,,2254337407018707,0.002254337407018707
0x97e189b3bd86168a74800a7b7d0f5d91dd44c739639b08923307e24196da7154,ETH,0x0000000000000000000000000000000000000000,0x8366a39cc670b4001a1121b8f6a443a643e40951,INFRASTRUCTURE,Uniswap V4 PoolManager,2178817638557029,0.002178817638557029
0x97e189b3bd86168a74800a7b7d0f5d91dd44c739639b08923307e24196da7154,ETH,0x0000000000000000000000000000000000000000,0xe3fa8fa0d0a3f59c9b08ea0fe36d654a506850cc,CONTRACT,,44465666093000,0.000044465666093
0x97e189b3bd86168a74800a7b7d0f5d91dd44c739639b08923307e24196da7154,ETH,0x0000000000000000000000000000000000000000,0x0bd7d308f8e1639fab988df18a8011f41eacad73,INFRASTRUCTURE,WETH contract,-2254337407018707,-0.002254337407018707
0x97e189b3bd86168a74800a7b7d0f5d91dd44c739639b08923307e24196da7154,ETH,0x0000000000000000000000000000000000000000,0x0df9a8932b1ccacfcad3f1409431ebf8800f42e8,EOA,,31054102368678,0.000031054102368678
0x05a0e773750f26abd85afafc95f9b3816572bbea348d0c11963810fcd7294387,WETH,0x0bd7d308f8e1639fab988df18a8011f41eacad73,0x0000000000000000000000000000000000000000,EOA,,6710683196928831,0.006710683196928831
0x05a0e773750f26abd85afafc95f9b3816572bbea348d0c11963810fcd7294387,WETH,0x0bd7d308f8e1639fab988df18a8011f41eacad73,0x69bfaf19c9f377bb306a89aed9f6b07e2c1a8d9a,CONTRACT,,-6710683196928831,-0.006710683196928831
0x05a0e773750f26abd85afafc95f9b3816572bbea348d0c11963810fcd7294387,USDG,0x5fc5360d0400a0fd4f2af552add042d716f1d168,0x8366a39cc670b4001a1121b8f6a443a643e40951,INFRASTRUCTURE,Uniswap V4 PoolManager,-12524823,-12.524823
0x05a0e773750f26abd85afafc95f9b3816572bbea348d0c11963810fcd7294387,USDG,0x5fc5360d0400a0fd4f2af552add042d716f1d168,0x69bfaf19c9f377bb306a89aed9f6b07e2c1a8d9a,CONTRACT,,12524823,12.524823
0x05a0e773750f26abd85afafc95f9b3816572bbea348d0c11963810fcd7294387,ETH,0x0000000000000000000000000000000000000000,0x8366a39cc670b4001a1121b8f6a443a643e40951,INFRASTRUCTURE,Uniswap V4 PoolManager,6074314324046333,0.006074314324046333
0x05a0e773750f26abd85afafc95f9b3816572bbea348d0c11963810fcd7294387,ETH,0x0000000000000000000000000000000000000000,0xe3fa8fa0d0a3f59c9b08ea0fe36d654a506850cc,CONTRACT,,123965598449924,0.000123965598449924
0x05a0e773750f26abd85afafc95f9b3816572bbea348d0c11963810fcd7294387,ETH,0x0000000000000000000000000000000000000000,0x0bd7d308f8e1639fab988df18a8011f41eacad73,INFRASTRUCTURE,WETH contract,-12908963119425088,-0.012908963119425088
0x05a0e773750f26abd85afafc95f9b3816572bbea348d0c11963810fcd7294387,ETH,0x0000000000000000000000000000000000000000,0xc6b81b429797e0f555440b70cd99e032d7ae947e,CONTRACT,,6198279922496257,0.006198279922496257
0x05a0e773750f26abd85afafc95f9b3816572bbea348d0c11963810fcd7294387,ETH,0x0000000000000000000000000000000000000000,0xa633c73658857d5241fe21d43f854a82e2d0592c,CONTRACT,,-6198279922496257,-0.006198279922496257
0x05a0e773750f26abd85afafc95f9b3816572bbea348d0c11963810fcd7294387,ETH,0x0000000000000000000000000000000000000000,0xb7298a3abfedbc439e8067db151b45c0a3baa05f,CONTRACT,,6198279922496257,0.006198279922496257
0x05a0e773750f26abd85afafc95f9b3816572bbea348d0c11963810fcd7294387,ETH,0x0000000000000000000000000000000000000000,0x743be0db30148336a3db479f19d4e1828b293869,EOA,,384302455824430,0.00038430245582443
0x05a0e773750f26abd85afafc95f9b3816572bbea348d0c11963810fcd7294387,ETH,0x0000000000000000000000000000000000000000,0x33eabd63853e74ff70d8b89982dfb5bc3eb0a189,EOA,,128100818608144,0.000128100818608144
0xe51232c0376feb312966c5b3c60a02412d8a506d6355eb48955907ddc9538288,FIRE,0x43eea882b845a8493152ebc55cf30ae9281b02d5,0x1aa511c41636dc4e1dafe5092157eb606da01d03,EOA,,-34275986259502501402820,-34275.98625950250140282
0xe51232c0376feb312966c5b3c60a02412d8a506d6355eb48955907ddc9538288,FIRE,0x43eea882b845a8493152ebc55cf30ae9281b02d5,0x8366a39cc670b4001a1121b8f6a443a643e40951,INFRASTRUCTURE,Uniswap V4 PoolManager,34275986259502501402820,34275.98625950250140282
0xe51232c0376feb312966c5b3c60a02412d8a506d6355eb48955907ddc9538288,USDG,0x5fc5360d0400a0fd4f2af552add042d716f1d168,0x8366a39cc670b4001a1121b8f6a443a643e40951,INFRASTRUCTURE,Uniswap V4 PoolManager,-6906805,-6.906805
0xe51232c0376feb312966c5b3c60a02412d8a506d6355eb48955907ddc9538288,USDG,0x5fc5360d0400a0fd4f2af552add042d716f1d168,0x52e65b17fb6e5ba00ed806f37afcd2daa50271ca,CONTRACT,,6906805,6.906805
0xe51232c0376feb312966c5b3c60a02412d8a506d6355eb48955907ddc9538288,WETH,0x0bd7d308f8e1639fab988df18a8011f41eacad73,0x52e65b17fb6e5ba00ed806f37afcd2daa50271ca,CONTRACT,,-3604336028399824,-0.003604336028399824
0xe51232c0376feb312966c5b3c60a02412d8a506d6355eb48955907ddc9538288,WETH,0x0bd7d308f8e1639fab988df18a8011f41eacad73,0x0000000000000000000000000000000000000000,EOA,,3604336028399824,0.003604336028399824
0xe51232c0376feb312966c5b3c60a02412d8a506d6355eb48955907ddc9538288,ETH,0x0000000000000000000000000000000000000000,0x0bd7d308f8e1639fab988df18a8011f41eacad73,INFRASTRUCTURE,WETH contract,-3604336028399824,-0.003604336028399824
0xe51232c0376feb312966c5b3c60a02412d8a506d6355eb48955907ddc9538288,ETH,0x0000000000000000000000000000000000000000,0x6ea08ca8f313d860808ef7431fc72c6fbcf4a72d,EOA,,18021680141999,0.000018021680141999
0xe51232c0376feb312966c5b3c60a02412d8a506d6355eb48955907ddc9538288,ETH,0x0000000000000000000000000000000000000000,0x1aa511c41636dc4e1dafe5092157eb606da01d03,EOA,,3586314348257825,0.003586314348257825
0xdbc511aecf9115060561980a6f83f1d24fe4bafa6c78a5a80ba4b72bf71387a1,USDG,0x5fc5360d0400a0fd4f2af552add042d716f1d168,0x8366a39cc670b4001a1121b8f6a443a643e40951,INFRASTRUCTURE,Uniswap V4 PoolManager,-4289642,-4.289642
0xdbc511aecf9115060561980a6f83f1d24fe4bafa6c78a5a80ba4b72bf71387a1,USDG,0x5fc5360d0400a0fd4f2af552add042d716f1d168,0x52e65b17fb6e5ba00ed806f37afcd2daa50271ca,CONTRACT,,4289642,4.289642
0xdbc511aecf9115060561980a6f83f1d24fe4bafa6c78a5a80ba4b72bf71387a1,WETH,0x0bd7d308f8e1639fab988df18a8011f41eacad73,0x52e65b17fb6e5ba00ed806f37afcd2daa50271ca,CONTRACT,,-2298718041665424,-0.002298718041665424
0xdbc511aecf9115060561980a6f83f1d24fe4bafa6c78a5a80ba4b72bf71387a1,WETH,0x0bd7d308f8e1639fab988df18a8011f41eacad73,0x000000007907b910ae1ee64a71f95b592fc7bb89,CONTRACT,,10400610033041,0.000010400610033041
0xdbc511aecf9115060561980a6f83f1d24fe4bafa6c78a5a80ba4b72bf71387a1,WETH,0x0bd7d308f8e1639fab988df18a8011f41eacad73,0x0000000000000000000000000000000000000000,EOA,,2288317431632383,0.002288317431632383
0xdbc511aecf9115060561980a6f83f1d24fe4bafa6c78a5a80ba4b72bf71387a1,ETH,0x0000000000000000000000000000000000000000,0xf0229a7df821096bd3e097e36152bc948c1f4cc0,EOA,,-7501,-7.501E-15
0xdbc511aecf9115060561980a6f83f1d24fe4bafa6c78a5a80ba4b72bf71387a1,ETH,0x0000000000000000000000000000000000000000,0x8366a39cc670b4001a1121b8f6a443a643e40951,INFRASTRUCTURE,Uniswap V4 PoolManager,2234527964388891,0.002234527964388891
0xdbc511aecf9115060561980a6f83f1d24fe4bafa6c78a5a80ba4b72bf71387a1,ETH,0x0000000000000000000000000000000000000000,0xe3fa8fa0d0a3f59c9b08ea0fe36d654a506850cc,CONTRACT,,22570989539281,0.000022570989539281
0xdbc511aecf9115060561980a6f83f1d24fe4bafa6c78a5a80ba4b72bf71387a1,ETH,0x0000000000000000000000000000000000000000,0x0bd7d308f8e1639fab988df18a8011f41eacad73,INFRASTRUCTURE,WETH contract,-2288317431632383,-0.002288317431632383
0xdbc511aecf9115060561980a6f83f1d24fe4bafa6c78a5a80ba4b72bf71387a1,ETH,0x0000000000000000000000000000000000000000,0x743be0db30148336a3db479f19d4e1828b293869,EOA,,31218477711712,0.000031218477711712
0x3a4e65ee6903675542b60054aec1870c186302c1ec261a490153d3b7e819b36e,WETH,0x0bd7d308f8e1639fab988df18a8011f41eacad73,0x0000000000000000000000000000000000000000,EOA,,8462689521835738,0.008462689521835738
0x3a4e65ee6903675542b60054aec1870c186302c1ec261a490153d3b7e819b36e,WETH,0x0bd7d308f8e1639fab988df18a8011f41eacad73,0x52e65b17fb6e5ba00ed806f37afcd2daa50271ca,CONTRACT,,-8462689521835738,-0.008462689521835738
0x3a4e65ee6903675542b60054aec1870c186302c1ec261a490153d3b7e819b36e,USDG,0x5fc5360d0400a0fd4f2af552add042d716f1d168,0x8366a39cc670b4001a1121b8f6a443a643e40951,INFRASTRUCTURE,Uniswap V4 PoolManager,-15792244,-15.792244
0x3a4e65ee6903675542b60054aec1870c186302c1ec261a490153d3b7e819b36e,USDG,0x5fc5360d0400a0fd4f2af552add042d716f1d168,0x52e65b17fb6e5ba00ed806f37afcd2daa50271ca,CONTRACT,,15792244,15.792244
0x3a4e65ee6903675542b60054aec1870c186302c1ec261a490153d3b7e819b36e,ETH,0x0000000000000000000000000000000000000000,0x8366a39cc670b4001a1121b8f6a443a643e40951,INFRASTRUCTURE,Uniswap V4 PoolManager,7558584370065604,0.007558584370065604
0x3a4e65ee6903675542b60054aec1870c186302c1ec261a490153d3b7e819b36e,ETH,0x0000000000000000000000000000000000000000,0xe3fa8fa0d0a3f59c9b08ea0fe36d654a506850cc,CONTRACT,,154256823878888,0.000154256823878888
0x3a4e65ee6903675542b60054aec1870c186302c1ec261a490153d3b7e819b36e,ETH,0x0000000000000000000000000000000000000000,0x0bd7d308f8e1639fab988df18a8011f41eacad73,INFRASTRUCTURE,WETH contract,-16175530715780230,-0.01617553071578023
0x3a4e65ee6903675542b60054aec1870c186302c1ec261a490153d3b7e819b36e,ETH,0x0000000000000000000000000000000000000000,0xc6b81b429797e0f555440b70cd99e032d7ae947e,CONTRACT,,7712841193944492,0.007712841193944492
0x3a4e65ee6903675542b60054aec1870c186302c1ec261a490153d3b7e819b36e,ETH,0x0000000000000000000000000000000000000000,0xa633c73658857d5241fe21d43f854a82e2d0592c,CONTRACT,,-7712841193944492,-0.007712841193944492
0x3a4e65ee6903675542b60054aec1870c186302c1ec261a490153d3b7e819b36e,ETH,0x0000000000000000000000000000000000000000,0xb7298a3abfedbc439e8067db151b45c0a3baa05f,CONTRACT,,7712841193944492,0.007712841193944492
0x3a4e65ee6903675542b60054aec1870c186302c1ec261a490153d3b7e819b36e,ETH,0x0000000000000000000000000000000000000000,0x743be0db30148336a3db479f19d4e1828b293869,EOA,,562386245918434,0.000562386245918434
0x3a4e65ee6903675542b60054aec1870c186302c1ec261a490153d3b7e819b36e,ETH,0x0000000000000000000000000000000000000000,0x33eabd63853e74ff70d8b89982dfb5bc3eb0a189,EOA,,187462081972812,0.000187462081972812
0xbbeeab11f580c8430d4a4a349cde4d192c2e708ada06810910b9a0abef4864ea,FIRE,0x43eea882b845a8493152ebc55cf30ae9281b02d5,0x6fe9e13938f25fbaf0493522cf56480f4a992f1b,EOA_7702,,-19870634783155107960141,-19870.634783155107960141
0xbbeeab11f580c8430d4a4a349cde4d192c2e708ada06810910b9a0abef4864ea,FIRE,0x43eea882b845a8493152ebc55cf30ae9281b02d5,0x8366a39cc670b4001a1121b8f6a443a643e40951,INFRASTRUCTURE,Uniswap V4 PoolManager,19870634783155107960141,19870.634783155107960141
0xbbeeab11f580c8430d4a4a349cde4d192c2e708ada06810910b9a0abef4864ea,USDG,0x5fc5360d0400a0fd4f2af552add042d716f1d168,0x8366a39cc670b4001a1121b8f6a443a643e40951,INFRASTRUCTURE,Uniswap V4 PoolManager,-3004103,-3.004103
0xbbeeab11f580c8430d4a4a349cde4d192c2e708ada06810910b9a0abef4864ea,USDG,0x5fc5360d0400a0fd4f2af552add042d716f1d168,0x6fe9e13938f25fbaf0493522cf56480f4a992f1b,EOA_7702,,3004103,3.004103
0xc70c5c0925746e43008b7474543f82cfd8c32c9c0345669cbef330abbec34268,WETH,0x0bd7d308f8e1639fab988df18a8011f41eacad73,0x0000000000000000000000000000000000000000,EOA,,7031319941344987,0.007031319941344987
0xc70c5c0925746e43008b7474543f82cfd8c32c9c0345669cbef330abbec34268,WETH,0x0bd7d308f8e1639fab988df18a8011f41eacad73,0x8366a39cc670b4001a1121b8f6a443a643e40951,INFRASTRUCTURE,Uniswap V4 PoolManager,-7031319941344987,-0.007031319941344987
0xc70c5c0925746e43008b7474543f82cfd8c32c9c0345669cbef330abbec34268,ETH,0x0000000000000000000000000000000000000000,0x8366a39cc670b4001a1121b8f6a443a643e40951,INFRASTRUCTURE,Uniswap V4 PoolManager,6356133353919542,0.006356133353919542
0xc70c5c0925746e43008b7474543f82cfd8c32c9c0345669cbef330abbec34268,ETH,0x0000000000000000000000000000000000000000,0xe3fa8fa0d0a3f59c9b08ea0fe36d654a506850cc,CONTRACT,,129717007222846,0.000129717007222846
0xc70c5c0925746e43008b7474543f82cfd8c32c9c0345669cbef330abbec34268,ETH,0x0000000000000000000000000000000000000000,0x0bd7d308f8e1639fab988df18a8011f41eacad73,INFRASTRUCTURE,WETH contract,-13517170302487375,-0.013517170302487375
0xc70c5c0925746e43008b7474543f82cfd8c32c9c0345669cbef330abbec34268,ETH,0x0000000000000000000000000000000000000000,0xc6b81b429797e0f555440b70cd99e032d7ae947e,CONTRACT,,6485850361142388,0.006485850361142388
0xc70c5c0925746e43008b7474543f82cfd8c32c9c0345669cbef330abbec34268,ETH,0x0000000000000000000000000000000000000000,0xa633c73658857d5241fe21d43f854a82e2d0592c,CONTRACT,,-6485850361142388,-0.006485850361142388
0xc70c5c0925746e43008b7474543f82cfd8c32c9c0345669cbef330abbec34268,ETH,0x0000000000000000000000000000000000000000,0xb7298a3abfedbc439e8067db151b45c0a3baa05f,CONTRACT,,6485850361142388,0.006485850361142388
0xc70c5c0925746e43008b7474543f82cfd8c32c9c0345669cbef330abbec34268,ETH,0x0000000000000000000000000000000000000000,0x743be0db30148336a3db479f19d4e1828b293869,EOA,,409102185151949,0.000409102185151949
0xc70c5c0925746e43008b7474543f82cfd8c32c9c0345669cbef330abbec34268,ETH,0x0000000000000000000000000000000000000000,0x33eabd63853e74ff70d8b89982dfb5bc3eb0a189,EOA,,136367395050650,0.00013636739505065
0x10a09a490cecce71fb826a8866c6596403ebfb419d582739ca28753bf06b2c6d,WETH,0x0bd7d308f8e1639fab988df18a8011f41eacad73,0x0000000000000000000000000000000000000000,EOA,,3656493231211166,0.003656493231211166
0x10a09a490cecce71fb826a8866c6596403ebfb419d582739ca28753bf06b2c6d,WETH,0x0bd7d308f8e1639fab988df18a8011f41eacad73,0x52e65b17fb6e5ba00ed806f37afcd2daa50271ca,CONTRACT,,-3758745586323017,-0.003758745586323017
0x10a09a490cecce71fb826a8866c6596403ebfb419d582739ca28753bf06b2c6d,WETH,0x0bd7d308f8e1639fab988df18a8011f41eacad73,0x33eabd63853e74ff70d8b89982dfb5bc3eb0a189,EOA,,102252355111851,0.000102252355111851
0x10a09a490cecce71fb826a8866c6596403ebfb419d582739ca28753bf06b2c6d,USDG,0x5fc5360d0400a0fd4f2af552add042d716f1d168,0x8366a39cc670b4001a1121b8f6a443a643e40951,INFRASTRUCTURE,Uniswap V4 PoolManager,-7155152,-7.155152
0x10a09a490cecce71fb826a8866c6596403ebfb419d582739ca28753bf06b2c6d,USDG,0x5fc5360d0400a0fd4f2af552add042d716f1d168,0x52e65b17fb6e5ba00ed806f37afcd2daa50271ca,CONTRACT,,7155152,7.155152
0x10a09a490cecce71fb826a8866c6596403ebfb419d582739ca28753bf06b2c6d,ETH,0x0000000000000000000000000000000000000000,0x8366a39cc670b4001a1121b8f6a443a643e40951,INFRASTRUCTURE,Uniswap V4 PoolManager,3583363366586944,0.003583363366586944
0x10a09a490cecce71fb826a8866c6596403ebfb419d582739ca28753bf06b2c6d,ETH,0x0000000000000000000000000000000000000000,0xe3fa8fa0d0a3f59c9b08ea0fe36d654a506850cc,CONTRACT,,73129864624222,0.000073129864624222
0x10a09a490cecce71fb826a8866c6596403ebfb419d582739ca28753bf06b2c6d,ETH,0x0000000000000000000000000000000000000000,0x0bd7d308f8e1639fab988df18a8011f41eacad73,INFRASTRUCTURE,WETH contract,-7312986462422332,-0.007312986462422332
0x10a09a490cecce71fb826a8866c6596403ebfb419d582739ca28753bf06b2c6d,ETH,0x0000000000000000000000000000000000000000,0xc6b81b429797e0f555440b70cd99e032d7ae947e,CONTRACT,,3656493231211166,0.003656493231211166
0x10a09a490cecce71fb826a8866c6596403ebfb419d582739ca28753bf06b2c6d,ETH,0x0000000000000000000000000000000000000000,0xa633c73658857d5241fe21d43f854a82e2d0592c,CONTRACT,,-3656493231211166,-0.003656493231211166
0x10a09a490cecce71fb826a8866c6596403ebfb419d582739ca28753bf06b2c6d,ETH,0x0000000000000000000000000000000000000000,0x65272592668f0aa28e606a1a8c3ba0550f562eee,CONTRACT,,3656493231211166,0.003656493231211166
0x6ea987c848f419787fd1649c64767ff856ebd88fa2c0a112481a26af98fc00a4,FIRE,0x43eea882b845a8493152ebc55cf30ae9281b02d5,0x4da5fb9c62006e9450df7e8b3d0d5c044b5759a8,EOA,,-149115330147580481534218,-149115.330147580481534218
0x6ea987c848f419787fd1649c64767ff856ebd88fa2c0a112481a26af98fc00a4,FIRE,0x43eea882b845a8493152ebc55cf30ae9281b02d5,0x8366a39cc670b4001a1121b8f6a443a643e40951,INFRASTRUCTURE,Uniswap V4 PoolManager,149115330147580481534218,149115.330147580481534218
0x6ea987c848f419787fd1649c64767ff856ebd88fa2c0a112481a26af98fc00a4,WETH,0x0bd7d308f8e1639fab988df18a8011f41eacad73,0x8366a39cc670b4001a1121b8f6a443a643e40951,INFRASTRUCTURE,Uniswap V4 PoolManager,-12058056228441429,-0.012058056228441429
0x6ea987c848f419787fd1649c64767ff856ebd88fa2c0a112481a26af98fc00a4,WETH,0x0bd7d308f8e1639fab988df18a8011f41eacad73,0x4da5fb9c62006e9450df7e8b3d0d5c044b5759a8,EOA,,12058056228441429,0.012058056228441429
0x6a528eea74cede3192f4bca667ed9b98a60c9118aa2318a307e0665576f76ca1,FIRE,0x43eea882b845a8493152ebc55cf30ae9281b02d5,0x8ef1ff96345994aaf85ccfb99333a236bd78dd6e,EOA_7702,,-2009115039010000000000,-2009.11503901
0x6a528eea74cede3192f4bca667ed9b98a60c9118aa2318a307e0665576f76ca1,FIRE,0x43eea882b845a8493152ebc55cf30ae9281b02d5,0x52866fd157577897ce627022b9c19bd2e622fd7a,EOA_7702,,10045575195050000000,10.04557519505
0x6a528eea74cede3192f4bca667ed9b98a60c9118aa2318a307e0665576f76ca1,FIRE,0x43eea882b845a8493152ebc55cf30ae9281b02d5,0x8366a39cc670b4001a1121b8f6a443a643e40951,INFRASTRUCTURE,Uniswap V4 PoolManager,1999069463814950000000,1999.06946381495
0x6a528eea74cede3192f4bca667ed9b98a60c9118aa2318a307e0665576f76ca1,USDG,0x5fc5360d0400a0fd4f2af552add042d716f1d168,0x8366a39cc670b4001a1121b8f6a443a643e40951,INFRASTRUCTURE,Uniswap V4 PoolManager,-790576,-0.790576
0x6a528eea74cede3192f4bca667ed9b98a60c9118aa2318a307e0665576f76ca1,USDG,0x5fc5360d0400a0fd4f2af552add042d716f1d168,0x52e65b17fb6e5ba00ed806f37afcd2daa50271ca,CONTRACT,,790576,0.790576
0x6a528eea74cede3192f4bca667ed9b98a60c9118aa2318a307e0665576f76ca1,WETH,0x0bd7d308f8e1639fab988df18a8011f41eacad73,0x52e65b17fb6e5ba00ed806f37afcd2daa50271ca,CONTRACT,,-416909958286802,-0.000416909958286802
0x6a528eea74cede3192f4bca667ed9b98a60c9118aa2318a307e0665576f76ca1,WETH,0x0bd7d308f8e1639fab988df18a8011f41eacad73,0xded0637f4a02d168fadae429a72bcfe370ef6dbd,CONTRACT,,416909958286802,0.000416909958286802
0x6a528eea74cede3192f4bca667ed9b98a60c9118aa2318a307e0665576f76ca1,HELIA,0xa3b9120593c93169e36a0cdea1324584b745e03f,0xded0637f4a02d168fadae429a72bcfe370ef6dbd,CONTRACT,,-34690508909341002992882,-34690.508909341002992882
0x6a528eea74cede3192f4bca667ed9b98a60c9118aa2318a307e0665576f76ca1,HELIA,0xa3b9120593c93169e36a0cdea1324584b745e03f,0x8ef1ff96345994aaf85ccfb99333a236bd78dd6e,EOA_7702,,34690508909341002992882,34690.508909341002992882
0x4c936f02df1b87873dbd3262df5519051387ee2535b3bd142f8b702c9023fc96,FIRE,0x43eea882b845a8493152ebc55cf30ae9281b02d5,0x1f09756741dedc39a9669565601c4bec5a548af6,EOA,,-37915781722941834421679,-37915.781722941834421679
0x4c936f02df1b87873dbd3262df5519051387ee2535b3bd142f8b702c9023fc96,FIRE,0x43eea882b845a8493152ebc55cf30ae9281b02d5,0x8366a39cc670b4001a1121b8f6a443a643e40951,INFRASTRUCTURE,Uniswap V4 PoolManager,37915781722941834421679,37915.781722941834421679
0x4c936f02df1b87873dbd3262df5519051387ee2535b3bd142f8b702c9023fc96,WETH,0x0bd7d308f8e1639fab988df18a8011f41eacad73,0x8366a39cc670b4001a1121b8f6a443a643e40951,INFRASTRUCTURE,Uniswap V4 PoolManager,-3012311251129537,-0.003012311251129537
0x4c936f02df1b87873dbd3262df5519051387ee2535b3bd142f8b702c9023fc96,WETH,0x0bd7d308f8e1639fab988df18a8011f41eacad73,0x0000000000000000000000000000000000000000,EOA,,3012311251129537,0.003012311251129537
0x4c936f02df1b87873dbd3262df5519051387ee2535b3bd142f8b702c9023fc96,ETH,0x0000000000000000000000000000000000000000,0x0bd7d308f8e1639fab988df18a8011f41eacad73,INFRASTRUCTURE,WETH contract,-3012311251129537,-0.003012311251129537
0x4c936f02df1b87873dbd3262df5519051387ee2535b3bd142f8b702c9023fc96,ETH,0x0000000000000000000000000000000000000000,0x1f09756741dedc39a9669565601c4bec5a548af6,EOA,,3012311251129537,0.003012311251129537
0x5a5ad12282b15825e51ded68f8a030361a5db57460980a5ff99d4c59356b6124,FIRE,0x43eea882b845a8493152ebc55cf30ae9281b02d5,0x11c551c0dea7d78ca92390571480bebeab630505,EOA,,-1932875343089491204219,-1932.875343089491204219
0x5a5ad12282b15825e51ded68f8a030361a5db57460980a5ff99d4c59356b6124,FIRE,0x43eea882b845a8493152ebc55cf30ae9281b02d5,0x8366a39cc670b4001a1121b8f6a443a643e40951,INFRASTRUCTURE,Uniswap V4 PoolManager,1932875343089491204219,1932.875343089491204219
0x5a5ad12282b15825e51ded68f8a030361a5db57460980a5ff99d4c59356b6124,USDG,0x5fc5360d0400a0fd4f2af552add042d716f1d168,0x8366a39cc670b4001a1121b8f6a443a643e40951,INFRASTRUCTURE,Uniswap V4 PoolManager,-805954,-0.805954
0x5a5ad12282b15825e51ded68f8a030361a5db57460980a5ff99d4c59356b6124,USDG,0x5fc5360d0400a0fd4f2af552add042d716f1d168,0x52e65b17fb6e5ba00ed806f37afcd2daa50271ca,CONTRACT,,805954,0.805954
0x5a5ad12282b15825e51ded68f8a030361a5db57460980a5ff99d4c59356b6124,WETH,0x0bd7d308f8e1639fab988df18a8011f41eacad73,0x52e65b17fb6e5ba00ed806f37afcd2daa50271ca,CONTRACT,,-423479067956774,-0.000423479067956774
0x5a5ad12282b15825e51ded68f8a030361a5db57460980a5ff99d4c59356b6124,WETH,0x0bd7d308f8e1639fab988df18a8011f41eacad73,0x0000000000000000000000000000000000000000,EOA,,423479067956774,0.000423479067956774
0x5a5ad12282b15825e51ded68f8a030361a5db57460980a5ff99d4c59356b6124,ETH,0x0000000000000000000000000000000000000000,0x0bd7d308f8e1639fab988df18a8011f41eacad73,INFRASTRUCTURE,WETH contract,-423479067956774,-0.000423479067956774
0x5a5ad12282b15825e51ded68f8a030361a5db57460980a5ff99d4c59356b6124,ETH,0x0000000000000000000000000000000000000000,0xba100ef4764b06e50d3cf844d9085c8122ca4ec3,EOA,,381131161161,3.81131161161E-7
0x5a5ad12282b15825e51ded68f8a030361a5db57460980a5ff99d4c59356b6124,ETH,0x0000000000000000000000000000000000000000,0x12eb1024fe094ea2e7f313573be73c05c417c322,EOA,,1372072180179,0.000001372072180179
0x5a5ad12282b15825e51ded68f8a030361a5db57460980a5ff99d4c59356b6124,ETH,0x0000000000000000000000000000000000000000,0x7f77bad9eb06373fe3aee84f85a9d701ff820eeb,EOA,,2058108270270,0.00000205810827027
0x5a5ad12282b15825e51ded68f8a030361a5db57460980a5ff99d4c59356b6124,ETH,0x0000000000000000000000000000000000000000,0x7e7df6f60581f13216c5e6fcfc5643b9f4261750,EOA,,423479067956,4.23479067956E-7
0x5a5ad12282b15825e51ded68f8a030361a5db57460980a5ff99d4c59356b6124,ETH,0x0000000000000000000000000000000000000000,0x11c551c0dea7d78ca92390571480bebeab630505,EOA,,419244277277208,0.000419244277277208
0xbfa23640715b910bcbd95ea6c01f9f29d2fc2f41200641632457356c25d049a4,WETH,0x0bd7d308f8e1639fab988df18a8011f41eacad73,0xd95e8e2cd04c207625c6f23c974d365a5f3a91d3,CONTRACT,,-10525099661405998,-0.010525099661405998
0xbfa23640715b910bcbd95ea6c01f9f29d2fc2f41200641632457356c25d049a4,WETH,0x0bd7d308f8e1639fab988df18a8011f41eacad73,0x0000000000000000000000000000000000000000,EOA,,11642901245062688,0.011642901245062688
0xbfa23640715b910bcbd95ea6c01f9f29d2fc2f41200641632457356c25d049a4,WETH,0x0bd7d308f8e1639fab988df18a8011f41eacad73,0x9cc8c4f6118419a27f113723f1dea646685be55f,CONTRACT,,-1117801583656690,-0.00111780158365669
0xbfa23640715b910bcbd95ea6c01f9f29d2fc2f41200641632457356c25d049a4,VIRTUAL,0xc6911796042b15d7fa4f6cde69e245ddcd3d9c31,0x8366a39cc670b4001a1121b8f6a443a643e40951,INFRASTRUCTURE,Uniswap V4 PoolManager,-40017815895992573952,-40.017815895992573952
0xbfa23640715b910bcbd95ea6c01f9f29d2fc2f41200641632457356c25d049a4,VIRTUAL,0xc6911796042b15d7fa4f6cde69e245ddcd3d9c31,0xd95e8e2cd04c207625c6f23c974d365a5f3a91d3,CONTRACT,,36193200567851261952,36.193200567851261952
0xbfa23640715b910bcbd95ea6c01f9f29d2fc2f41200641632457356c25d049a4,VIRTUAL,0xc6911796042b15d7fa4f6cde69e245ddcd3d9c31,0x9cc8c4f6118419a27f113723f1dea646685be55f,CONTRACT,,3824615328141312000,3.824615328141312
0xbfa23640715b910bcbd95ea6c01f9f29d2fc2f41200641632457356c25d049a4,ETH,0x0000000000000000000000000000000000000000,0x8366a39cc670b4001a1121b8f6a443a643e40951,INFRASTRUCTURE,Uniswap V4 PoolManager,10314597668177880,0.01031459766817788
0xbfa23640715b910bcbd95ea6c01f9f29d2fc2f41200641632457356c25d049a4,ETH,0x0000000000000000000000000000000000000000,0xe3fa8fa0d0a3f59c9b08ea0fe36d654a506850cc,CONTRACT,,210501993228118,0.000210501993228118
0xbfa23640715b910bcbd95ea6c01f9f29d2fc2f41200641632457356c25d049a4,ETH,0x0000000000000000000000000000000000000000,0x0bd7d308f8e1639fab988df18a8011f41eacad73,INFRASTRUCTURE,WETH contract,-11642901245062688,-0.011642901245062688
0xbfa23640715b910bcbd95ea6c01f9f29d2fc2f41200641632457356c25d049a4,ETH,0x0000000000000000000000000000000000000000,0xa633c73658857d5241fe21d43f854a82e2d0592c,CONTRACT,,-10525099661405998,-0.010525099661405998
0xbfa23640715b910bcbd95ea6c01f9f29d2fc2f41200641632457356c25d049a4,ETH,0x0000000000000000000000000000000000000000,0x65272592668f0aa28e606a1a8c3ba0550f562eee,CONTRACT,,10525099661405998,0.010525099661405998
0xbfa23640715b910bcbd95ea6c01f9f29d2fc2f41200641632457356c25d049a4,ETH,0x0000000000000000000000000000000000000000,0x743be0db30148336a3db479f19d4e1828b293869,EOA,,838351187742517,0.000838351187742517
0xbfa23640715b910bcbd95ea6c01f9f29d2fc2f41200641632457356c25d049a4,ETH,0x0000000000000000000000000000000000000000,0x33eabd63853e74ff70d8b89982dfb5bc3eb0a189,EOA,,279450395914173,0.000279450395914173
0x07191c68596f2b14f87d44fee034c96fb31f3b97821cd9fbbcae4815d2c8d725,WETH,0x0bd7d308f8e1639fab988df18a8011f41eacad73,0xc5a01c57b2851202dcf8507a0f2bd08a8025e2c8,CONTRACT,,-2578418057775549,-0.002578418057775549
0x07191c68596f2b14f87d44fee034c96fb31f3b97821cd9fbbcae4815d2c8d725,WETH,0x0bd7d308f8e1639fab988df18a8011f41eacad73,0x0000000000000000000000000000000000000000,EOA,,2578418057775549,0.002578418057775549
0x07191c68596f2b14f87d44fee034c96fb31f3b97821cd9fbbcae4815d2c8d725,USDG,0x5fc5360d0400a0fd4f2af552add042d716f1d168,0x8366a39cc670b4001a1121b8f6a443a643e40951,INFRASTRUCTURE,Uniswap V4 PoolManager,-4959454,-4.959454
0x07191c68596f2b14f87d44fee034c96fb31f3b97821cd9fbbcae4815d2c8d725,USDG,0x5fc5360d0400a0fd4f2af552add042d716f1d168,0xc5a01c57b2851202dcf8507a0f2bd08a8025e2c8,CONTRACT,,4959454,4.959454
0x07191c68596f2b14f87d44fee034c96fb31f3b97821cd9fbbcae4815d2c8d725,ETH,0x0000000000000000000000000000000000000000,0x8366a39cc670b4001a1121b8f6a443a643e40951,INFRASTRUCTURE,Uniswap V4 PoolManager,2276168128832930,0.00227616812883293
0x07191c68596f2b14f87d44fee034c96fb31f3b97821cd9fbbcae4815d2c8d725,ETH,0x0000000000000000000000000000000000000000,0xe3fa8fa0d0a3f59c9b08ea0fe36d654a506850cc,CONTRACT,,22991597260938,0.000022991597260938
0x07191c68596f2b14f87d44fee034c96fb31f3b97821cd9fbbcae4815d2c8d725,ETH,0x0000000000000000000000000000000000000000,0x0bd7d308f8e1639fab988df18a8011f41eacad73,INFRASTRUCTURE,WETH contract,-2578418057775549,-0.002578418057775549
0x07191c68596f2b14f87d44fee034c96fb31f3b97821cd9fbbcae4815d2c8d725,ETH,0x0000000000000000000000000000000000000000,0x090a8796ab1f6136a4319993f2cbedf04be20603,CONTRACT,,279258331681681,0.000279258331681681
0x27c90e6c8822cf3983b8b7f6827b3d453c0405996ded40018f4b74da49450b02,WETH,0x0bd7d308f8e1639fab988df18a8011f41eacad73,0x0000000000000000000000000000000000000000,EOA,,11423919470159881,0.011423919470159881
0x27c90e6c8822cf3983b8b7f6827b3d453c0405996ded40018f4b74da49450b02,WETH,0x0bd7d308f8e1639fab988df18a8011f41eacad73,0x52e65b17fb6e5ba00ed806f37afcd2daa50271ca,CONTRACT,,-11423919470159881,-0.011423919470159881
0x27c90e6c8822cf3983b8b7f6827b3d453c0405996ded40018f4b74da49450b02,USDG,0x5fc5360d0400a0fd4f2af552add042d716f1d168,0x8366a39cc670b4001a1121b8f6a443a643e40951,INFRASTRUCTURE,Uniswap V4 PoolManager,-21960569,-21.960569
0x27c90e6c8822cf3983b8b7f6827b3d453c0405996ded40018f4b74da49450b02,USDG,0x5fc5360d0400a0fd4f2af552add042d716f1d168,0x52e65b17fb6e5ba00ed806f37afcd2daa50271ca,CONTRACT,,21960569,21.960569
0x27c90e6c8822cf3983b8b7f6827b3d453c0405996ded40018f4b74da49450b02,ETH,0x0000000000000000000000000000000000000000,0x0bd7d308f8e1639fab988df18a8011f41eacad73,INFRASTRUCTURE,WETH contract,-11423919470159881,-0.011423919470159881
0x27c90e6c8822cf3983b8b7f6827b3d453c0405996ded40018f4b74da49450b02,ETH,0x0000000000000000000000000000000000000000,0x8366a39cc670b4001a1121b8f6a443a643e40951,INFRASTRUCTURE,Uniswap V4 PoolManager,9993292687589759,0.009993292687589759
0x27c90e6c8822cf3983b8b7f6827b3d453c0405996ded40018f4b74da49450b02,ETH,0x0000000000000000000000000000000000000000,0xe3fa8fa0d0a3f59c9b08ea0fe36d654a506850cc,CONTRACT,,100942350379694,0.000100942350379694
0x27c90e6c8822cf3983b8b7f6827b3d453c0405996ded40018f4b74da49450b02,ETH,0x0000000000000000000000000000000000000000,0x743be0db30148336a3db479f19d4e1828b293869,EOA,,997263324142821,0.000997263324142821
0x27c90e6c8822cf3983b8b7f6827b3d453c0405996ded40018f4b74da49450b02,ETH,0x0000000000000000000000000000000000000000,0x2185964d3b387461ef79c1841cadcfc4ea5ed639,EOA,,332421108047607,0.000332421108047607
0xfcfbe8c386a8d77a35c3d56a568164d4179947e680a378308793bbfd57e0b9df,FIRE,0x43eea882b845a8493152ebc55cf30ae9281b02d5,0xbe2a16dca3961c19acda0268c829e0eb437b28e6,EOA,,-743641710000000000000000,-743641.71
0xfcfbe8c386a8d77a35c3d56a568164d4179947e680a378308793bbfd57e0b9df,FIRE,0x43eea882b845a8493152ebc55cf30ae9281b02d5,0xcd6b980029e6e6e0733ac8ec3e02be9410d09799,EOA,,1859104275000000000000,1859.104275
0xfcfbe8c386a8d77a35c3d56a568164d4179947e680a378308793bbfd57e0b9df,FIRE,0x43eea882b845a8493152ebc55cf30ae9281b02d5,0x8366a39cc670b4001a1121b8f6a443a643e40951,INFRASTRUCTURE,Uniswap V4 PoolManager,741782605725000000000000,741782.605725
0xfcfbe8c386a8d77a35c3d56a568164d4179947e680a378308793bbfd57e0b9df,ETH,0x0000000000000000000000000000000000000000,0x8366a39cc670b4001a1121b8f6a443a643e40951,INFRASTRUCTURE,Uniswap V4 PoolManager,-210369099953547995,-0.210369099953547995
0xfcfbe8c386a8d77a35c3d56a568164d4179947e680a378308793bbfd57e0b9df,ETH,0x0000000000000000000000000000000000000000,0x8f10b468b06c6fd214b65f87778827f7d113f996,CONTRACT,,102491969875347596,0.102491969875347596
0xfcfbe8c386a8d77a35c3d56a568164d4179947e680a378308793bbfd57e0b9df,ETH,0x0000000000000000000000000000000000000000,0xbe2a16dca3961c19acda0268c829e0eb437b28e6,EOA,,107877130078200399,0.107877130078200399
0x578f2da8045fff60e66df9756c970e44a16522ab90232a35855daf8c4b33f9ee,PONS,0x39dbed3a2bd333467115de45665cc57f813c4571,0x8366a39cc670b4001a1121b8f6a443a643e40951,INFRASTRUCTURE,Uniswap V4 PoolManager,-177933716053870590890,-177.93371605387059089
0x578f2da8045fff60e66df9756c970e44a16522ab90232a35855daf8c4b33f9ee,PONS,0x39dbed3a2bd333467115de45665cc57f813c4571,0x50e43b43a8ee1e07e0ac978e92adff7dfbfb88e7,CONTRACT,,177933716053870590890,177.93371605387059089
0x578f2da8045fff60e66df9756c970e44a16522ab90232a35855daf8c4b33f9ee,WETH,0x0bd7d308f8e1639fab988df18a8011f41eacad73,0x50e43b43a8ee1e07e0ac978e92adff7dfbfb88e7,CONTRACT,,-2340013967619256,-0.002340013967619256
0x578f2da8045fff60e66df9756c970e44a16522ab90232a35855daf8c4b33f9ee,WETH,0x0bd7d308f8e1639fab988df18a8011f41eacad73,0x0000000000000000000000000000000000000000,EOA,,2340013967619256,0.002340013967619256
0x578f2da8045fff60e66df9756c970e44a16522ab90232a35855daf8c4b33f9ee,ETH,0x0000000000000000000000000000000000000000,0x8366a39cc670b4001a1121b8f6a443a643e40951,INFRASTRUCTURE,Uniswap V4 PoolManager,2255032710696463,0.002255032710696463
0x578f2da8045fff60e66df9756c970e44a16522ab90232a35855daf8c4b33f9ee,ETH,0x0000000000000000000000000000000000000000,0xe3fa8fa0d0a3f59c9b08ea0fe36d654a506850cc,CONTRACT,,46021075728498,0.000046021075728498
0x578f2da8045fff60e66df9756c970e44a16522ab90232a35855daf8c4b33f9ee,ETH,0x0000000000000000000000000000000000000000,0x0bd7d308f8e1639fab988df18a8011f41eacad73,INFRASTRUCTURE,WETH contract,-2340013967619256,-0.002340013967619256
0x578f2da8045fff60e66df9756c970e44a16522ab90232a35855daf8c4b33f9ee,ETH,0x0000000000000000000000000000000000000000,0x0df9a8932b1ccacfcad3f1409431ebf8800f42e8,EOA,,38960181194295,0.000038960181194295
0xd87fc3352f51c8f3164821a296f9f3ce9a5aafdfc19cd7ec19ecff5702b8f6df,FIRE,0x43eea882b845a8493152ebc55cf30ae9281b02d5,0x965fbde71f030b28e23084da0154298d51f9725c,EOA_7702,,-17043088482665067795853,-17043.088482665067795853
0xd87fc3352f51c8f3164821a296f9f3ce9a5aafdfc19cd7ec19ecff5702b8f6df,FIRE,0x43eea882b845a8493152ebc55cf30ae9281b02d5,0x8366a39cc670b4001a1121b8f6a443a643e40951,INFRASTRUCTURE,Uniswap V4 PoolManager,17043088482665067795853,17043.088482665067795853
0xd87fc3352f51c8f3164821a296f9f3ce9a5aafdfc19cd7ec19ecff5702b8f6df,USDG,0x5fc5360d0400a0fd4f2af552add042d716f1d168,0x8366a39cc670b4001a1121b8f6a443a643e40951,INFRASTRUCTURE,Uniswap V4 PoolManager,-9310182,-9.310182
0xd87fc3352f51c8f3164821a296f9f3ce9a5aafdfc19cd7ec19ecff5702b8f6df,USDG,0x5fc5360d0400a0fd4f2af552add042d716f1d168,0x4cd00e387622c35bddb9b4c962c136462338bc31,CONTRACT,,9310182,9.310182
0xc6545cb0eb62a12a2ac618e2175242e2a5b5b989d7ddf96339aef235014e9480,FIRE,0x43eea882b845a8493152ebc55cf30ae9281b02d5,0xe71411ebb40224f0043d21ee440829156f4fab0a,EOA_7702,,-476812500000000000000,-476.8125
0xc6545cb0eb62a12a2ac618e2175242e2a5b5b989d7ddf96339aef235014e9480,FIRE,0x43eea882b845a8493152ebc55cf30ae9281b02d5,0x8366a39cc670b4001a1121b8f6a443a643e40951,INFRASTRUCTURE,Uniswap V4 PoolManager,476812500000000000000,476.8125
0xc6545cb0eb62a12a2ac618e2175242e2a5b5b989d7ddf96339aef235014e9480,ETH,0x0000000000000000000000000000000000000000,0x8366a39cc670b4001a1121b8f6a443a643e40951,INFRASTRUCTURE,Uniswap V4 PoolManager,-100066458651305,-0.000100066458651305
0xc6545cb0eb62a12a2ac618e2175242e2a5b5b989d7ddf96339aef235014e9480,ETH,0x0000000000000000000000000000000000000000,0xe71411ebb40224f0043d21ee440829156f4fab0a,EOA_7702,,100066458651305,0.000100066458651305
0xbd387a2bf710e37442ab8e1ecba19bd443227a5237134c25acc509477a75b1d7,FIRE,0x43eea882b845a8493152ebc55cf30ae9281b02d5,0xe71411ebb40224f0043d21ee440829156f4fab0a,EOA_7702,,-635750000000000000000,-635.75
0xbd387a2bf710e37442ab8e1ecba19bd443227a5237134c25acc509477a75b1d7,FIRE,0x43eea882b845a8493152ebc55cf30ae9281b02d5,0x8366a39cc670b4001a1121b8f6a443a643e40951,INFRASTRUCTURE,Uniswap V4 PoolManager,635750000000000000000,635.75
0xbd387a2bf710e37442ab8e1ecba19bd443227a5237134c25acc509477a75b1d7,USDG,0x5fc5360d0400a0fd4f2af552add042d716f1d168,0x8366a39cc670b4001a1121b8f6a443a643e40951,INFRASTRUCTURE,Uniswap V4 PoolManager,-255802,-0.255802
0xbd387a2bf710e37442ab8e1ecba19bd443227a5237134c25acc509477a75b1d7,USDG,0x5fc5360d0400a0fd4f2af552add042d716f1d168,0xe71411ebb40224f0043d21ee440829156f4fab0a,EOA_7702,,255802,0.255802
