tx_hash,log_index,token,token_address,from,to,amount
0x6110c258c007d8d68d3e6e6a4974b761396e3dbc2d771a84bc99411297320e66,14,FIRE,0x43eea882b845a8493152ebc55cf30ae9281b02d5,0xe93bc5b2088eac5b7bf3aabb6db9a40b079f5ffc,0x8366a39cc670b4001a1121b8f6a443a643e40951,8339.234576697307449677
0x6110c258c007d8d68d3e6e6a4974b761396e3dbc2d771a84bc99411297320e66,16,WETH,0x0bd7d308f8e1639fab988df18a8011f41eacad73,0x8366a39cc670b4001a1121b8f6a443a643e40951,0x8876789976decbfcbbbe364623c63652db8c0904,0.001537582082587447
0x6110c258c007d8d68d3e6e6a4974b761396e3dbc2d771a84bc99411297320e66,19,FIRE,0x43eea882b845a8493152ebc55cf30ae9281b02d5,0xe93bc5b2088eac5b7bf3aabb6db9a40b079f5ffc,0x8366a39cc670b4001a1121b8f6a443a643e40951,438.907082984068813141
0x6110c258c007d8d68d3e6e6a4974b761396e3dbc2d771a84bc99411297320e66,22,WETH,0x0bd7d308f8e1639fab988df18a8011f41eacad73,0x8366a39cc670b4001a1121b8f6a443a643e40951,0x8876789976decbfcbbbe364623c63652db8c0904,0.000083685938642921
0x6110c258c007d8d68d3e6e6a4974b761396e3dbc2d771a84bc99411297320e66,23,WETH,0x0bd7d308f8e1639fab988df18a8011f41eacad73,0x8876789976decbfcbbbe364623c63652db8c0904,0x0000000000000000000000000000000000000000,0.001621268021230368
0x64a1b87235edb8fce25e9797dd1b136374359256b00edc9f48a966f7a5f7c27e,3,BOWYER,0xaf4c10fef50059d1e3e8ab1c80e46db6a76098b4,0x0e1061b46f4fddf9c74ee0febd722c1fed6c93b6,0xb92fe925dc43a0ecde6c8b1a2709c170ec4fff4f,325229.856122621035253939
0x64a1b87235edb8fce25e9797dd1b136374359256b00edc9f48a966f7a5f7c27e,8,BOWYER,0xaf4c10fef50059d1e3e8ab1c80e46db6a76098b4,0xb92fe925dc43a0ecde6c8b1a2709c170ec4fff4f,0xaf4c10fef50059d1e3e8ab1c80e46db6a76098b4,3252.298561226210352539
0x64a1b87235edb8fce25e9797dd1b136374359256b00edc9f48a966f7a5f7c27e,9,BOWYER,0xaf4c10fef50059d1e3e8ab1c80e46db6a76098b4,0xb92fe925dc43a0ecde6c8b1a2709c170ec4fff4f,0xc4ad95e1bc22cac4e163f3405b14729e6462f504,321977.5575613948249014
0x64a1b87235edb8fce25e9797dd1b136374359256b00edc9f48a966f7a5f7c27e,10,VIRTUAL,0xc6911796042b15d7fa4f6cde69e245ddcd3d9c31,0xc4ad95e1bc22cac4e163f3405b14729e6462f504,0x1d4b86491ec211257cbedd77a4380a7494624eff,298.745127769760216554
0x64a1b87235edb8fce25e9797dd1b136374359256b00edc9f48a966f7a5f7c27e,13,WETH,0x0bd7d308f8e1639fab988df18a8011f41eacad73,0x9cc8c4f6118419a27f113723f1dea646685be55f,0x1d4b86491ec211257cbedd77a4380a7494624eff,0.080535312164624874
0x64a1b87235edb8fce25e9797dd1b136374359256b00edc9f48a966f7a5f7c27e,14,VIRTUAL,0xc6911796042b15d7fa4f6cde69e245ddcd3d9c31,0x1d4b86491ec211257cbedd77a4380a7494624eff,0x9cc8c4f6118419a27f113723f1dea646685be55f,248.944314970541188454
0x64a1b87235edb8fce25e9797dd1b136374359256b00edc9f48a966f7a5f7c27e,16,WETH,0x0bd7d308f8e1639fab988df18a8011f41eacad73,0x851d1b0342d2257a4172826b68221d2366c1c6b5,0x1d4b86491ec211257cbedd77a4380a7494624eff,0.016100704534907228
0x64a1b87235edb8fce25e9797dd1b136374359256b00edc9f48a966f7a5f7c27e,17,VIRTUAL,0xc6911796042b15d7fa4f6cde69e245ddcd3d9c31,0x1d4b86491ec211257cbedd77a4380a7494624eff,0x851d1b0342d2257a4172826b68221d2366c1c6b5,49.8008127992190281
0x64a1b87235edb8fce25e9797dd1b136374359256b00edc9f48a966f7a5f7c27e,19,USDG,0x5fc5360d0400a0fd4f2af552add042d716f1d168,0x52e65b17fb6e5ba00ed806f37afcd2daa50271ca,0x1d4b86491ec211257cbedd77a4380a7494624eff,156.243919
0x64a1b87235edb8fce25e9797dd1b136374359256b00edc9f48a966f7a5f7c27e,20,WETH,0x0bd7d308f8e1639fab988df18a8011f41eacad73,0x1d4b86491ec211257cbedd77a4380a7494624eff,0x52e65b17fb6e5ba00ed806f37afcd2daa50271ca,0.081135599620927152
0x64a1b87235edb8fce25e9797dd1b136374359256b00edc9f48a966f7a5f7c27e,22,WETH,0x0bd7d308f8e1639fab988df18a8011f41eacad73,0x1d4b86491ec211257cbedd77a4380a7494624eff,0x0000000000000000000000000000000000000000,0.01550041707860495
0x64a1b87235edb8fce25e9797dd1b136374359256b00edc9f48a966f7a5f7c27e,24,USDG,0x5fc5360d0400a0fd4f2af552add042d716f1d168,0x52e65b17fb6e5ba00ed806f37afcd2daa50271ca,0x8366a39cc670b4001a1121b8f6a443a643e40951,29.84748
0x64a1b87235edb8fce25e9797dd1b136374359256b00edc9f48a966f7a5f7c27e,25,WETH,0x0bd7d308f8e1639fab988df18a8011f41eacad73,0x8366a39cc670b4001a1121b8f6a443a643e40951,0x52e65b17fb6e5ba00ed806f37afcd2daa50271ca,0.015499471008226618
0x64a1b87235edb8fce25e9797dd1b136374359256b00edc9f48a966f7a5f7c27e,27,WETH,0x0bd7d308f8e1639fab988df18a8011f41eacad73,0x0000000000000000000000000000000000000000,0x8366a39cc670b4001a1121b8f6a443a643e40951,0.015499471008226618
0x64a1b87235edb8fce25e9797dd1b136374359256b00edc9f48a966f7a5f7c27e,29,USDG,0x5fc5360d0400a0fd4f2af552add042d716f1d168,0x8366a39cc670b4001a1121b8f6a443a643e40951,0x1d4b86491ec211257cbedd77a4380a7494624eff,29.84748
0x64a1b87235edb8fce25e9797dd1b136374359256b00edc9f48a966f7a5f7c27e,30,USDG,0x5fc5360d0400a0fd4f2af552add042d716f1d168,0x1d4b86491ec211257cbedd77a4380a7494624eff,0xb92fe925dc43a0ecde6c8b1a2709c170ec4fff4f,186.091399
0x64a1b87235edb8fce25e9797dd1b136374359256b00edc9f48a966f7a5f7c27e,33,USDG,0x5fc5360d0400a0fd4f2af552add042d716f1d168,0xb92fe925dc43a0ecde6c8b1a2709c170ec4fff4f,0x4cd00e387622c35bddb9b4c962c136462338bc31,186.091399
0x64a1b87235edb8fce25e9797dd1b136374359256b00edc9f48a966f7a5f7c27e,38,CUSTODIAN,0x481fafe6f55ebcbe6b512c39d1c9f8e4f6ad2a00,0xe677efcf5bc895da95e742c04de66f81a3b663b9,0xb92fe925dc43a0ecde6c8b1a2709c170ec4fff4f,6125196.23518387836954583
0x64a1b87235edb8fce25e9797dd1b136374359256b00edc9f48a966f7a5f7c27e,42,WETH,0x0bd7d308f8e1639fab988df18a8011f41eacad73,0x3140e614cbebfed42a34e1c3cc52801f83c7e263,0x1d4b86491ec211257cbedd77a4380a7494624eff,0.033691129383837256
0x64a1b87235edb8fce25e9797dd1b136374359256b00edc9f48a966f7a5f7c27e,43,CUSTODIAN,0x481fafe6f55ebcbe6b512c39d1c9f8e4f6ad2a00,0xb92fe925dc43a0ecde6c8b1a2709c170ec4fff4f,0x3140e614cbebfed42a34e1c3cc52801f83c7e263,6125196.23518387836954583
0x64a1b87235edb8fce25e9797dd1b136374359256b00edc9f48a966f7a5f7c27e,45,USDG,0x5fc5360d0400a0fd4f2af552add042d716f1d168,0x52e65b17fb6e5ba00ed806f37afcd2daa50271ca,0xb92fe925dc43a0ecde6c8b1a2709c170ec4fff4f,64.879264
0x64a1b87235edb8fce25e9797dd1b136374359256b00edc9f48a966f7a5f7c27e,46,WETH,0x0bd7d308f8e1639fab988df18a8011f41eacad73,0x1d4b86491ec211257cbedd77a4380a7494624eff,0x52e65b17fb6e5ba00ed806f37afcd2daa50271ca,0.033691129383837256
0x64a1b87235edb8fce25e9797dd1b136374359256b00edc9f48a966f7a5f7c27e,50,USDG,0x5fc5360d0400a0fd4f2af552add042d716f1d168,0xb92fe925dc43a0ecde6c8b1a2709c170ec4fff4f,0x4cd00e387622c35bddb9b4c962c136462338bc31,64.879264
0x64a1b87235edb8fce25e9797dd1b136374359256b00edc9f48a966f7a5f7c27e,55,FIRE,0x43eea882b845a8493152ebc55cf30ae9281b02d5,0x3268eebced4018c5321d904121c10111a4700daf,0xb92fe925dc43a0ecde6c8b1a2709c170ec4fff4f,2144.5111562838
0x64a1b87235edb8fce25e9797dd1b136374359256b00edc9f48a966f7a5f7c27e,60,USDG,0x5fc5360d0400a0fd4f2af552add042d716f1d168,0x8366a39cc670b4001a1121b8f6a443a643e40951,0xb92fe925dc43a0ecde6c8b1a2709c170ec4fff4f,1.901863
0x64a1b87235edb8fce25e9797dd1b136374359256b00edc9f48a966f7a5f7c27e,61,FIRE,0x43eea882b845a8493152ebc55cf30ae9281b02d5,0xb92fe925dc43a0ecde6c8b1a2709c170ec4fff4f,0x8366a39cc670b4001a1121b8f6a443a643e40951,2144.5111562838
0x64a1b87235edb8fce25e9797dd1b136374359256b00edc9f48a966f7a5f7c27e,66,USDG,0x5fc5360d0400a0fd4f2af552add042d716f1d168,0xb92fe925dc43a0ecde6c8b1a2709c170ec4fff4f,0x4cd00e387622c35bddb9b4c962c136462338bc31,1.901863
0x2ad27c41fc2e78348a7b3768167319d33f6e3484e4cdccb5ae8eac03eda82ad1,36,WETH,0x0bd7d308f8e1639fab988df18a8011f41eacad73,0x52e65b17fb6e5ba00ed806f37afcd2daa50271ca,0x95f71ca6a0807de9c32f84d4d41ea32915a77665,0.031634880704311542
0x2ad27c41fc2e78348a7b3768167319d33f6e3484e4cdccb5ae8eac03eda82ad1,37,WETH,0x0bd7d308f8e1639fab988df18a8011f41eacad73,0x95f71ca6a0807de9c32f84d4d41ea32915a77665,0xa633c73658857d5241fe21d43f854a82e2d0592c,0.031634880704311542
0x2ad27c41fc2e78348a7b3768167319d33f6e3484e4cdccb5ae8eac03eda82ad1,41,USDG,0x5fc5360d0400a0fd4f2af552add042d716f1d168,0x8366a39cc670b4001a1121b8f6a443a643e40951,0x95f71ca6a0807de9c32f84d4d41ea32915a77665,100.907144
0x2ad27c41fc2e78348a7b3768167319d33f6e3484e4cdccb5ae8eac03eda82ad1,42,WETH,0x0bd7d308f8e1639fab988df18a8011f41eacad73,0xa633c73658857d5241fe21d43f854a82e2d0592c,0x0000000000000000000000000000000000000000,0.031634880704311542
0x2ad27c41fc2e78348a7b3768167319d33f6e3484e4cdccb5ae8eac03eda82ad1,43,USDG,0x5fc5360d0400a0fd4f2af552add042d716f1d168,0x95f71ca6a0807de9c32f84d4d41ea32915a77665,0x52e65b17fb6e5ba00ed806f37afcd2daa50271ca,60.886214
0x2ad27c41fc2e78348a7b3768167319d33f6e3484e4cdccb5ae8eac03eda82ad1,45,USDG,0x5fc5360d0400a0fd4f2af552add042d716f1d168,0x95f71ca6a0807de9c32f84d4d41ea32915a77665,0xdcf61f0160149f16d5d90625b25793a05bbda5f5,40.02093
0x2ad27c41fc2e78348a7b3768167319d33f6e3484e4cdccb5ae8eac03eda82ad1,46,WETH,0x0bd7d308f8e1639fab988df18a8011f41eacad73,0x52e65b17fb6e5ba00ed806f37afcd2daa50271ca,0xdcf61f0160149f16d5d90625b25793a05bbda5f5,0.020793803430110759
0x2ad27c41fc2e78348a7b3768167319d33f6e3484e4cdccb5ae8eac03eda82ad1,47,USDG,0x5fc5360d0400a0fd4f2af552add042d716f1d168,0xdcf61f0160149f16d5d90625b25793a05bbda5f5,0x52e65b17fb6e5ba00ed806f37afcd2daa50271ca,40.02093
0x2ad27c41fc2e78348a7b3768167319d33f6e3484e4cdccb5ae8eac03eda82ad1,49,WETH,0x0bd7d308f8e1639fab988df18a8011f41eacad73,0xdcf61f0160149f16d5d90625b25793a05bbda5f5,0x0000000000000000000000000000000000000000,0.01535206080177
0x2ad27c41fc2e78348a7b3768167319d33f6e3484e4cdccb5ae8eac03eda82ad1,50,WETH,0x0bd7d308f8e1639fab988df18a8011f41eacad73,0xdcf61f0160149f16d5d90625b25793a05bbda5f5,0x0000000000000000000000000000000000000000,0.005441742628340759
0x68bd9a33708ae4c5d59865eff34299b17d489d38e8bbacbd7bd6b275ee14ad85,1,WETH,0x0bd7d308f8e1639fab988df18a8011f41eacad73,0x0000000000000000000000000000000000000000,0x95f71ca6a0807de9c32f84d4d41ea32915a77665,0.004120771587275979
0x68bd9a33708ae4c5d59865eff34299b17d489d38e8bbacbd7bd6b275ee14ad85,2,WETH,0x0bd7d308f8e1639fab988df18a8011f41eacad73,0x95f71ca6a0807de9c32f84d4d41ea32915a77665,0xa633c73658857d5241fe21d43f854a82e2d0592c,0.004120771587275979
0x68bd9a33708ae4c5d59865eff34299b17d489d38e8bbacbd7bd6b275ee14ad85,6,USDG,0x5fc5360d0400a0fd4f2af552add042d716f1d168,0x8366a39cc670b4001a1121b8f6a443a643e40951,0x95f71ca6a0807de9c32f84d4d41ea32915a77665,8.325636
0x68bd9a33708ae4c5d59865eff34299b17d489d38e8bbacbd7bd6b275ee14ad85,7,WETH,0x0bd7d308f8e1639fab988df18a8011f41eacad73,0xa633c73658857d5241fe21d43f854a82e2d0592c,0x0000000000000000000000000000000000000000,0.004120771587275979
0x68bd9a33708ae4c5d59865eff34299b17d489d38e8bbacbd7bd6b275ee14ad85,8,WETH,0x0bd7d308f8e1639fab988df18a8011f41eacad73,0x52e65b17fb6e5ba00ed806f37afcd2daa50271ca,0x95f71ca6a0807de9c32f84d4d41ea32915a77665,0.004322351486420254
0x68bd9a33708ae4c5d59865eff34299b17d489d38e8bbacbd7bd6b275ee14ad85,9,USDG,0x5fc5360d0400a0fd4f2af552add042d716f1d168,0x95f71ca6a0807de9c32f84d4d41ea32915a77665,0x52e65b17fb6e5ba00ed806f37afcd2daa50271ca,8.325636
0x68bd9a33708ae4c5d59865eff34299b17d489d38e8bbacbd7bd6b275ee14ad85,11,WETH,0x0bd7d308f8e1639fab988df18a8011f41eacad73,0x95f71ca6a0807de9c32f84d4d41ea32915a77665,0x0000000000000000000000000000000000000000,0.004120771587275979
0x68bd9a33708ae4c5d59865eff34299b17d489d38e8bbacbd7bd6b275ee14ad85,12,WETH,0x0bd7d308f8e1639fab988df18a8011f41eacad73,0x95f71ca6a0807de9c32f84d4d41ea32915a77665,0x33eabd63853e74ff70d8b89982dfb5bc3eb0a189,0.000201579899144275
0x097b2738e51cb10e5e345239b790a8c23a26263ccdb25a9229f7e264eb799021,6,FIRE,0x43eea882b845a8493152ebc55cf30ae9281b02d5,0xe0077b307550eff13aad4a163be7c1d99b22314d,0xb92fe925dc43a0ecde6c8b1a2709c170ec4fff4f,4144.008340027574371295
0x097b2738e51cb10e5e345239b790a8c23a26263ccdb25a9229f7e264eb799021,12,USDG,0x5fc5360d0400a0fd4f2af552add042d716f1d168,0x8366a39cc670b4001a1121b8f6a443a643e40951,0xb92fe925dc43a0ecde6c8b1a2709c170ec4fff4f,3.023953
0x097b2738e51cb10e5e345239b790a8c23a26263ccdb25a9229f7e264eb799021,13,FIRE,0x43eea882b845a8493152ebc55cf30ae9281b02d5,0xb92fe925dc43a0ecde6c8b1a2709c170ec4fff4f,0x8366a39cc670b4001a1121b8f6a443a643e40951,4144.008340027574371295
0x097b2738e51cb10e5e345239b790a8c23a26263ccdb25a9229f7e264eb799021,18,USDG,0x5fc5360d0400a0fd4f2af552add042d716f1d168,0xb92fe925dc43a0ecde6c8b1a2709c170ec4fff4f,0x4cd00e387622c35bddb9b4c962c136462338bc31,3.023953
0xca79f4c1188e23915caf67d7e9ccb19b9b25309c0a8d24ec2ab6b2541b359afe,13,FIRE,0x43eea882b845a8493152ebc55cf30ae9281b02d5,0x23845fb6645bbb694d4089c920794b9cf6ae61c6,0xb92fe925dc43a0ecde6c8b1a2709c170ec4fff4f,2687.14708264371395029
0xca79f4c1188e23915caf67d7e9ccb19b9b25309c0a8d24ec2ab6b2541b359afe,19,USDG,0x5fc5360d0400a0fd4f2af552add042d716f1d168,0x8366a39cc670b4001a1121b8f6a443a643e40951,0xb92fe925dc43a0ecde6c8b1a2709c170ec4fff4f,1.913554
0xca79f4c1188e23915caf67d7e9ccb19b9b25309c0a8d24ec2ab6b2541b359afe,20,FIRE,0x43eea882b845a8493152ebc55cf30ae9281b02d5,0xb92fe925dc43a0ecde6c8b1a2709c170ec4fff4f,0x8366a39cc670b4001a1121b8f6a443a643e40951,2687.14708264371395029
0xca79f4c1188e23915caf67d7e9ccb19b9b25309c0a8d24ec2ab6b2541b359afe,25,USDG,0x5fc5360d0400a0fd4f2af552add042d716f1d168,0xb92fe925dc43a0ecde6c8b1a2709c170ec4fff4f,0x4cd00e387622c35bddb9b4c962c136462338bc31,1.913554
0x1b7c5c26aa9724794d5b9685cb306f0c9dc05a8811a5d2caf734c6b5a1446268,44,FIRE,0x43eea882b845a8493152ebc55cf30ae9281b02d5,0x7a09760387b078c9e255467c8c5620e25f8a16af,0xb92fe925dc43a0ecde6c8b1a2709c170ec4fff4f,4013.4344747681
0x1b7c5c26aa9724794d5b9685cb306f0c9dc05a8811a5d2caf734c6b5a1446268,49,USDG,0x5fc5360d0400a0fd4f2af552add042d716f1d168,0x8366a39cc670b4001a1121b8f6a443a643e40951,0xb92fe925dc43a0ecde6c8b1a2709c170ec4fff4f,2.792735
0x1b7c5c26aa9724794d5b9685cb306f0c9dc05a8811a5d2caf734c6b5a1446268,50,FIRE,0x43eea882b845a8493152ebc55cf30ae9281b02d5,0xb92fe925dc43a0ecde6c8b1a2709c170ec4fff4f,0x8366a39cc670b4001a1121b8f6a443a643e40951,4013.4344747681
0x1b7c5c26aa9724794d5b9685cb306f0c9dc05a8811a5d2caf734c6b5a1446268,55,USDG,0x5fc5360d0400a0fd4f2af552add042d716f1d168,0xb92fe925dc43a0ecde6c8b1a2709c170ec4fff4f,0x4cd00e387622c35bddb9b4c962c136462338bc31,2.792735
0xf50ffe042627593be4497336916db1f1ff1386c3e9a1055da47b66365dfa06f7,26,FIRE,0x43eea882b845a8493152ebc55cf30ae9281b02d5,0x35f17f653000b663c3f28667bcd68b2e17d460d7,0xb92fe925dc43a0ecde6c8b1a2709c170ec4fff4f,10000
0xf50ffe042627593be4497336916db1f1ff1386c3e9a1055da47b66365dfa06f7,30,FIRE,0x43eea882b845a8493152ebc55cf30ae9281b02d5,0xb92fe925dc43a0ecde6c8b1a2709c170ec4fff4f,0x1d4b86491ec211257cbedd77a4380a7494624eff,10000
0xf50ffe042627593be4497336916db1f1ff1386c3e9a1055da47b66365dfa06f7,33,USDG,0x5fc5360d0400a0fd4f2af552add042d716f1d168,0x8366a39cc670b4001a1121b8f6a443a643e40951,0x1d4b86491ec211257cbedd77a4380a7494624eff,2.94478
0xf50ffe042627593be4497336916db1f1ff1386c3e9a1055da47b66365dfa06f7,34,FIRE,0x43eea882b845a8493152ebc55cf30ae9281b02d5,0x1d4b86491ec211257cbedd77a4380a7494624eff,0x8366a39cc670b4001a1121b8f6a443a643e40951,4000
0xf50ffe042627593be4497336916db1f1ff1386c3e9a1055da47b66365dfa06f7,37,USDG,0x5fc5360d0400a0fd4f2af552add042d716f1d168,0x8366a39cc670b4001a1121b8f6a443a643e40951,0x1d4b86491ec211257cbedd77a4380a7494624eff,0.211696
0xf50ffe042627593be4497336916db1f1ff1386c3e9a1055da47b66365dfa06f7,38,FIRE,0x43eea882b845a8493152ebc55cf30ae9281b02d5,0x1d4b86491ec211257cbedd77a4380a7494624eff,0x8366a39cc670b4001a1121b8f6a443a643e40951,249.6
0xf50ffe042627593be4497336916db1f1ff1386c3e9a1055da47b66365dfa06f7,41,USDG,0x5fc5360d0400a0fd4f2af552add042d716f1d168,0x8366a39cc670b4001a1121b8f6a443a643e40951,0x1d4b86491ec211257cbedd77a4380a7494624eff,1.253015
0xf50ffe042627593be4497336916db1f1ff1386c3e9a1055da47b66365dfa06f7,42,FIRE,0x43eea882b845a8493152ebc55cf30ae9281b02d5,0x1d4b86491ec211257cbedd77a4380a7494624eff,0x8366a39cc670b4001a1121b8f6a443a643e40951,1749.84672
0xf50ffe042627593be4497336916db1f1ff1386c3e9a1055da47b66365dfa06f7,46,USDG,0x5fc5360d0400a0fd4f2af552add042d716f1d168,0x8366a39cc670b4001a1121b8f6a443a643e40951,0x1d4b86491ec211257cbedd77a4380a7494624eff,2.838584
0xf50ffe042627593be4497336916db1f1ff1386c3e9a1055da47b66365dfa06f7,47,FIRE,0x43eea882b845a8493152ebc55cf30ae9281b02d5,0x1d4b86491ec211257cbedd77a4380a7494624eff,0x8366a39cc670b4001a1121b8f6a443a643e40951,4000.55328
0xf50ffe042627593be4497336916db1f1ff1386c3e9a1055da47b66365dfa06f7,50,WETH,0x0bd7d308f8e1639fab988df18a8011f41eacad73,0x52e65b17fb6e5ba00ed806f37afcd2daa50271ca,0x1d4b86491ec211257cbedd77a4380a7494624eff,0.00380780839636803
0xf50ffe042627593be4497336916db1f1ff1386c3e9a1055da47b66365dfa06f7,51,USDG,0x5fc5360d0400a0fd4f2af552add042d716f1d168,0x1d4b86491ec211257cbedd77a4380a7494624eff,0x52e65b17fb6e5ba00ed806f37afcd2daa50271ca,7.248075
0xf50ffe042627593be4497336916db1f1ff1386c3e9a1055da47b66365dfa06f7,53,Index,0x56910d4409f3a0c78c64dd8d0545ff0705389870,0xd29893ffac8b29ec4db2cfe0cdb3fe1377c028ff,0x1d4b86491ec211257cbedd77a4380a7494624eff,907.536007310048128714
0xf50ffe042627593be4497336916db1f1ff1386c3e9a1055da47b66365dfa06f7,54,WETH,0x0bd7d308f8e1639fab988df18a8011f41eacad73,0x1d4b86491ec211257cbedd77a4380a7494624eff,0xd29893ffac8b29ec4db2cfe0cdb3fe1377c028ff,0.00380780839636803
0xf50ffe042627593be4497336916db1f1ff1386c3e9a1055da47b66365dfa06f7,56,Index,0x56910d4409f3a0c78c64dd8d0545ff0705389870,0x1d4b86491ec211257cbedd77a4380a7494624eff,0xb92fe925dc43a0ecde6c8b1a2709c170ec4fff4f,907.536007310048128714
0xf50ffe042627593be4497336916db1f1ff1386c3e9a1055da47b66365dfa06f7,58,Index,0x56910d4409f3a0c78c64dd8d0545ff0705389870,0xb92fe925dc43a0ecde6c8b1a2709c170ec4fff4f,0x8fb79468b6273de01370f01d0ba7784c1753a820,907.536007310048128714
0xb9502a70234e44da590669bafad43ccba5d1bdc3ff0ee130843da13ee40b7959,6,FIRE,0x43eea882b845a8493152ebc55cf30ae9281b02d5,0x8366a39cc670b4001a1121b8f6a443a643e40951,0x1521027b665fa38fa4a642991607ad708376dd7b,10484.089738386815393565
0xb9502a70234e44da590669bafad43ccba5d1bdc3ff0ee130843da13ee40b7959,7,FIRE,0x43eea882b845a8493152ebc55cf30ae9281b02d5,0x1521027b665fa38fa4a642991607ad708376dd7b,0x8366a39cc670b4001a1121b8f6a443a643e40951,10484.089738386815393565
0xb9502a70234e44da590669bafad43ccba5d1bdc3ff0ee130843da13ee40b7959,11,USDG,0x5fc5360d0400a0fd4f2af552add042d716f1d168,0x8366a39cc670b4001a1121b8f6a443a643e40951,0x1521027b665fa38fa4a642991607ad708376dd7b,7.055577
0xb9502a70234e44da590669bafad43ccba5d1bdc3ff0ee130843da13ee40b7959,12,WETH,0x0bd7d308f8e1639fab988df18a8011f41eacad73,0x52e65b17fb6e5ba00ed806f37afcd2daa50271ca,0x1521027b665fa38fa4a642991607ad708376dd7b,0.00370947331741502
0xb9502a70234e44da590669bafad43ccba5d1bdc3ff0ee130843da13ee40b7959,13,USDG,0x5fc5360d0400a0fd4f2af552add042d716f1d168,0x1521027b665fa38fa4a642991607ad708376dd7b,0x52e65b17fb6e5ba00ed806f37afcd2daa50271ca,7.055577
0xb9502a70234e44da590669bafad43ccba5d1bdc3ff0ee130843da13ee40b7959,15,WETH,0x0bd7d308f8e1639fab988df18a8011f41eacad73,0x1521027b665fa38fa4a642991607ad708376dd7b,0x0000000000000000000000000000000000000000,0.0035414705069776
0xb9502a70234e44da590669bafad43ccba5d1bdc3ff0ee130843da13ee40b7959,17,WETH,0x0bd7d308f8e1639fab988df18a8011f41eacad73,0x1521027b665fa38fa4a642991607ad708376dd7b,0x0000000000000000000000000000000000000000,0.00016800281043742
0x97b9df076fe1a90f52805aa1e411b3aea2d37c841459cb7e946b4df94e341ce7,6,FIRE,0x43eea882b845a8493152ebc55cf30ae9281b02d5,0x0db8a59558dad8e67b5b4d4ea6aabf9f96bf075d,0xa687b664662b96b180346d699a6d5b42e9b05d31,5198.175976119336126776
0x97b9df076fe1a90f52805aa1e411b3aea2d37c841459cb7e946b4df94e341ce7,8,FIRE,0x43eea882b845a8493152ebc55cf30ae9281b02d5,0xa687b664662b96b180346d699a6d5b42e9b05d31,0x8366a39cc670b4001a1121b8f6a443a643e40951,5198.175976119336126776
0x97b9df076fe1a90f52805aa1e411b3aea2d37c841459cb7e946b4df94e341ce7,12,USDG,0x5fc5360d0400a0fd4f2af552add042d716f1d168,0x8366a39cc670b4001a1121b8f6a443a643e40951,0xe58b3089df6667fbf99b75595a1671baf6797d6d,3.395128
0x97b9df076fe1a90f52805aa1e411b3aea2d37c841459cb7e946b4df94e341ce7,13,USDG,0x5fc5360d0400a0fd4f2af552add042d716f1d168,0xe58b3089df6667fbf99b75595a1671baf6797d6d,0x6ea08ca8f313d860808ef7431fc72c6fbcf4a72d,0.016975
0x97b9df076fe1a90f52805aa1e411b3aea2d37c841459cb7e946b4df94e341ce7,15,USDG,0x5fc5360d0400a0fd4f2af552add042d716f1d168,0xe58b3089df6667fbf99b75595a1671baf6797d6d,0x0db8a59558dad8e67b5b4d4ea6aabf9f96bf075d,3.378153
0x135bd717c3349de7177b85bdc54da7f302b9f20b3f31114010891e39108e4b5f,35,FIRE,0x43eea882b845a8493152ebc55cf30ae9281b02d5,0x35f17f653000b663c3f28667bcd68b2e17d460d7,0xb92fe925dc43a0ecde6c8b1a2709c170ec4fff4f,18421.108105528225337389
0x135bd717c3349de7177b85bdc54da7f302b9f20b3f31114010891e39108e4b5f,39,FIRE,0x43eea882b845a8493152ebc55cf30ae9281b02d5,0xb92fe925dc43a0ecde6c8b1a2709c170ec4fff4f,0x1d4b86491ec211257cbedd77a4380a7494624eff,18421.108105528225337389
0x135bd717c3349de7177b85bdc54da7f302b9f20b3f31114010891e39108e4b5f,42,USDG,0x5fc5360d0400a0fd4f2af552add042d716f1d168,0x8366a39cc670b4001a1121b8f6a443a643e40951,0x1d4b86491ec211257cbedd77a4380a7494624eff,3.14798
0x135bd717c3349de7177b85bdc54da7f302b9f20b3f31114010891e39108e4b5f,43,FIRE,0x43eea882b845a8493152ebc55cf30ae9281b02d5,0x1d4b86491ec211257cbedd77a4380a7494624eff,0x8366a39cc670b4001a1121b8f6a443a643e40951,5526.332431658467601216
0x135bd717c3349de7177b85bdc54da7f302b9f20b3f31114010891e39108e4b5f,46,USDG,0x5fc5360d0400a0fd4f2af552add042d716f1d168,0x8366a39cc670b4001a1121b8f6a443a643e40951,0x1d4b86491ec211257cbedd77a4380a7494624eff,2.902539
0x135bd717c3349de7177b85bdc54da7f302b9f20b3f31114010891e39108e4b5f,47,FIRE,0x43eea882b845a8493152ebc55cf30ae9281b02d5,0x1d4b86491ec211257cbedd77a4380a7494624eff,0x8366a39cc670b4001a1121b8f6a443a643e40951,5065.067884696040838768
0x135bd717c3349de7177b85bdc54da7f302b9f20b3f31114010891e39108e4b5f,51,USDG,0x5fc5360d0400a0fd4f2af552add042d716f1d168,0x8366a39cc670b4001a1121b8f6a443a643e40951,0x1d4b86491ec211257cbedd77a4380a7494624eff,4.30129
0x135bd717c3349de7177b85bdc54da7f302b9f20b3f31114010891e39108e4b5f,52,FIRE,0x43eea882b845a8493152ebc55cf30ae9281b02d5,0x1d4b86491ec211257cbedd77a4380a7494624eff,0x8366a39cc670b4001a1121b8f6a443a643e40951,7829.707789173716897405
0x135bd717c3349de7177b85bdc54da7f302b9f20b3f31114010891e39108e4b5f,56,USDG,0x5fc5360d0400a0fd4f2af552add042d716f1d168,0x1d4b86491ec211257cbedd77a4380a7494624eff,0x00000000000014aa86c5d3c41765bb24e11bd701,10.351809
0x135bd717c3349de7177b85bdc54da7f302b9f20b3f31114010891e39108e4b5f,57,WETH,0x0bd7d308f8e1639fab988df18a8011f41eacad73,0x0000000000000000000000000000000000000000,0x1d4b86491ec211257cbedd77a4380a7494624eff,0.005454826957588302
0x135bd717c3349de7177b85bdc54da7f302b9f20b3f31114010891e39108e4b5f,58,WETH,0x0bd7d308f8e1639fab988df18a8011f41eacad73,0x1d4b86491ec211257cbedd77a4380a7494624eff,0x0000000000000000000000000000000000000000,0.005454826957588302
0xa97ad7f27d90da24c92f43509caac6d31a648688eae53f8eb698c43909a8d938,21,WETH,0x0bd7d308f8e1639fab988df18a8011f41eacad73,0x0000000000000000000000000000000000000000,0x95f71ca6a0807de9c32f84d4d41ea32915a77665,0.003529215355149175
0xa97ad7f27d90da24c92f43509caac6d31a648688eae53f8eb698c43909a8d938,22,WETH,0x0bd7d308f8e1639fab988df18a8011f41eacad73,0x95f71ca6a0807de9c32f84d4d41ea32915a77665,0xa633c73658857d5241fe21d43f854a82e2d0592c,0.003529215355149175
0xa97ad7f27d90da24c92f43509caac6d31a648688eae53f8eb698c43909a8d938,26,USDG,0x5fc5360d0400a0fd4f2af552add042d716f1d168,0x8366a39cc670b4001a1121b8f6a443a643e40951,0x95f71ca6a0807de9c32f84d4d41ea32915a77665,6.905387
0xa97ad7f27d90da24c92f43509caac6d31a648688eae53f8eb698c43909a8d938,27,WETH,0x0bd7d308f8e1639fab988df18a8011f41eacad73,0xa633c73658857d5241fe21d43f854a82e2d0592c,0x0000000000000000000000000000000000000000,0.003529215355149175
0xa97ad7f27d90da24c92f43509caac6d31a648688eae53f8eb698c43909a8d938,28,WETH,0x0bd7d308f8e1639fab988df18a8011f41eacad73,0x52e65b17fb6e5ba00ed806f37afcd2daa50271ca,0x95f71ca6a0807de9c32f84d4d41ea32915a77665,0.003639779102772136
0xa97ad7f27d90da24c92f43509caac6d31a648688eae53f8eb698c43909a8d938,29,USDG,0x5fc5360d0400a0fd4f2af552add042d716f1d168,0x95f71ca6a0807de9c32f84d4d41ea32915a77665,0x52e65b17fb6e5ba00ed806f37afcd2daa50271ca,6.905387
0xa97ad7f27d90da24c92f43509caac6d31a648688eae53f8eb698c43909a8d938,31,WETH,0x0bd7d308f8e1639fab988df18a8011f41eacad73,0x95f71ca6a0807de9c32f84d4d41ea32915a77665,0x0000000000000000000000000000000000000000,0.003529215355149175
0xa97ad7f27d90da24c92f43509caac6d31a648688eae53f8eb698c43909a8d938,32,WETH,0x0bd7d308f8e1639fab988df18a8011f41eacad73,0x95f71ca6a0807de9c32f84d4d41ea32915a77665,0x33eabd63853e74ff70d8b89982dfb5bc3eb0a189,0.000110563747622961
0x630c9b30fa769998cca874382f6ce605547baff0d96be7a5f15a2778cb2bd549,46,FIRE,0x43eea882b845a8493152ebc55cf30ae9281b02d5,0x35f17f653000b663c3f28667bcd68b2e17d460d7,0xb92fe925dc43a0ecde6c8b1a2709c170ec4fff4f,20000
0x630c9b30fa769998cca874382f6ce605547baff0d96be7a5f15a2778cb2bd549,50,FIRE,0x43eea882b845a8493152ebc55cf30ae9281b02d5,0xb92fe925dc43a0ecde6c8b1a2709c170ec4fff4f,0x1d4b86491ec211257cbedd77a4380a7494624eff,20000
0x630c9b30fa769998cca874382f6ce605547baff0d96be7a5f15a2778cb2bd549,53,USDG,0x5fc5360d0400a0fd4f2af552add042d716f1d168,0x8366a39cc670b4001a1121b8f6a443a643e40951,0x1d4b86491ec211257cbedd77a4380a7494624eff,3.587832
0x630c9b30fa769998cca874382f6ce605547baff0d96be7a5f15a2778cb2bd549,54,FIRE,0x43eea882b845a8493152ebc55cf30ae9281b02d5,0x1d4b86491ec211257cbedd77a4380a7494624eff,0x8366a39cc670b4001a1121b8f6a443a643e40951,5500
0x630c9b30fa769998cca874382f6ce605547baff0d96be7a5f15a2778cb2bd549,57,USDG,0x5fc5360d0400a0fd4f2af552add042d716f1d168,0x8366a39cc670b4001a1121b8f6a443a643e40951,0x1d4b86491ec211257cbedd77a4380a7494624eff,5.345215
0x630c9b30fa769998cca874382f6ce605547baff0d96be7a5f15a2778cb2bd549,58,FIRE,0x43eea882b845a8493152ebc55cf30ae9281b02d5,0x1d4b86491ec211257cbedd77a4380a7494624eff,0x8366a39cc670b4001a1121b8f6a443a643e40951,8499.9
0x630c9b30fa769998cca874382f6ce605547baff0d96be7a5f15a2778cb2bd549,62,USDG,0x5fc5360d0400a0fd4f2af552add042d716f1d168,0x8366a39cc670b4001a1121b8f6a443a643e40951,0x1d4b86491ec211257cbedd77a4380a7494624eff,0.691007
0x630c9b30fa769998cca874382f6ce605547baff0d96be7a5f15a2778cb2bd549,63,FIRE,0x43eea882b845a8493152ebc55cf30ae9281b02d5,0x1d4b86491ec211257cbedd77a4380a7494624eff,0x8366a39cc670b4001a1121b8f6a443a643e40951,999.61666
0x630c9b30fa769998cca874382f6ce605547baff0d96be7a5f15a2778cb2bd549,66,USDG,0x5fc5360d0400a0fd4f2af552add042d716f1d168,0x8366a39cc670b4001a1121b8f6a443a643e40951,0x1d4b86491ec211257cbedd77a4380a7494624eff,3.258598
0x630c9b30fa769998cca874382f6ce605547baff0d96be7a5f15a2778cb2bd549,67,FIRE,0x43eea882b845a8493152ebc55cf30ae9281b02d5,0x1d4b86491ec211257cbedd77a4380a7494624eff,0x8366a39cc670b4001a1121b8f6a443a643e40951,5000.48334
0x630c9b30fa769998cca874382f6ce605547baff0d96be7a5f15a2778cb2bd549,71,Index,0x56910d4409f3a0c78c64dd8d0545ff0705389870,0x8366a39cc670b4001a1121b8f6a443a643e40951,0x1d4b86491ec211257cbedd77a4380a7494624eff,1607.229734823383987075
0x630c9b30fa769998cca874382f6ce605547baff0d96be7a5f15a2778cb2bd549,72,USDG,0x5fc5360d0400a0fd4f2af552add042d716f1d168,0x1d4b86491ec211257cbedd77a4380a7494624eff,0x8366a39cc670b4001a1121b8f6a443a643e40951,12.882652
0x630c9b30fa769998cca874382f6ce605547baff0d96be7a5f15a2778cb2bd549,73,Index,0x56910d4409f3a0c78c64dd8d0545ff0705389870,0x1d4b86491ec211257cbedd77a4380a7494624eff,0xb92fe925dc43a0ecde6c8b1a2709c170ec4fff4f,1607.229734823383987075
0x630c9b30fa769998cca874382f6ce605547baff0d96be7a5f15a2778cb2bd549,75,Index,0x56910d4409f3a0c78c64dd8d0545ff0705389870,0xb92fe925dc43a0ecde6c8b1a2709c170ec4fff4f,0x8fb79468b6273de01370f01d0ba7784c1753a820,1607.229734823383987075
0x01db8a735a57fb324ebe09bbdf29dae1e3dd51d9224019b363d984cdf2a9ae09,4,WETH,0x0bd7d308f8e1639fab988df18a8011f41eacad73,0x0000000000000000000000000000000000000000,0x95f71ca6a0807de9c32f84d4d41ea32915a77665,0.004504652507609346
0x01db8a735a57fb324ebe09bbdf29dae1e3dd51d9224019b363d984cdf2a9ae09,5,WETH,0x0bd7d308f8e1639fab988df18a8011f41eacad73,0x95f71ca6a0807de9c32f84d4d41ea32915a77665,0xa633c73658857d5241fe21d43f854a82e2d0592c,0.004504652507609346
0x01db8a735a57fb324ebe09bbdf29dae1e3dd51d9224019b363d984cdf2a9ae09,9,USDG,0x5fc5360d0400a0fd4f2af552add042d716f1d168,0x8366a39cc670b4001a1121b8f6a443a643e40951,0x95f71ca6a0807de9c32f84d4d41ea32915a77665,8.909087
0x01db8a735a57fb324ebe09bbdf29dae1e3dd51d9224019b363d984cdf2a9ae09,10,WETH,0x0bd7d308f8e1639fab988df18a8011f41eacad73,0xa633c73658857d5241fe21d43f854a82e2d0592c,0x0000000000000000000000000000000000000000,0.004504652507609346
0x01db8a735a57fb324ebe09bbdf29dae1e3dd51d9224019b363d984cdf2a9ae09,11,WETH,0x0bd7d308f8e1639fab988df18a8011f41eacad73,0x52e65b17fb6e5ba00ed806f37afcd2daa50271ca,0x95f71ca6a0807de9c32f84d4d41ea32915a77665,0.004682701387434443
0x01db8a735a57fb324ebe09bbdf29dae1e3dd51d9224019b363d984cdf2a9ae09,12,USDG,0x5fc5360d0400a0fd4f2af552add042d716f1d168,0x95f71ca6a0807de9c32f84d4d41ea32915a77665,0x52e65b17fb6e5ba00ed806f37afcd2daa50271ca,8.909087
0x01db8a735a57fb324ebe09bbdf29dae1e3dd51d9224019b363d984cdf2a9ae09,14,WETH,0x0bd7d308f8e1639fab988df18a8011f41eacad73,0x95f71ca6a0807de9c32f84d4d41ea32915a77665,0x0000000000000000000000000000000000000000,0.004504652507609346
0x01db8a735a57fb324ebe09bbdf29dae1e3dd51d9224019b363d984cdf2a9ae09,15,WETH,0x0bd7d308f8e1639fab988df18a8011f41eacad73,0x95f71ca6a0807de9c32f84d4d41ea32915a77665,0x33eabd63853e74ff70d8b89982dfb5bc3eb0a189,0.000178048879825097
0x203f02389c183e2bc468da547fc60172b995b1f0ae25a73356fa8ab0751b1e08,0,WETH,0x0bd7d308f8e1639fab988df18a8011f41eacad73,0x0000000000000000000000000000000000000000,0x95f71ca6a0807de9c32f84d4d41ea32915a77665,0.007427328921385725
0x203f02389c183e2bc468da547fc60172b995b1f0ae25a73356fa8ab0751b1e08,1,WETH,0x0bd7d308f8e1639fab988df18a8011f41eacad73,0x95f71ca6a0807de9c32f84d4d41ea32915a77665,0xa633c73658857d5241fe21d43f854a82e2d0592c,0.007427328921385725
0x203f02389c183e2bc468da547fc60172b995b1f0ae25a73356fa8ab0751b1e08,5,USDG,0x5fc5360d0400a0fd4f2af552add042d716f1d168,0x8366a39cc670b4001a1121b8f6a443a643e40951,0xa633c73658857d5241fe21d43f854a82e2d0592c,25.373037
0x203f02389c183e2bc468da547fc60172b995b1f0ae25a73356fa8ab0751b1e08,6,WETH,0x0bd7d308f8e1639fab988df18a8011f41eacad73,0xa633c73658857d5241fe21d43f854a82e2d0592c,0x0000000000000000000000000000000000000000,0.007427328921385725
0x203f02389c183e2bc468da547fc60172b995b1f0ae25a73356fa8ab0751b1e08,7,USDG,0x5fc5360d0400a0fd4f2af552add042d716f1d168,0xa633c73658857d5241fe21d43f854a82e2d0592c,0x95f71ca6a0807de9c32f84d4d41ea32915a77665,25.373037
0x203f02389c183e2bc468da547fc60172b995b1f0ae25a73356fa8ab0751b1e08,8,USDG,0x5fc5360d0400a0fd4f2af552add042d716f1d168,0x95f71ca6a0807de9c32f84d4d41ea32915a77665,0xa633c73658857d5241fe21d43f854a82e2d0592c,25.373037
0x203f02389c183e2bc468da547fc60172b995b1f0ae25a73356fa8ab0751b1e08,10,VIRTUAL,0xc6911796042b15d7fa4f6cde69e245ddcd3d9c31,0x8366a39cc670b4001a1121b8f6a443a643e40951,0xd95e8e2cd04c207625c6f23c974d365a5f3a91d3,42.879301883939944023
0x203f02389c183e2bc468da547fc60172b995b1f0ae25a73356fa8ab0751b1e08,11,USDG,0x5fc5360d0400a0fd4f2af552add042d716f1d168,0xa633c73658857d5241fe21d43f854a82e2d0592c,0x8366a39cc670b4001a1121b8f6a443a643e40951,25.373037
0x203f02389c183e2bc468da547fc60172b995b1f0ae25a73356fa8ab0751b1e08,12,WETH,0x0bd7d308f8e1639fab988df18a8011f41eacad73,0xd95e8e2cd04c207625c6f23c974d365a5f3a91d3,0x95f71ca6a0807de9c32f84d4d41ea32915a77665,0.013516009377373125
0x203f02389c183e2bc468da547fc60172b995b1f0ae25a73356fa8ab0751b1e08,15,WETH,0x0bd7d308f8e1639fab988df18a8011f41eacad73,0x95f71ca6a0807de9c32f84d4d41ea32915a77665,0x0000000000000000000000000000000000000000,0.007427328921385725
0x203f02389c183e2bc468da547fc60172b995b1f0ae25a73356fa8ab0751b1e08,16,WETH,0x0bd7d308f8e1639fab988df18a8011f41eacad73,0x95f71ca6a0807de9c32f84d4d41ea32915a77665,0xdcf61f0160149f16d5d90625b25793a05bbda5f5,0.0060886804559874
0x203f02389c183e2bc468da547fc60172b995b1f0ae25a73356fa8ab0751b1e08,17,WETH,0x0bd7d308f8e1639fab988df18a8011f41eacad73,0xdcf61f0160149f16d5d90625b25793a05bbda5f5,0x0000000000000000000000000000000000000000,0.0045299228871321
0x203f02389c183e2bc468da547fc60172b995b1f0ae25a73356fa8ab0751b1e08,18,WETH,0x0bd7d308f8e1639fab988df18a8011f41eacad73,0xdcf61f0160149f16d5d90625b25793a05bbda5f5,0x0000000000000000000000000000000000000000,0.0015587575688553
0x4666c008a31e451e8d3c630dca2bbc42bc05f0cc3c9ad314b5c335bd4f0cf1a2,34,WETH,0x0bd7d308f8e1639fab988df18a8011f41eacad73,0x0000000000000000000000000000000000000000,0x95f71ca6a0807de9c32f84d4d41ea32915a77665,0.040613477180453816
0x4666c008a31e451e8d3c630dca2bbc42bc05f0cc3c9ad314b5c335bd4f0cf1a2,35,WETH,0x0bd7d308f8e1639fab988df18a8011f41eacad73,0x95f71ca6a0807de9c32f84d4d41ea32915a77665,0xa633c73658857d5241fe21d43f854a82e2d0592c,0.040613477180453816
0x4666c008a31e451e8d3c630dca2bbc42bc05f0cc3c9ad314b5c335bd4f0cf1a2,39,USDG,0x5fc5360d0400a0fd4f2af552add042d716f1d168,0x8366a39cc670b4001a1121b8f6a443a643e40951,0xa633c73658857d5241fe21d43f854a82e2d0592c,117.384008
0x4666c008a31e451e8d3c630dca2bbc42bc05f0cc3c9ad314b5c335bd4f0cf1a2,40,WETH,0x0bd7d308f8e1639fab988df18a8011f41eacad73,0xa633c73658857d5241fe21d43f854a82e2d0592c,0x0000000000000000000000000000000000000000,0.040613477180453816
0x4666c008a31e451e8d3c630dca2bbc42bc05f0cc3c9ad314b5c335bd4f0cf1a2,41,USDG,0x5fc5360d0400a0fd4f2af552add042d716f1d168,0xa633c73658857d5241fe21d43f854a82e2d0592c,0x95f71ca6a0807de9c32f84d4d41ea32915a77665,117.384008
0x4666c008a31e451e8d3c630dca2bbc42bc05f0cc3c9ad314b5c335bd4f0cf1a2,42,USDG,0x5fc5360d0400a0fd4f2af552add042d716f1d168,0x95f71ca6a0807de9c32f84d4d41ea32915a77665,0xa633c73658857d5241fe21d43f854a82e2d0592c,117.384008
0x4666c008a31e451e8d3c630dca2bbc42bc05f0cc3c9ad314b5c335bd4f0cf1a2,44,VIRTUAL,0xc6911796042b15d7fa4f6cde69e245ddcd3d9c31,0x8366a39cc670b4001a1121b8f6a443a643e40951,0x95f71ca6a0807de9c32f84d4d41ea32915a77665,198.354121259071775478
0x4666c008a31e451e8d3c630dca2bbc42bc05f0cc3c9ad314b5c335bd4f0cf1a2,45,USDG,0x5fc5360d0400a0fd4f2af552add042d716f1d168,0xa633c73658857d5241fe21d43f854a82e2d0592c,0x8366a39cc670b4001a1121b8f6a443a643e40951,117.384008
0x4666c008a31e451e8d3c630dca2bbc42bc05f0cc3c9ad314b5c335bd4f0cf1a2,46,WETH,0x0bd7d308f8e1639fab988df18a8011f41eacad73,0x851d1b0342d2257a4172826b68221d2366c1c6b5,0x95f71ca6a0807de9c32f84d4d41ea32915a77665,0.062795869592457743
0x4666c008a31e451e8d3c630dca2bbc42bc05f0cc3c9ad314b5c335bd4f0cf1a2,47,VIRTUAL,0xc6911796042b15d7fa4f6cde69e245ddcd3d9c31,0x95f71ca6a0807de9c32f84d4d41ea32915a77665,0x851d1b0342d2257a4172826b68221d2366c1c6b5,198.354121259071775478
0x4666c008a31e451e8d3c630dca2bbc42bc05f0cc3c9ad314b5c335bd4f0cf1a2,49,WETH,0x0bd7d308f8e1639fab988df18a8011f41eacad73,0x95f71ca6a0807de9c32f84d4d41ea32915a77665,0x0000000000000000000000000000000000000000,0.040613477180453816
0x4666c008a31e451e8d3c630dca2bbc42bc05f0cc3c9ad314b5c335bd4f0cf1a2,50,WETH,0x0bd7d308f8e1639fab988df18a8011f41eacad73,0x95f71ca6a0807de9c32f84d4d41ea32915a77665,0x33eabd63853e74ff70d8b89982dfb5bc3eb0a189,0.022182392412003927
0x70b1124c104e7f8dfe01737b5544dbecc861c3f25cf1bd56c46baf973971292f,21,FIRE,0x43eea882b845a8493152ebc55cf30ae9281b02d5,0x95f44a617172de3938240a2d0a0f52df5dbd8f48,0xb92fe925dc43a0ecde6c8b1a2709c170ec4fff4f,4045.0592960165
0x70b1124c104e7f8dfe01737b5544dbecc861c3f25cf1bd56c46baf973971292f,27,USDG,0x5fc5360d0400a0fd4f2af552add042d716f1d168,0x8366a39cc670b4001a1121b8f6a443a643e40951,0xb92fe925dc43a0ecde6c8b1a2709c170ec4fff4f,2.544418
0x70b1124c104e7f8dfe01737b5544dbecc861c3f25cf1bd56c46baf973971292f,28,FIRE,0x43eea882b845a8493152ebc55cf30ae9281b02d5,0xb92fe925dc43a0ecde6c8b1a2709c170ec4fff4f,0x8366a39cc670b4001a1121b8f6a443a643e40951,4045.0592960165
0x70b1124c104e7f8dfe01737b5544dbecc861c3f25cf1bd56c46baf973971292f,33,USDG,0x5fc5360d0400a0fd4f2af552add042d716f1d168,0xb92fe925dc43a0ecde6c8b1a2709c170ec4fff4f,0x4cd00e387622c35bddb9b4c962c136462338bc31,2.544418
0x6c6b4aaa9824a3d21e7c0cea6b8310a1499f5d1f518e9cf7de9b8a1c8f9e4d08,3,FIRE,0x43eea882b845a8493152ebc55cf30ae9281b02d5,0x12eed01bbdeff4848296bfc608dedacbf4813902,0xb92fe925dc43a0ecde6c8b1a2709c170ec4fff4f,4657.8328240988
0x6c6b4aaa9824a3d21e7c0cea6b8310a1499f5d1f518e9cf7de9b8a1c8f9e4d08,8,FIRE,0x43eea882b845a8493152ebc55cf30ae9281b02d5,0xb92fe925dc43a0ecde6c8b1a2709c170ec4fff4f,0x8f10b468b06c6fd214b65f87778827f7d113f996,4657.8328240988
0x6c6b4aaa9824a3d21e7c0cea6b8310a1499f5d1f518e9cf7de9b8a1c8f9e4d08,11,FIRE,0x43eea882b845a8493152ebc55cf30ae9281b02d5,0x8f10b468b06c6fd214b65f87778827f7d113f996,0x8366a39cc670b4001a1121b8f6a443a643e40951,4657.8328240988
0x6c6b4aaa9824a3d21e7c0cea6b8310a1499f5d1f518e9cf7de9b8a1c8f9e4d08,14,USDG,0x5fc5360d0400a0fd4f2af552add042d716f1d168,0x8366a39cc670b4001a1121b8f6a443a643e40951,0x8f10b468b06c6fd214b65f87778827f7d113f996,2.854402
0x6c6b4aaa9824a3d21e7c0cea6b8310a1499f5d1f518e9cf7de9b8a1c8f9e4d08,16,USDG,0x5fc5360d0400a0fd4f2af552add042d716f1d168,0x8f10b468b06c6fd214b65f87778827f7d113f996,0xb92fe925dc43a0ecde6c8b1a2709c170ec4fff4f,2.854402
0x6c6b4aaa9824a3d21e7c0cea6b8310a1499f5d1f518e9cf7de9b8a1c8f9e4d08,22,USDG,0x5fc5360d0400a0fd4f2af552add042d716f1d168,0xb92fe925dc43a0ecde6c8b1a2709c170ec4fff4f,0x4cd00e387622c35bddb9b4c962c136462338bc31,2.854402
0xd9e13b883b337272b5fe7116a77c1cce3aab2b25bd5be1328633090937c46d85,5,WETH,0x0bd7d308f8e1639fab988df18a8011f41eacad73,0x8366a39cc670b4001a1121b8f6a443a643e40951,0x4c4353e0d893c9d3114b3ce1d9e4b802e687ad0d,0.004857482292734055
0xd9e13b883b337272b5fe7116a77c1cce3aab2b25bd5be1328633090937c46d85,6,WETH,0x0bd7d308f8e1639fab988df18a8011f41eacad73,0x4c4353e0d893c9d3114b3ce1d9e4b802e687ad0d,0x0000000000000000000000000000000000000000,0.004857482292734055
0xd9e13b883b337272b5fe7116a77c1cce3aab2b25bd5be1328633090937c46d85,11,WETH,0x0bd7d308f8e1639fab988df18a8011f41eacad73,0x8366a39cc670b4001a1121b8f6a443a643e40951,0x4c4353e0d893c9d3114b3ce1d9e4b802e687ad0d,0.006621460556477311
0xd9e13b883b337272b5fe7116a77c1cce3aab2b25bd5be1328633090937c46d85,12,WETH,0x0bd7d308f8e1639fab988df18a8011f41eacad73,0x4c4353e0d893c9d3114b3ce1d9e4b802e687ad0d,0x8366a39cc670b4001a1121b8f6a443a643e40951,0.004857482292734055
0xd9e13b883b337272b5fe7116a77c1cce3aab2b25bd5be1328633090937c46d85,13,WETH,0x0bd7d308f8e1639fab988df18a8011f41eacad73,0x4c4353e0d893c9d3114b3ce1d9e4b802e687ad0d,0x2185964d3b387461ef79c1841cadcfc4ea5ed639,0.001763978263743256
0x196f54a32b18ed5f42bf93c85c76bffbb0fa7d979dc8fa5a53260104d097b929,10,WETH,0x0bd7d308f8e1639fab988df18a8011f41eacad73,0x8366a39cc670b4001a1121b8f6a443a643e40951,0x4c4353e0d893c9d3114b3ce1d9e4b802e687ad0d,0.003512464788994339
0x196f54a32b18ed5f42bf93c85c76bffbb0fa7d979dc8fa5a53260104d097b929,11,WETH,0x0bd7d308f8e1639fab988df18a8011f41eacad73,0x4c4353e0d893c9d3114b3ce1d9e4b802e687ad0d,0x0000000000000000000000000000000000000000,0.003512464788994339
0x196f54a32b18ed5f42bf93c85c76bffbb0fa7d979dc8fa5a53260104d097b929,15,USDG,0x5fc5360d0400a0fd4f2af552add042d716f1d168,0x8366a39cc670b4001a1121b8f6a443a643e40951,0x4c4353e0d893c9d3114b3ce1d9e4b802e687ad0d,8.038471
0x196f54a32b18ed5f42bf93c85c76bffbb0fa7d979dc8fa5a53260104d097b929,16,WETH,0x0bd7d308f8e1639fab988df18a8011f41eacad73,0x52e65b17fb6e5ba00ed806f37afcd2daa50271ca,0x4c4353e0d893c9d3114b3ce1d9e4b802e687ad0d,0.004314017086587073
0x196f54a32b18ed5f42bf93c85c76bffbb0fa7d979dc8fa5a53260104d097b929,17,USDG,0x5fc5360d0400a0fd4f2af552add042d716f1d168,0x4c4353e0d893c9d3114b3ce1d9e4b802e687ad0d,0x52e65b17fb6e5ba00ed806f37afcd2daa50271ca,8.038471
0x196f54a32b18ed5f42bf93c85c76bffbb0fa7d979dc8fa5a53260104d097b929,19,WETH,0x0bd7d308f8e1639fab988df18a8011f41eacad73,0x4c4353e0d893c9d3114b3ce1d9e4b802e687ad0d,0x8366a39cc670b4001a1121b8f6a443a643e40951,0.003512464788994339
0x196f54a32b18ed5f42bf93c85c76bffbb0fa7d979dc8fa5a53260104d097b929,20,WETH,0x0bd7d308f8e1639fab988df18a8011f41eacad73,0x4c4353e0d893c9d3114b3ce1d9e4b802e687ad0d,0x2185964d3b387461ef79c1841cadcfc4ea5ed639,0.000801552297592734
0xa61be5392ead1d2f84d2e9088f3312f8dbc91a029bb41df80361aac0223fbcec,21,WETH,0x0bd7d308f8e1639fab988df18a8011f41eacad73,0x52e65b17fb6e5ba00ed806f37afcd2daa50271ca,0x95f71ca6a0807de9c32f84d4d41ea32915a77665,0.006917451249845971
0xa61be5392ead1d2f84d2e9088f3312f8dbc91a029bb41df80361aac0223fbcec,22,WETH,0x0bd7d308f8e1639fab988df18a8011f41eacad73,0x95f71ca6a0807de9c32f84d4d41ea32915a77665,0xa633c73658857d5241fe21d43f854a82e2d0592c,0.006917451249845971
0xa61be5392ead1d2f84d2e9088f3312f8dbc91a029bb41df80361aac0223fbcec,26,USDG,0x5fc5360d0400a0fd4f2af552add042d716f1d168,0x8366a39cc670b4001a1121b8f6a443a643e40951,0x95f71ca6a0807de9c32f84d4d41ea32915a77665,13.536994
0xa61be5392ead1d2f84d2e9088f3312f8dbc91a029bb41df80361aac0223fbcec,27,WETH,0x0bd7d308f8e1639fab988df18a8011f41eacad73,0xa633c73658857d5241fe21d43f854a82e2d0592c,0x0000000000000000000000000000000000000000,0.006917451249845971
0xa61be5392ead1d2f84d2e9088f3312f8dbc91a029bb41df80361aac0223fbcec,28,USDG,0x5fc5360d0400a0fd4f2af552add042d716f1d168,0x95f71ca6a0807de9c32f84d4d41ea32915a77665,0x52e65b17fb6e5ba00ed806f37afcd2daa50271ca,12.88955
0xa61be5392ead1d2f84d2e9088f3312f8dbc91a029bb41df80361aac0223fbcec,30,USDG,0x5fc5360d0400a0fd4f2af552add042d716f1d168,0x95f71ca6a0807de9c32f84d4d41ea32915a77665,0x33eabd63853e74ff70d8b89982dfb5bc3eb0a189,0.647444
0x13976748c9ec47f275cf18ed6261210d8c36624e6fba3344a21b65d6fd4ff9d1,40,FIRE,0x43eea882b845a8493152ebc55cf30ae9281b02d5,0x85c857ee7bf7c23b0f463b1c0e130f408b34e9eb,0xb92fe925dc43a0ecde6c8b1a2709c170ec4fff4f,4210.894902325255219588
0x13976748c9ec47f275cf18ed6261210d8c36624e6fba3344a21b65d6fd4ff9d1,46,USDG,0x5fc5360d0400a0fd4f2af552add042d716f1d168,0x8366a39cc670b4001a1121b8f6a443a643e40951,0xb92fe925dc43a0ecde6c8b1a2709c170ec4fff4f,2.939952
0x13976748c9ec47f275cf18ed6261210d8c36624e6fba3344a21b65d6fd4ff9d1,47,FIRE,0x43eea882b845a8493152ebc55cf30ae9281b02d5,0xb92fe925dc43a0ecde6c8b1a2709c170ec4fff4f,0x8366a39cc670b4001a1121b8f6a443a643e40951,4210.894902325255219588
0x13976748c9ec47f275cf18ed6261210d8c36624e6fba3344a21b65d6fd4ff9d1,52,USDG,0x5fc5360d0400a0fd4f2af552add042d716f1d168,0xb92fe925dc43a0ecde6c8b1a2709c170ec4fff4f,0x4cd00e387622c35bddb9b4c962c136462338bc31,2.939952
0x7228a91562d54ce26e73875288b1538ada3317fbdcce9cc194159c7f24a5959d,14,WETH,0x0bd7d308f8e1639fab988df18a8011f41eacad73,0x8366a39cc670b4001a1121b8f6a443a643e40951,0x4c4353e0d893c9d3114b3ce1d9e4b802e687ad0d,0.012254149701551498
0x7228a91562d54ce26e73875288b1538ada3317fbdcce9cc194159c7f24a5959d,15,WETH,0x0bd7d308f8e1639fab988df18a8011f41eacad73,0x4c4353e0d893c9d3114b3ce1d9e4b802e687ad0d,0x0000000000000000000000000000000000000000,0.012254149701551498
0x7228a91562d54ce26e73875288b1538ada3317fbdcce9cc194159c7f24a5959d,20,WETH,0x0bd7d308f8e1639fab988df18a8011f41eacad73,0x8366a39cc670b4001a1121b8f6a443a643e40951,0x4c4353e0d893c9d3114b3ce1d9e4b802e687ad0d,0.013597027201020094
0x7228a91562d54ce26e73875288b1538ada3317fbdcce9cc194159c7f24a5959d,21,WETH,0x0bd7d308f8e1639fab988df18a8011f41eacad73,0x4c4353e0d893c9d3114b3ce1d9e4b802e687ad0d,0x8366a39cc670b4001a1121b8f6a443a643e40951,0.012254149701551498
0x7228a91562d54ce26e73875288b1538ada3317fbdcce9cc194159c7f24a5959d,22,WETH,0x0bd7d308f8e1639fab988df18a8011f41eacad73,0x4c4353e0d893c9d3114b3ce1d9e4b802e687ad0d,0x2185964d3b387461ef79c1841cadcfc4ea5ed639,0.001342877499468596
0x5343f529dde83de5a69f167746ef76f95f9350fe3a2c7e1f663e5caf9e71f257,4,FIRE,0x43eea882b845a8493152ebc55cf30ae9281b02d5,0xdc7e7358922826eaeb11f6ad0cbe3c109d96e705,0xb92fe925dc43a0ecde6c8b1a2709c170ec4fff4f,9850.28198233373848904
0x5343f529dde83de5a69f167746ef76f95f9350fe3a2c7e1f663e5caf9e71f257,10,USDG,0x5fc5360d0400a0fd4f2af552add042d716f1d168,0x8366a39cc670b4001a1121b8f6a443a643e40951,0xb92fe925dc43a0ecde6c8b1a2709c170ec4fff4f,5.17913
0x5343f529dde83de5a69f167746ef76f95f9350fe3a2c7e1f663e5caf9e71f257,11,FIRE,0x43eea882b845a8493152ebc55cf30ae9281b02d5,0xb92fe925dc43a0ecde6c8b1a2709c170ec4fff4f,0x8366a39cc670b4001a1121b8f6a443a643e40951,9850.28198233373848904
0x5343f529dde83de5a69f167746ef76f95f9350fe3a2c7e1f663e5caf9e71f257,16,USDG,0x5fc5360d0400a0fd4f2af552add042d716f1d168,0xb92fe925dc43a0ecde6c8b1a2709c170ec4fff4f,0x4cd00e387622c35bddb9b4c962c136462338bc31,5.17913
0x1347148cb39ca5001db1b7be88e91c25134e8bf2fa4920fdfd6b6ff450fe58ee,22,FIRE,0x43eea882b845a8493152ebc55cf30ae9281b02d5,0xfea12f8f88faf484c0c74818f48b6a688c549d2d,0xb92fe925dc43a0ecde6c8b1a2709c170ec4fff4f,6169.696621947221570347
0x1347148cb39ca5001db1b7be88e91c25134e8bf2fa4920fdfd6b6ff450fe58ee,28,USDG,0x5fc5360d0400a0fd4f2af552add042d716f1d168,0x8366a39cc670b4001a1121b8f6a443a643e40951,0xb92fe925dc43a0ecde6c8b1a2709c170ec4fff4f,3.792264
0x1347148cb39ca5001db1b7be88e91c25134e8bf2fa4920fdfd6b6ff450fe58ee,29,FIRE,0x43eea882b845a8493152ebc55cf30ae9281b02d5,0xb92fe925dc43a0ecde6c8b1a2709c170ec4fff4f,0x8366a39cc670b4001a1121b8f6a443a643e40951,6169.696621947221570347
0x1347148cb39ca5001db1b7be88e91c25134e8bf2fa4920fdfd6b6ff450fe58ee,34,USDG,0x5fc5360d0400a0fd4f2af552add042d716f1d168,0xb92fe925dc43a0ecde6c8b1a2709c170ec4fff4f,0x4cd00e387622c35bddb9b4c962c136462338bc31,3.792264
0x036c9da13f534059d5feb064f85e0c069caa48f3b157271b31ccd373406c8a29,2,FIRE,0x43eea882b845a8493152ebc55cf30ae9281b02d5,0x6de10fca0e47549a78d1527573c5d42a5f18f15a,0xb92fe925dc43a0ecde6c8b1a2709c170ec4fff4f,4631.819918130973597053
0x036c9da13f534059d5feb064f85e0c069caa48f3b157271b31ccd373406c8a29,8,USDG,0x5fc5360d0400a0fd4f2af552add042d716f1d168,0x8366a39cc670b4001a1121b8f6a443a643e40951,0xb92fe925dc43a0ecde6c8b1a2709c170ec4fff4f,2.334657
0x036c9da13f534059d5feb064f85e0c069caa48f3b157271b31ccd373406c8a29,9,FIRE,0x43eea882b845a8493152ebc55cf30ae9281b02d5,0xb92fe925dc43a0ecde6c8b1a2709c170ec4fff4f,0x8366a39cc670b4001a1121b8f6a443a643e40951,4631.819918130973597053
0x036c9da13f534059d5feb064f85e0c069caa48f3b157271b31ccd373406c8a29,14,USDG,0x5fc5360d0400a0fd4f2af552add042d716f1d168,0xb92fe925dc43a0ecde6c8b1a2709c170ec4fff4f,0x4cd00e387622c35bddb9b4c962c136462338bc31,2.334657
0x08e50bfda808b7991599da01be574023be05212e60225203e5d1b8228b96c660,9,FIRE,0x43eea882b845a8493152ebc55cf30ae9281b02d5,0x67b142cf3fcbf2975e29940716ddb411cc85a496,0xb92fe925dc43a0ecde6c8b1a2709c170ec4fff4f,6277.083525423276633932
0x08e50bfda808b7991599da01be574023be05212e60225203e5d1b8228b96c660,15,USDG,0x5fc5360d0400a0fd4f2af552add042d716f1d168,0x8366a39cc670b4001a1121b8f6a443a643e40951,0xb92fe925dc43a0ecde6c8b1a2709c170ec4fff4f,3.323093
0x08e50bfda808b7991599da01be574023be05212e60225203e5d1b8228b96c660,16,FIRE,0x43eea882b845a8493152ebc55cf30ae9281b02d5,0xb92fe925dc43a0ecde6c8b1a2709c170ec4fff4f,0x8366a39cc670b4001a1121b8f6a443a643e40951,6277.083525423276633932
0x08e50bfda808b7991599da01be574023be05212e60225203e5d1b8228b96c660,21,USDG,0x5fc5360d0400a0fd4f2af552add042d716f1d168,0xb92fe925dc43a0ecde6c8b1a2709c170ec4fff4f,0x4cd00e387622c35bddb9b4c962c136462338bc31,3.323093
0x655f24cffb634f7149ebe98a3b51834b234b933b9f9be86ad35d018b43c82c26,915,FIRE,0x43eea882b845a8493152ebc55cf30ae9281b02d5,0xe71411ebb40224f0043d21ee440829156f4fab0a,0x8366a39cc670b4001a1121b8f6a443a643e40951,2543
0x655f24cffb634f7149ebe98a3b51834b234b933b9f9be86ad35d018b43c82c26,917,USDG,0x5fc5360d0400a0fd4f2af552add042d716f1d168,0x8366a39cc670b4001a1121b8f6a443a643e40951,0xe71411ebb40224f0043d21ee440829156f4fab0a,1.305911
0x08cd4620309c75d71b3b082eeb42b0827a7c1d7976872fdedbc2f7b9e748f213,8,FIRE,0x43eea882b845a8493152ebc55cf30ae9281b02d5,0xfad4c8f1e71e4c56b87733bd916ff7cff46c6c29,0xb477751b76cf82d00a686a1232f5fcd772414af3,24369
0x08cd4620309c75d71b3b082eeb42b0827a7c1d7976872fdedbc2f7b9e748f213,10,FIRE,0x43eea882b845a8493152ebc55cf30ae9281b02d5,0xb477751b76cf82d00a686a1232f5fcd772414af3,0x09ad820aac5779683b481c4674208a4e1b024afa,24369
0x08cd4620309c75d71b3b082eeb42b0827a7c1d7976872fdedbc2f7b9e748f213,15,FIRE,0x43eea882b845a8493152ebc55cf30ae9281b02d5,0x09ad820aac5779683b481c4674208a4e1b024afa,0x8366a39cc670b4001a1121b8f6a443a643e40951,17789.37
0x08cd4620309c75d71b3b082eeb42b0827a7c1d7976872fdedbc2f7b9e748f213,18,USDG,0x5fc5360d0400a0fd4f2af552add042d716f1d168,0x8366a39cc670b4001a1121b8f6a443a643e40951,0x09ad820aac5779683b481c4674208a4e1b024afa,8.797432
0x08cd4620309c75d71b3b082eeb42b0827a7c1d7976872fdedbc2f7b9e748f213,22,FIRE,0x43eea882b845a8493152ebc55cf30ae9281b02d5,0x09ad820aac5779683b481c4674208a4e1b024afa,0x8366a39cc670b4001a1121b8f6a443a643e40951,6579.63
0x08cd4620309c75d71b3b082eeb42b0827a7c1d7976872fdedbc2f7b9e748f213,25,USDG,0x5fc5360d0400a0fd4f2af552add042d716f1d168,0x8366a39cc670b4001a1121b8f6a443a643e40951,0x09ad820aac5779683b481c4674208a4e1b024afa,3.242496
0x08cd4620309c75d71b3b082eeb42b0827a7c1d7976872fdedbc2f7b9e748f213,26,USDG,0x5fc5360d0400a0fd4f2af552add042d716f1d168,0x09ad820aac5779683b481c4674208a4e1b024afa,0x20f6ee51340adeed01a59b0e65cb3703f3dc860c,12.039928
0x08cd4620309c75d71b3b082eeb42b0827a7c1d7976872fdedbc2f7b9e748f213,27,USDG,0x5fc5360d0400a0fd4f2af552add042d716f1d168,0x20f6ee51340adeed01a59b0e65cb3703f3dc860c,0xb477751b76cf82d00a686a1232f5fcd772414af3,12.039928
0x08cd4620309c75d71b3b082eeb42b0827a7c1d7976872fdedbc2f7b9e748f213,29,USDG,0x5fc5360d0400a0fd4f2af552add042d716f1d168,0xb477751b76cf82d00a686a1232f5fcd772414af3,0xfad4c8f1e71e4c56b87733bd916ff7cff46c6c29,12.039928
0x159c64034d5948d14b90f97676149c33a011450b07ee183bb126ea07076eb581,0,WETH,0x0bd7d308f8e1639fab988df18a8011f41eacad73,0x52e65b17fb6e5ba00ed806f37afcd2daa50271ca,0x95f71ca6a0807de9c32f84d4d41ea32915a77665,0.005272304257966513
0x159c64034d5948d14b90f97676149c33a011450b07ee183bb126ea07076eb581,1,WETH,0x0bd7d308f8e1639fab988df18a8011f41eacad73,0x95f71ca6a0807de9c32f84d4d41ea32915a77665,0xa633c73658857d5241fe21d43f854a82e2d0592c,0.005272304257966513
0x159c64034d5948d14b90f97676149c33a011450b07ee183bb126ea07076eb581,5,USDG,0x5fc5360d0400a0fd4f2af552add042d716f1d168,0x8366a39cc670b4001a1121b8f6a443a643e40951,0x95f71ca6a0807de9c32f84d4d41ea32915a77665,10.443262
0x159c64034d5948d14b90f97676149c33a011450b07ee183bb126ea07076eb581,6,WETH,0x0bd7d308f8e1639fab988df18a8011f41eacad73,0xa633c73658857d5241fe21d43f854a82e2d0592c,0x0000000000000000000000000000000000000000,0.005272304257966513
0x159c64034d5948d14b90f97676149c33a011450b07ee183bb126ea07076eb581,7,USDG,0x5fc5360d0400a0fd4f2af552add042d716f1d168,0x95f71ca6a0807de9c32f84d4d41ea32915a77665,0x52e65b17fb6e5ba00ed806f37afcd2daa50271ca,10.079184
0x159c64034d5948d14b90f97676149c33a011450b07ee183bb126ea07076eb581,9,USDG,0x5fc5360d0400a0fd4f2af552add042d716f1d168,0x95f71ca6a0807de9c32f84d4d41ea32915a77665,0x33eabd63853e74ff70d8b89982dfb5bc3eb0a189,0.364078
0x64fa0aa1c397a6b32f8bdff2c53a9bb079e8ce156b5418351aa19d9b8c41e791,2,FIRE,0x43eea882b845a8493152ebc55cf30ae9281b02d5,0x40ed225bdcb060947f6887fcbb811c6d320e6bce,0xb92fe925dc43a0ecde6c8b1a2709c170ec4fff4f,5201.553144158262515977
0x64fa0aa1c397a6b32f8bdff2c53a9bb079e8ce156b5418351aa19d9b8c41e791,7,FIRE,0x43eea882b845a8493152ebc55cf30ae9281b02d5,0xb92fe925dc43a0ecde6c8b1a2709c170ec4fff4f,0x8f10b468b06c6fd214b65f87778827f7d113f996,5201.553144158262515977
0x64fa0aa1c397a6b32f8bdff2c53a9bb079e8ce156b5418351aa19d9b8c41e791,10,FIRE,0x43eea882b845a8493152ebc55cf30ae9281b02d5,0x8f10b468b06c6fd214b65f87778827f7d113f996,0x8366a39cc670b4001a1121b8f6a443a643e40951,5201.553144158262515977
0x64fa0aa1c397a6b32f8bdff2c53a9bb079e8ce156b5418351aa19d9b8c41e791,13,USDG,0x5fc5360d0400a0fd4f2af552add042d716f1d168,0x8366a39cc670b4001a1121b8f6a443a643e40951,0x8f10b468b06c6fd214b65f87778827f7d113f996,2.401443
0x64fa0aa1c397a6b32f8bdff2c53a9bb079e8ce156b5418351aa19d9b8c41e791,15,USDG,0x5fc5360d0400a0fd4f2af552add042d716f1d168,0x8f10b468b06c6fd214b65f87778827f7d113f996,0xb92fe925dc43a0ecde6c8b1a2709c170ec4fff4f,2.401443
0x64fa0aa1c397a6b32f8bdff2c53a9bb079e8ce156b5418351aa19d9b8c41e791,21,USDG,0x5fc5360d0400a0fd4f2af552add042d716f1d168,0xb92fe925dc43a0ecde6c8b1a2709c170ec4fff4f,0x4cd00e387622c35bddb9b4c962c136462338bc31,2.401443
0xc9ad3062f9b616ef1b1d1f668fed160c1fed586ca38e50519434bf327a927489,31,WETH,0x0bd7d308f8e1639fab988df18a8011f41eacad73,0x0000000000000000000000000000000000000000,0x95f71ca6a0807de9c32f84d4d41ea32915a77665,0.068669272657099432
0xc9ad3062f9b616ef1b1d1f668fed160c1fed586ca38e50519434bf327a927489,32,WETH,0x0bd7d308f8e1639fab988df18a8011f41eacad73,0x95f71ca6a0807de9c32f84d4d41ea32915a77665,0xa633c73658857d5241fe21d43f854a82e2d0592c,0.068669272657099432
0xc9ad3062f9b616ef1b1d1f668fed160c1fed586ca38e50519434bf327a927489,36,USDG,0x5fc5360d0400a0fd4f2af552add042d716f1d168,0x8366a39cc670b4001a1121b8f6a443a643e40951,0xa633c73658857d5241fe21d43f854a82e2d0592c,307.98461
0xc9ad3062f9b616ef1b1d1f668fed160c1fed586ca38e50519434bf327a927489,37,WETH,0x0bd7d308f8e1639fab988df18a8011f41eacad73,0xa633c73658857d5241fe21d43f854a82e2d0592c,0x0000000000000000000000000000000000000000,0.068669272657099432
0xc9ad3062f9b616ef1b1d1f668fed160c1fed586ca38e50519434bf327a927489,38,USDG,0x5fc5360d0400a0fd4f2af552add042d716f1d168,0xa633c73658857d5241fe21d43f854a82e2d0592c,0x95f71ca6a0807de9c32f84d4d41ea32915a77665,307.98461
0xc9ad3062f9b616ef1b1d1f668fed160c1fed586ca38e50519434bf327a927489,39,USDG,0x5fc5360d0400a0fd4f2af552add042d716f1d168,0x95f71ca6a0807de9c32f84d4d41ea32915a77665,0xa633c73658857d5241fe21d43f854a82e2d0592c,307.98461
0xc9ad3062f9b616ef1b1d1f668fed160c1fed586ca38e50519434bf327a927489,41,WETH,0x0bd7d308f8e1639fab988df18a8011f41eacad73,0x8366a39cc670b4001a1121b8f6a443a643e40951,0x95f71ca6a0807de9c32f84d4d41ea32915a77665,0.158353545798430823
0xc9ad3062f9b616ef1b1d1f668fed160c1fed586ca38e50519434bf327a927489,42,USDG,0x5fc5360d0400a0fd4f2af552add042d716f1d168,0xa633c73658857d5241fe21d43f854a82e2d0592c,0x8366a39cc670b4001a1121b8f6a443a643e40951,307.98461
0xc9ad3062f9b616ef1b1d1f668fed160c1fed586ca38e50519434bf327a927489,43,WETH,0x0bd7d308f8e1639fab988df18a8011f41eacad73,0x95f71ca6a0807de9c32f84d4d41ea32915a77665,0x0000000000000000000000000000000000000000,0.068669272657099432
0xc9ad3062f9b616ef1b1d1f668fed160c1fed586ca38e50519434bf327a927489,44,WETH,0x0bd7d308f8e1639fab988df18a8011f41eacad73,0x95f71ca6a0807de9c32f84d4d41ea32915a77665,0xdcf61f0160149f16d5d90625b25793a05bbda5f5,0.089684273141331391
0xc9ad3062f9b616ef1b1d1f668fed160c1fed586ca38e50519434bf327a927489,45,WETH,0x0bd7d308f8e1639fab988df18a8011f41eacad73,0xdcf61f0160149f16d5d90625b25793a05bbda5f5,0x0000000000000000000000000000000000000000,0.06792557501166915
0xc9ad3062f9b616ef1b1d1f668fed160c1fed586ca38e50519434bf327a927489,46,WETH,0x0bd7d308f8e1639fab988df18a8011f41eacad73,0xdcf61f0160149f16d5d90625b25793a05bbda5f5,0x0000000000000000000000000000000000000000,0.021758698129662241
0xa7572b706ba4e0e23fe3fcb2dcb278da6ce2d46142f80cd381aa1990da44b9bd,22,FIRE,0x43eea882b845a8493152ebc55cf30ae9281b02d5,0x1983824aa3cf023dfd233115e801520b9d49a258,0xa687b664662b96b180346d699a6d5b42e9b05d31,6041.599301933559037967
0xa7572b706ba4e0e23fe3fcb2dcb278da6ce2d46142f80cd381aa1990da44b9bd,24,FIRE,0x43eea882b845a8493152ebc55cf30ae9281b02d5,0xa687b664662b96b180346d699a6d5b42e9b05d31,0x8366a39cc670b4001a1121b8f6a443a643e40951,6041.599301933559037967
0xa7572b706ba4e0e23fe3fcb2dcb278da6ce2d46142f80cd381aa1990da44b9bd,28,USDG,0x5fc5360d0400a0fd4f2af552add042d716f1d168,0x8366a39cc670b4001a1121b8f6a443a643e40951,0xe58b3089df6667fbf99b75595a1671baf6797d6d,3.285166
0xa7572b706ba4e0e23fe3fcb2dcb278da6ce2d46142f80cd381aa1990da44b9bd,29,USDG,0x5fc5360d0400a0fd4f2af552add042d716f1d168,0xe58b3089df6667fbf99b75595a1671baf6797d6d,0x6ea08ca8f313d860808ef7431fc72c6fbcf4a72d,0.016425
0xa7572b706ba4e0e23fe3fcb2dcb278da6ce2d46142f80cd381aa1990da44b9bd,31,USDG,0x5fc5360d0400a0fd4f2af552add042d716f1d168,0xe58b3089df6667fbf99b75595a1671baf6797d6d,0x1983824aa3cf023dfd233115e801520b9d49a258,3.268741
0x0e8761a434d77192d252711ea37f5bf9036540543cc62b7b302ac27cb97c98bc,2,FIRE,0x43eea882b845a8493152ebc55cf30ae9281b02d5,0xa6580ce630320e9e88a32ec5a6fbe154252dd09e,0xb92fe925dc43a0ecde6c8b1a2709c170ec4fff4f,6844.6432008003
0x0e8761a434d77192d252711ea37f5bf9036540543cc62b7b302ac27cb97c98bc,6,FIRE,0x43eea882b845a8493152ebc55cf30ae9281b02d5,0xb92fe925dc43a0ecde6c8b1a2709c170ec4fff4f,0x8f10b468b06c6fd214b65f87778827f7d113f996,6844.6432008003
0x0e8761a434d77192d252711ea37f5bf9036540543cc62b7b302ac27cb97c98bc,9,FIRE,0x43eea882b845a8493152ebc55cf30ae9281b02d5,0x8f10b468b06c6fd214b65f87778827f7d113f996,0x8366a39cc670b4001a1121b8f6a443a643e40951,6844.6432008003
0x0e8761a434d77192d252711ea37f5bf9036540543cc62b7b302ac27cb97c98bc,12,USDG,0x5fc5360d0400a0fd4f2af552add042d716f1d168,0x8366a39cc670b4001a1121b8f6a443a643e40951,0x8f10b468b06c6fd214b65f87778827f7d113f996,2.296555
0x0e8761a434d77192d252711ea37f5bf9036540543cc62b7b302ac27cb97c98bc,14,USDG,0x5fc5360d0400a0fd4f2af552add042d716f1d168,0x8f10b468b06c6fd214b65f87778827f7d113f996,0xb92fe925dc43a0ecde6c8b1a2709c170ec4fff4f,2.296555
0x0e8761a434d77192d252711ea37f5bf9036540543cc62b7b302ac27cb97c98bc,20,USDG,0x5fc5360d0400a0fd4f2af552add042d716f1d168,0xb92fe925dc43a0ecde6c8b1a2709c170ec4fff4f,0x4cd00e387622c35bddb9b4c962c136462338bc31,2.296555
0x7e9eca7202bd22a619e43374079762d3725518751b8b6b337966c5628cb621d1,19,WETH,0x0bd7d308f8e1639fab988df18a8011f41eacad73,0x52e65b17fb6e5ba00ed806f37afcd2daa50271ca,0x95f71ca6a0807de9c32f84d4d41ea32915a77665,0.005884685255779263
0x7e9eca7202bd22a619e43374079762d3725518751b8b6b337966c5628cb621d1,20,WETH,0x0bd7d308f8e1639fab988df18a8011f41eacad73,0x95f71ca6a0807de9c32f84d4d41ea32915a77665,0xa633c73658857d5241fe21d43f854a82e2d0592c,0.005884685255779263
0x7e9eca7202bd22a619e43374079762d3725518751b8b6b337966c5628cb621d1,24,USDG,0x5fc5360d0400a0fd4f2af552add042d716f1d168,0x8366a39cc670b4001a1121b8f6a443a643e40951,0x95f71ca6a0807de9c32f84d4d41ea32915a77665,11.760721
0x7e9eca7202bd22a619e43374079762d3725518751b8b6b337966c5628cb621d1,25,WETH,0x0bd7d308f8e1639fab988df18a8011f41eacad73,0xa633c73658857d5241fe21d43f854a82e2d0592c,0x0000000000000000000000000000000000000000,0.005884685255779263
0x7e9eca7202bd22a619e43374079762d3725518751b8b6b337966c5628cb621d1,26,USDG,0x5fc5360d0400a0fd4f2af552add042d716f1d168,0x95f71ca6a0807de9c32f84d4d41ea32915a77665,0x52e65b17fb6e5ba00ed806f37afcd2daa50271ca,11.245155
0x7e9eca7202bd22a619e43374079762d3725518751b8b6b337966c5628cb621d1,28,USDG,0x5fc5360d0400a0fd4f2af552add042d716f1d168,0x95f71ca6a0807de9c32f84d4d41ea32915a77665,0x33eabd63853e74ff70d8b89982dfb5bc3eb0a189,0.515566
0x0be0c91ceeda08475fd42d59888d493ffb781ec44de77cfb71a82e00081f2286,15,WETH,0x0bd7d308f8e1639fab988df18a8011f41eacad73,0x0000000000000000000000000000000000000000,0x95f71ca6a0807de9c32f84d4d41ea32915a77665,0.01889264711036664
0x0be0c91ceeda08475fd42d59888d493ffb781ec44de77cfb71a82e00081f2286,16,WETH,0x0bd7d308f8e1639fab988df18a8011f41eacad73,0x95f71ca6a0807de9c32f84d4d41ea32915a77665,0xa633c73658857d5241fe21d43f854a82e2d0592c,0.01889264711036664
0x0be0c91ceeda08475fd42d59888d493ffb781ec44de77cfb71a82e00081f2286,20,USDG,0x5fc5360d0400a0fd4f2af552add042d716f1d168,0x8366a39cc670b4001a1121b8f6a443a643e40951,0xa633c73658857d5241fe21d43f854a82e2d0592c,98.461223
0x0be0c91ceeda08475fd42d59888d493ffb781ec44de77cfb71a82e00081f2286,21,WETH,0x0bd7d308f8e1639fab988df18a8011f41eacad73,0xa633c73658857d5241fe21d43f854a82e2d0592c,0x0000000000000000000000000000000000000000,0.01889264711036664
0x0be0c91ceeda08475fd42d59888d493ffb781ec44de77cfb71a82e00081f2286,22,USDG,0x5fc5360d0400a0fd4f2af552add042d716f1d168,0xa633c73658857d5241fe21d43f854a82e2d0592c,0x95f71ca6a0807de9c32f84d4d41ea32915a77665,98.461223
0x0be0c91ceeda08475fd42d59888d493ffb781ec44de77cfb71a82e00081f2286,23,USDG,0x5fc5360d0400a0fd4f2af552add042d716f1d168,0x95f71ca6a0807de9c32f84d4d41ea32915a77665,0xa633c73658857d5241fe21d43f854a82e2d0592c,98.461223
0x0be0c91ceeda08475fd42d59888d493ffb781ec44de77cfb71a82e00081f2286,25,WETH,0x0bd7d308f8e1639fab988df18a8011f41eacad73,0x8366a39cc670b4001a1121b8f6a443a643e40951,0x95f71ca6a0807de9c32f84d4d41ea32915a77665,0.05062669999677169
0x0be0c91ceeda08475fd42d59888d493ffb781ec44de77cfb71a82e00081f2286,26,USDG,0x5fc5360d0400a0fd4f2af552add042d716f1d168,0xa633c73658857d5241fe21d43f854a82e2d0592c,0x8366a39cc670b4001a1121b8f6a443a643e40951,98.461223
0x0be0c91ceeda08475fd42d59888d493ffb781ec44de77cfb71a82e00081f2286,27,WETH,0x0bd7d308f8e1639fab988df18a8011f41eacad73,0x95f71ca6a0807de9c32f84d4d41ea32915a77665,0x0000000000000000000000000000000000000000,0.01889264711036664
0x0be0c91ceeda08475fd42d59888d493ffb781ec44de77cfb71a82e00081f2286,28,WETH,0x0bd7d308f8e1639fab988df18a8011f41eacad73,0x95f71ca6a0807de9c32f84d4d41ea32915a77665,0xdcf61f0160149f16d5d90625b25793a05bbda5f5,0.03173405288640505
0x0be0c91ceeda08475fd42d59888d493ffb781ec44de77cfb71a82e00081f2286,29,WETH,0x0bd7d308f8e1639fab988df18a8011f41eacad73,0xdcf61f0160149f16d5d90625b25793a05bbda5f5,0x0000000000000000000000000000000000000000,0.023935318170801075
0x0be0c91ceeda08475fd42d59888d493ffb781ec44de77cfb71a82e00081f2286,30,WETH,0x0bd7d308f8e1639fab988df18a8011f41eacad73,0xdcf61f0160149f16d5d90625b25793a05bbda5f5,0x0000000000000000000000000000000000000000,0.007798734715603975
0x717b53794bff024222a3df8e55a6be6e967e6f66b4a6139a7ad4978d78854e5b,14,WETH,0x0bd7d308f8e1639fab988df18a8011f41eacad73,0x0000000000000000000000000000000000000000,0x95f71ca6a0807de9c32f84d4d41ea32915a77665,0.006290944013890074
0x717b53794bff024222a3df8e55a6be6e967e6f66b4a6139a7ad4978d78854e5b,15,WETH,0x0bd7d308f8e1639fab988df18a8011f41eacad73,0x95f71ca6a0807de9c32f84d4d41ea32915a77665,0xa633c73658857d5241fe21d43f854a82e2d0592c,0.006290944013890074
0x717b53794bff024222a3df8e55a6be6e967e6f66b4a6139a7ad4978d78854e5b,19,USDG,0x5fc5360d0400a0fd4f2af552add042d716f1d168,0x8366a39cc670b4001a1121b8f6a443a643e40951,0x95f71ca6a0807de9c32f84d4d41ea32915a77665,12.700519
0x717b53794bff024222a3df8e55a6be6e967e6f66b4a6139a7ad4978d78854e5b,20,WETH,0x0bd7d308f8e1639fab988df18a8011f41eacad73,0xa633c73658857d5241fe21d43f854a82e2d0592c,0x0000000000000000000000000000000000000000,0.006290944013890074
0x717b53794bff024222a3df8e55a6be6e967e6f66b4a6139a7ad4978d78854e5b,21,WETH,0x0bd7d308f8e1639fab988df18a8011f41eacad73,0x52e65b17fb6e5ba00ed806f37afcd2daa50271ca,0x95f71ca6a0807de9c32f84d4d41ea32915a77665,0.006469882184326579
0x717b53794bff024222a3df8e55a6be6e967e6f66b4a6139a7ad4978d78854e5b,22,USDG,0x5fc5360d0400a0fd4f2af552add042d716f1d168,0x95f71ca6a0807de9c32f84d4d41ea32915a77665,0x52e65b17fb6e5ba00ed806f37afcd2daa50271ca,12.700519
0x717b53794bff024222a3df8e55a6be6e967e6f66b4a6139a7ad4978d78854e5b,24,WETH,0x0bd7d308f8e1639fab988df18a8011f41eacad73,0x95f71ca6a0807de9c32f84d4d41ea32915a77665,0x0000000000000000000000000000000000000000,0.006290944013890074
0x717b53794bff024222a3df8e55a6be6e967e6f66b4a6139a7ad4978d78854e5b,25,WETH,0x0bd7d308f8e1639fab988df18a8011f41eacad73,0x95f71ca6a0807de9c32f84d4d41ea32915a77665,0x33eabd63853e74ff70d8b89982dfb5bc3eb0a189,0.000178938170436505
0x06a96fea1c1aad20fa91232e5c83485a739e6059448bb34c8380734375db8fb9,22,WETH,0x0bd7d308f8e1639fab988df18a8011f41eacad73,0x8366a39cc670b4001a1121b8f6a443a643e40951,0x000000000022b747bc1057d9497efe6d1c69296f,0.006415060271624247
0x06a96fea1c1aad20fa91232e5c83485a739e6059448bb34c8380734375db8fb9,23,WETH,0x0bd7d308f8e1639fab988df18a8011f41eacad73,0x000000000022b747bc1057d9497efe6d1c69296f,0x0000000000000000000000000000000000000000,0.006415060271624247
0x5717d76e8646d3e2983d565210ccc95b5cb61ae0d81c82a84d5b0eb8b175ea65,57,FIRE,0x43eea882b845a8493152ebc55cf30ae9281b02d5,0x240a3b686201aa700ff685334a63b0351991680c,0xb92fe925dc43a0ecde6c8b1a2709c170ec4fff4f,4679.502885037473162617
0x5717d76e8646d3e2983d565210ccc95b5cb61ae0d81c82a84d5b0eb8b175ea65,63,USDG,0x5fc5360d0400a0fd4f2af552add042d716f1d168,0x8366a39cc670b4001a1121b8f6a443a643e40951,0xb92fe925dc43a0ecde6c8b1a2709c170ec4fff4f,2.084315
0x5717d76e8646d3e2983d565210ccc95b5cb61ae0d81c82a84d5b0eb8b175ea65,64,FIRE,0x43eea882b845a8493152ebc55cf30ae9281b02d5,0xb92fe925dc43a0ecde6c8b1a2709c170ec4fff4f,0x8366a39cc670b4001a1121b8f6a443a643e40951,4679.502885037473162617
0x5717d76e8646d3e2983d565210ccc95b5cb61ae0d81c82a84d5b0eb8b175ea65,69,USDG,0x5fc5360d0400a0fd4f2af552add042d716f1d168,0xb92fe925dc43a0ecde6c8b1a2709c170ec4fff4f,0x4cd00e387622c35bddb9b4c962c136462338bc31,2.084315
0xe45e9e6555225d6c299a1df3203c1249435eab2d5c5bba926cbbac17e06ccb8d,46,WETH,0x0bd7d308f8e1639fab988df18a8011f41eacad73,0x0000000000000000000000000000000000000000,0x95f71ca6a0807de9c32f84d4d41ea32915a77665,0.004201866294389147
0xe45e9e6555225d6c299a1df3203c1249435eab2d5c5bba926cbbac17e06ccb8d,47,WETH,0x0bd7d308f8e1639fab988df18a8011f41eacad73,0x95f71ca6a0807de9c32f84d4d41ea32915a77665,0xa633c73658857d5241fe21d43f854a82e2d0592c,0.004201866294389147
0xe45e9e6555225d6c299a1df3203c1249435eab2d5c5bba926cbbac17e06ccb8d,51,USDG,0x5fc5360d0400a0fd4f2af552add042d716f1d168,0x8366a39cc670b4001a1121b8f6a443a643e40951,0xa633c73658857d5241fe21d43f854a82e2d0592c,8.004376
0xe45e9e6555225d6c299a1df3203c1249435eab2d5c5bba926cbbac17e06ccb8d,52,WETH,0x0bd7d308f8e1639fab988df18a8011f41eacad73,0xa633c73658857d5241fe21d43f854a82e2d0592c,0x0000000000000000000000000000000000000000,0.004201866294389147
0xe45e9e6555225d6c299a1df3203c1249435eab2d5c5bba926cbbac17e06ccb8d,53,USDG,0x5fc5360d0400a0fd4f2af552add042d716f1d168,0xa633c73658857d5241fe21d43f854a82e2d0592c,0x95f71ca6a0807de9c32f84d4d41ea32915a77665,8.004376
0xe45e9e6555225d6c299a1df3203c1249435eab2d5c5bba926cbbac17e06ccb8d,54,USDG,0x5fc5360d0400a0fd4f2af552add042d716f1d168,0x95f71ca6a0807de9c32f84d4d41ea32915a77665,0xa633c73658857d5241fe21d43f854a82e2d0592c,8.004376
0xe45e9e6555225d6c299a1df3203c1249435eab2d5c5bba926cbbac17e06ccb8d,56,WETH,0x0bd7d308f8e1639fab988df18a8011f41eacad73,0x8366a39cc670b4001a1121b8f6a443a643e40951,0x95f71ca6a0807de9c32f84d4d41ea32915a77665,0.004280454241215253
0xe45e9e6555225d6c299a1df3203c1249435eab2d5c5bba926cbbac17e06ccb8d,57,USDG,0x5fc5360d0400a0fd4f2af552add042d716f1d168,0xa633c73658857d5241fe21d43f854a82e2d0592c,0x8366a39cc670b4001a1121b8f6a443a643e40951,8.004376
0xe45e9e6555225d6c299a1df3203c1249435eab2d5c5bba926cbbac17e06ccb8d,58,WETH,0x0bd7d308f8e1639fab988df18a8011f41eacad73,0x95f71ca6a0807de9c32f84d4d41ea32915a77665,0x0000000000000000000000000000000000000000,0.004201866294389147
0xe45e9e6555225d6c299a1df3203c1249435eab2d5c5bba926cbbac17e06ccb8d,59,WETH,0x0bd7d308f8e1639fab988df18a8011f41eacad73,0x95f71ca6a0807de9c32f84d4d41ea32915a77665,0x33eabd63853e74ff70d8b89982dfb5bc3eb0a189,0.000078587946826106
0xdfef287a4a46121ca8bce8e9dc1052af434cced44422621119ed86088c727c21,26,FIRE,0x43eea882b845a8493152ebc55cf30ae9281b02d5,0x353a3cbaceb6e95ceb503e21d19a903a29806e14,0xb92fe925dc43a0ecde6c8b1a2709c170ec4fff4f,9346.3422642319
0xdfef287a4a46121ca8bce8e9dc1052af434cced44422621119ed86088c727c21,32,USDG,0x5fc5360d0400a0fd4f2af552add042d716f1d168,0x8366a39cc670b4001a1121b8f6a443a643e40951,0xb92fe925dc43a0ecde6c8b1a2709c170ec4fff4f,3.951908
0xdfef287a4a46121ca8bce8e9dc1052af434cced44422621119ed86088c727c21,33,FIRE,0x43eea882b845a8493152ebc55cf30ae9281b02d5,0xb92fe925dc43a0ecde6c8b1a2709c170ec4fff4f,0x8366a39cc670b4001a1121b8f6a443a643e40951,9346.3422642319
0xdfef287a4a46121ca8bce8e9dc1052af434cced44422621119ed86088c727c21,38,USDG,0x5fc5360d0400a0fd4f2af552add042d716f1d168,0xb92fe925dc43a0ecde6c8b1a2709c170ec4fff4f,0x4cd00e387622c35bddb9b4c962c136462338bc31,3.951908
0x8833948f0f6bc8398085162f19834336a3dc0abdca62c38ba0270525dba04c61,4,WETH,0x0bd7d308f8e1639fab988df18a8011f41eacad73,0x0000000000000000000000000000000000000000,0x95f71ca6a0807de9c32f84d4d41ea32915a77665,0.004459995467569939
0x8833948f0f6bc8398085162f19834336a3dc0abdca62c38ba0270525dba04c61,5,WETH,0x0bd7d308f8e1639fab988df18a8011f41eacad73,0x95f71ca6a0807de9c32f84d4d41ea32915a77665,0xa633c73658857d5241fe21d43f854a82e2d0592c,0.004459995467569939
0x8833948f0f6bc8398085162f19834336a3dc0abdca62c38ba0270525dba04c61,9,USDG,0x5fc5360d0400a0fd4f2af552add042d716f1d168,0x8366a39cc670b4001a1121b8f6a443a643e40951,0xa633c73658857d5241fe21d43f854a82e2d0592c,8.830009
0x8833948f0f6bc8398085162f19834336a3dc0abdca62c38ba0270525dba04c61,10,WETH,0x0bd7d308f8e1639fab988df18a8011f41eacad73,0xa633c73658857d5241fe21d43f854a82e2d0592c,0x0000000000000000000000000000000000000000,0.004459995467569939
0x8833948f0f6bc8398085162f19834336a3dc0abdca62c38ba0270525dba04c61,11,USDG,0x5fc5360d0400a0fd4f2af552add042d716f1d168,0xa633c73658857d5241fe21d43f854a82e2d0592c,0x95f71ca6a0807de9c32f84d4d41ea32915a77665,8.830009
0x8833948f0f6bc8398085162f19834336a3dc0abdca62c38ba0270525dba04c61,12,USDG,0x5fc5360d0400a0fd4f2af552add042d716f1d168,0x95f71ca6a0807de9c32f84d4d41ea32915a77665,0xa633c73658857d5241fe21d43f854a82e2d0592c,8.830009
0x8833948f0f6bc8398085162f19834336a3dc0abdca62c38ba0270525dba04c61,14,WETH,0x0bd7d308f8e1639fab988df18a8011f41eacad73,0x8366a39cc670b4001a1121b8f6a443a643e40951,0x95f71ca6a0807de9c32f84d4d41ea32915a77665,0.004544521708769672
0x8833948f0f6bc8398085162f19834336a3dc0abdca62c38ba0270525dba04c61,15,USDG,0x5fc5360d0400a0fd4f2af552add042d716f1d168,0xa633c73658857d5241fe21d43f854a82e2d0592c,0x8366a39cc670b4001a1121b8f6a443a643e40951,8.830009
0x8833948f0f6bc8398085162f19834336a3dc0abdca62c38ba0270525dba04c61,16,WETH,0x0bd7d308f8e1639fab988df18a8011f41eacad73,0x95f71ca6a0807de9c32f84d4d41ea32915a77665,0x0000000000000000000000000000000000000000,0.004459995467569939
0x8833948f0f6bc8398085162f19834336a3dc0abdca62c38ba0270525dba04c61,17,WETH,0x0bd7d308f8e1639fab988df18a8011f41eacad73,0x95f71ca6a0807de9c32f84d4d41ea32915a77665,0x33eabd63853e74ff70d8b89982dfb5bc3eb0a189,0.000084526241199733
0x21a046825df41f82a72ba52a52a2be46f7a609f56f8bad6d11fc9a7b41683aa8,91,TA,0x30db03a051205ccbeb1b6524ddf87fbc6c0127bc,0x8366a39cc670b4001a1121b8f6a443a643e40951,0x000000000022b747bc1057d9497efe6d1c69296f,15551.043937082532719796
0x21a046825df41f82a72ba52a52a2be46f7a609f56f8bad6d11fc9a7b41683aa8,92,WETH,0x0bd7d308f8e1639fab988df18a8011f41eacad73,0x9b64026574395b1cfaa68458761b9f492a266be6,0x000000000022b747bc1057d9497efe6d1c69296f,0.003516326505086426
0x21a046825df41f82a72ba52a52a2be46f7a609f56f8bad6d11fc9a7b41683aa8,93,TA,0x30db03a051205ccbeb1b6524ddf87fbc6c0127bc,0x000000000022b747bc1057d9497efe6d1c69296f,0x9b64026574395b1cfaa68458761b9f492a266be6,15551.043937082532719796
0x21a046825df41f82a72ba52a52a2be46f7a609f56f8bad6d11fc9a7b41683aa8,95,WETH,0x0bd7d308f8e1639fab988df18a8011f41eacad73,0x000000000022b747bc1057d9497efe6d1c69296f,0x0000000000000000000000000000000000000000,0.003516326505086426
0x439a8d1caadc97c6755558c5a9956af17cce236c337859eae0ac2cf8a28de245,7,WETH,0x0bd7d308f8e1639fab988df18a8011f41eacad73,0x0000000000000000000000000000000000000000,0x95f71ca6a0807de9c32f84d4d41ea32915a77665,0.005103029775436223
0x439a8d1caadc97c6755558c5a9956af17cce236c337859eae0ac2cf8a28de245,8,WETH,0x0bd7d308f8e1639fab988df18a8011f41eacad73,0x95f71ca6a0807de9c32f84d4d41ea32915a77665,0xa633c73658857d5241fe21d43f854a82e2d0592c,0.005103029775436223
0x439a8d1caadc97c6755558c5a9956af17cce236c337859eae0ac2cf8a28de245,12,USDG,0x5fc5360d0400a0fd4f2af552add042d716f1d168,0x8366a39cc670b4001a1121b8f6a443a643e40951,0x95f71ca6a0807de9c32f84d4d41ea32915a77665,10.056027
0x439a8d1caadc97c6755558c5a9956af17cce236c337859eae0ac2cf8a28de245,13,WETH,0x0bd7d308f8e1639fab988df18a8011f41eacad73,0xa633c73658857d5241fe21d43f854a82e2d0592c,0x0000000000000000000000000000000000000000,0.005103029775436223
0x439a8d1caadc97c6755558c5a9956af17cce236c337859eae0ac2cf8a28de245,14,WETH,0x0bd7d308f8e1639fab988df18a8011f41eacad73,0x52e65b17fb6e5ba00ed806f37afcd2daa50271ca,0x95f71ca6a0807de9c32f84d4d41ea32915a77665,0.005244871940103853
0x439a8d1caadc97c6755558c5a9956af17cce236c337859eae0ac2cf8a28de245,15,USDG,0x5fc5360d0400a0fd4f2af552add042d716f1d168,0x95f71ca6a0807de9c32f84d4d41ea32915a77665,0x52e65b17fb6e5ba00ed806f37afcd2daa50271ca,10.056027
0x439a8d1caadc97c6755558c5a9956af17cce236c337859eae0ac2cf8a28de245,17,WETH,0x0bd7d308f8e1639fab988df18a8011f41eacad73,0x95f71ca6a0807de9c32f84d4d41ea32915a77665,0x0000000000000000000000000000000000000000,0.005103029775436223
0x439a8d1caadc97c6755558c5a9956af17cce236c337859eae0ac2cf8a28de245,18,WETH,0x0bd7d308f8e1639fab988df18a8011f41eacad73,0x95f71ca6a0807de9c32f84d4d41ea32915a77665,0x33eabd63853e74ff70d8b89982dfb5bc3eb0a189,0.00014184216466763
0x88de39808ac0335c509d0a853382fef16634d9d4d5d185b468ecb158982d60a8,16,FIRE,0x43eea882b845a8493152ebc55cf30ae9281b02d5,0x7a09760387b078c9e255467c8c5620e25f8a16af,0xb92fe925dc43a0ecde6c8b1a2709c170ec4fff4f,11832.3889739029
0x88de39808ac0335c509d0a853382fef16634d9d4d5d185b468ecb158982d60a8,21,USDG,0x5fc5360d0400a0fd4f2af552add042d716f1d168,0x8366a39cc670b4001a1121b8f6a443a643e40951,0xb92fe925dc43a0ecde6c8b1a2709c170ec4fff4f,5.938436
0x88de39808ac0335c509d0a853382fef16634d9d4d5d185b468ecb158982d60a8,22,FIRE,0x43eea882b845a8493152ebc55cf30ae9281b02d5,0xb92fe925dc43a0ecde6c8b1a2709c170ec4fff4f,0x8366a39cc670b4001a1121b8f6a443a643e40951,11832.3889739029
0x88de39808ac0335c509d0a853382fef16634d9d4d5d185b468ecb158982d60a8,27,USDG,0x5fc5360d0400a0fd4f2af552add042d716f1d168,0xb92fe925dc43a0ecde6c8b1a2709c170ec4fff4f,0x4cd00e387622c35bddb9b4c962c136462338bc31,5.938436
0x7ff8e745d14ac0f798fe449114c5cd5dd58790df090b415c407e6218f7b0d407,15,FIRE,0x43eea882b845a8493152ebc55cf30ae9281b02d5,0xb1cc9e0cd3d51a582b7bd66049aee8854fdba408,0xb92fe925dc43a0ecde6c8b1a2709c170ec4fff4f,59078.6163482397
0x7ff8e745d14ac0f798fe449114c5cd5dd58790df090b415c407e6218f7b0d407,19,FIRE,0x43eea882b845a8493152ebc55cf30ae9281b02d5,0xb92fe925dc43a0ecde6c8b1a2709c170ec4fff4f,0x39b38686a19836ac10162c490e4558e120cbbe5f,59078.6163482397
0x7ff8e745d14ac0f798fe449114c5cd5dd58790df090b415c407e6218f7b0d407,22,USDG,0x5fc5360d0400a0fd4f2af552add042d716f1d168,0x8366a39cc670b4001a1121b8f6a443a643e40951,0x39b38686a19836ac10162c490e4558e120cbbe5f,5.425599
0x7ff8e745d14ac0f798fe449114c5cd5dd58790df090b415c407e6218f7b0d407,23,FIRE,0x43eea882b845a8493152ebc55cf30ae9281b02d5,0x39b38686a19836ac10162c490e4558e120cbbe5f,0x8366a39cc670b4001a1121b8f6a443a643e40951,14769.654087059925
0x7ff8e745d14ac0f798fe449114c5cd5dd58790df090b415c407e6218f7b0d407,26,USDG,0x5fc5360d0400a0fd4f2af552add042d716f1d168,0x8366a39cc670b4001a1121b8f6a443a643e40951,0x39b38686a19836ac10162c490e4558e120cbbe5f,6.396154
0x7ff8e745d14ac0f798fe449114c5cd5dd58790df090b415c407e6218f7b0d407,27,FIRE,0x43eea882b845a8493152ebc55cf30ae9281b02d5,0x39b38686a19836ac10162c490e4558e120cbbe5f,0x8366a39cc670b4001a1121b8f6a443a643e40951,17723.58490447191
0x7ff8e745d14ac0f798fe449114c5cd5dd58790df090b415c407e6218f7b0d407,31,USDG,0x5fc5360d0400a0fd4f2af552add042d716f1d168,0x8366a39cc670b4001a1121b8f6a443a643e40951,0x39b38686a19836ac10162c490e4558e120cbbe5f,9.567252
0x7ff8e745d14ac0f798fe449114c5cd5dd58790df090b415c407e6218f7b0d407,32,FIRE,0x43eea882b845a8493152ebc55cf30ae9281b02d5,0x39b38686a19836ac10162c490e4558e120cbbe5f,0x8366a39cc670b4001a1121b8f6a443a643e40951,26585.377356707865
0x7ff8e745d14ac0f798fe449114c5cd5dd58790df090b415c407e6218f7b0d407,35,USDG,0x5fc5360d0400a0fd4f2af552add042d716f1d168,0x39b38686a19836ac10162c490e4558e120cbbe5f,0xb92fe925dc43a0ecde6c8b1a2709c170ec4fff4f,21.389005
0x7ff8e745d14ac0f798fe449114c5cd5dd58790df090b415c407e6218f7b0d407,38,USDG,0x5fc5360d0400a0fd4f2af552add042d716f1d168,0xb92fe925dc43a0ecde6c8b1a2709c170ec4fff4f,0x4cd00e387622c35bddb9b4c962c136462338bc31,21.389005
0x82e9fb85e0fe84038419385fb8efea6eab1d9ede1c43d35bc5e1651ae5eb7307,4,WETH,0x0bd7d308f8e1639fab988df18a8011f41eacad73,0x0000000000000000000000000000000000000000,0x95f71ca6a0807de9c32f84d4d41ea32915a77665,0.006884973919565276
0x82e9fb85e0fe84038419385fb8efea6eab1d9ede1c43d35bc5e1651ae5eb7307,5,WETH,0x0bd7d308f8e1639fab988df18a8011f41eacad73,0x95f71ca6a0807de9c32f84d4d41ea32915a77665,0xa633c73658857d5241fe21d43f854a82e2d0592c,0.006884973919565276
0x82e9fb85e0fe84038419385fb8efea6eab1d9ede1c43d35bc5e1651ae5eb7307,9,USDG,0x5fc5360d0400a0fd4f2af552add042d716f1d168,0x8366a39cc670b4001a1121b8f6a443a643e40951,0xa633c73658857d5241fe21d43f854a82e2d0592c,13.883078
0x82e9fb85e0fe84038419385fb8efea6eab1d9ede1c43d35bc5e1651ae5eb7307,10,WETH,0x0bd7d308f8e1639fab988df18a8011f41eacad73,0xa633c73658857d5241fe21d43f854a82e2d0592c,0x0000000000000000000000000000000000000000,0.006884973919565276
0x82e9fb85e0fe84038419385fb8efea6eab1d9ede1c43d35bc5e1651ae5eb7307,11,USDG,0x5fc5360d0400a0fd4f2af552add042d716f1d168,0xa633c73658857d5241fe21d43f854a82e2d0592c,0x95f71ca6a0807de9c32f84d4d41ea32915a77665,13.883078
0x82e9fb85e0fe84038419385fb8efea6eab1d9ede1c43d35bc5e1651ae5eb7307,12,USDG,0x5fc5360d0400a0fd4f2af552add042d716f1d168,0x95f71ca6a0807de9c32f84d4d41ea32915a77665,0xa633c73658857d5241fe21d43f854a82e2d0592c,13.883078
0x82e9fb85e0fe84038419385fb8efea6eab1d9ede1c43d35bc5e1651ae5eb7307,14,VIRTUAL,0xc6911796042b15d7fa4f6cde69e245ddcd3d9c31,0x8366a39cc670b4001a1121b8f6a443a643e40951,0x95f71ca6a0807de9c32f84d4d41ea32915a77665,24.221543677782692253
0x82e9fb85e0fe84038419385fb8efea6eab1d9ede1c43d35bc5e1651ae5eb7307,15,USDG,0x5fc5360d0400a0fd4f2af552add042d716f1d168,0xa633c73658857d5241fe21d43f854a82e2d0592c,0x8366a39cc670b4001a1121b8f6a443a643e40951,13.883078
0x82e9fb85e0fe84038419385fb8efea6eab1d9ede1c43d35bc5e1651ae5eb7307,16,WETH,0x0bd7d308f8e1639fab988df18a8011f41eacad73,0x851d1b0342d2257a4172826b68221d2366c1c6b5,0x95f71ca6a0807de9c32f84d4d41ea32915a77665,0.007216327017939109
0x82e9fb85e0fe84038419385fb8efea6eab1d9ede1c43d35bc5e1651ae5eb7307,17,VIRTUAL,0xc6911796042b15d7fa4f6cde69e245ddcd3d9c31,0x95f71ca6a0807de9c32f84d4d41ea32915a77665,0x851d1b0342d2257a4172826b68221d2366c1c6b5,24.221543677782692253
0x82e9fb85e0fe84038419385fb8efea6eab1d9ede1c43d35bc5e1651ae5eb7307,19,WETH,0x0bd7d308f8e1639fab988df18a8011f41eacad73,0x95f71ca6a0807de9c32f84d4d41ea32915a77665,0x0000000000000000000000000000000000000000,0.006884973919565276
0x82e9fb85e0fe84038419385fb8efea6eab1d9ede1c43d35bc5e1651ae5eb7307,20,WETH,0x0bd7d308f8e1639fab988df18a8011f41eacad73,0x95f71ca6a0807de9c32f84d4d41ea32915a77665,0x33eabd63853e74ff70d8b89982dfb5bc3eb0a189,0.000331353098373833
0x0511e8f74be617b6f6316f68a3bace2e6251428250b299f0da008ad606391890,0,WETH,0x0bd7d308f8e1639fab988df18a8011f41eacad73,0x8366a39cc670b4001a1121b8f6a443a643e40951,0x7702e2e6b53114a037c45a89f855b52721a1c755,0.001287233445897569
0x0511e8f74be617b6f6316f68a3bace2e6251428250b299f0da008ad606391890,3,FIRE,0x43eea882b845a8493152ebc55cf30ae9281b02d5,0x8366a39cc670b4001a1121b8f6a443a643e40951,0x7702e2e6b53114a037c45a89f855b52721a1c755,8452.711712134042363287
0x0511e8f74be617b6f6316f68a3bace2e6251428250b299f0da008ad606391890,4,WETH,0x0bd7d308f8e1639fab988df18a8011f41eacad73,0x7702e2e6b53114a037c45a89f855b52721a1c755,0x0000000000000000000000000000000000000000,0.001287233445897569
0x0511e8f74be617b6f6316f68a3bace2e6251428250b299f0da008ad606391890,6,USDG,0x5fc5360d0400a0fd4f2af552add042d716f1d168,0x8366a39cc670b4001a1121b8f6a443a643e40951,0x7702e2e6b53114a037c45a89f855b52721a1c755,2.530893
0x0511e8f74be617b6f6316f68a3bace2e6251428250b299f0da008ad606391890,7,FIRE,0x43eea882b845a8493152ebc55cf30ae9281b02d5,0x7702e2e6b53114a037c45a89f855b52721a1c755,0x8366a39cc670b4001a1121b8f6a443a643e40951,8452.711712134042363287
0x0511e8f74be617b6f6316f68a3bace2e6251428250b299f0da008ad606391890,11,WETH,0x0bd7d308f8e1639fab988df18a8011f41eacad73,0x8366a39cc670b4001a1121b8f6a443a643e40951,0x7702e2e6b53114a037c45a89f855b52721a1c755,0.001323738501686554
0x0511e8f74be617b6f6316f68a3bace2e6251428250b299f0da008ad606391890,12,USDG,0x5fc5360d0400a0fd4f2af552add042d716f1d168,0x7702e2e6b53114a037c45a89f855b52721a1c755,0x8366a39cc670b4001a1121b8f6a443a643e40951,2.530893
0x0511e8f74be617b6f6316f68a3bace2e6251428250b299f0da008ad606391890,13,WETH,0x0bd7d308f8e1639fab988df18a8011f41eacad73,0x7702e2e6b53114a037c45a89f855b52721a1c755,0x8366a39cc670b4001a1121b8f6a443a643e40951,0.001287233445897569
0x0511e8f74be617b6f6316f68a3bace2e6251428250b299f0da008ad606391890,14,WETH,0x0bd7d308f8e1639fab988df18a8011f41eacad73,0x7702e2e6b53114a037c45a89f855b52721a1c755,0x0000000000000000000000000000000000000000,0.000036505055788985
0x3df7ca6c08a92c68215340262df17a020dead9ac6ca3cb6297ae4079dad8f39b,15,WETH,0x0bd7d308f8e1639fab988df18a8011f41eacad73,0x0000000000000000000000000000000000000000,0x95f71ca6a0807de9c32f84d4d41ea32915a77665,0.013529314451700828
0x3df7ca6c08a92c68215340262df17a020dead9ac6ca3cb6297ae4079dad8f39b,16,WETH,0x0bd7d308f8e1639fab988df18a8011f41eacad73,0x95f71ca6a0807de9c32f84d4d41ea32915a77665,0xa633c73658857d5241fe21d43f854a82e2d0592c,0.013529314451700828
0x3df7ca6c08a92c68215340262df17a020dead9ac6ca3cb6297ae4079dad8f39b,20,USDG,0x5fc5360d0400a0fd4f2af552add042d716f1d168,0x8366a39cc670b4001a1121b8f6a443a643e40951,0xa633c73658857d5241fe21d43f854a82e2d0592c,29.259643
0x3df7ca6c08a92c68215340262df17a020dead9ac6ca3cb6297ae4079dad8f39b,21,WETH,0x0bd7d308f8e1639fab988df18a8011f41eacad73,0xa633c73658857d5241fe21d43f854a82e2d0592c,0x0000000000000000000000000000000000000000,0.013529314451700828
0x3df7ca6c08a92c68215340262df17a020dead9ac6ca3cb6297ae4079dad8f39b,22,USDG,0x5fc5360d0400a0fd4f2af552add042d716f1d168,0xa633c73658857d5241fe21d43f854a82e2d0592c,0x95f71ca6a0807de9c32f84d4d41ea32915a77665,29.259643
0x3df7ca6c08a92c68215340262df17a020dead9ac6ca3cb6297ae4079dad8f39b,23,USDG,0x5fc5360d0400a0fd4f2af552add042d716f1d168,0x95f71ca6a0807de9c32f84d4d41ea32915a77665,0xa633c73658857d5241fe21d43f854a82e2d0592c,29.259643
0x3df7ca6c08a92c68215340262df17a020dead9ac6ca3cb6297ae4079dad8f39b,25,WETH,0x0bd7d308f8e1639fab988df18a8011f41eacad73,0x8366a39cc670b4001a1121b8f6a443a643e40951,0x95f71ca6a0807de9c32f84d4d41ea32915a77665,0.01529361058481241
0x3df7ca6c08a92c68215340262df17a020dead9ac6ca3cb6297ae4079dad8f39b,26,USDG,0x5fc5360d0400a0fd4f2af552add042d716f1d168,0xa633c73658857d5241fe21d43f854a82e2d0592c,0x8366a39cc670b4001a1121b8f6a443a643e40951,29.259643
0x3df7ca6c08a92c68215340262df17a020dead9ac6ca3cb6297ae4079dad8f39b,27,WETH,0x0bd7d308f8e1639fab988df18a8011f41eacad73,0x95f71ca6a0807de9c32f84d4d41ea32915a77665,0x0000000000000000000000000000000000000000,0.013529314451700828
0x3df7ca6c08a92c68215340262df17a020dead9ac6ca3cb6297ae4079dad8f39b,28,WETH,0x0bd7d308f8e1639fab988df18a8011f41eacad73,0x95f71ca6a0807de9c32f84d4d41ea32915a77665,0x33eabd63853e74ff70d8b89982dfb5bc3eb0a189,0.001764296133111582
0xf355b30f08d7ee8cd63ed6c9e71b47d7f36a5fee2a6e7612f3aefd47af646864,13,WETH,0x0bd7d308f8e1639fab988df18a8011f41eacad73,0x0000000000000000000000000000000000000000,0x95f71ca6a0807de9c32f84d4d41ea32915a77665,0.004091350942907115
0xf355b30f08d7ee8cd63ed6c9e71b47d7f36a5fee2a6e7612f3aefd47af646864,14,WETH,0x0bd7d308f8e1639fab988df18a8011f41eacad73,0x95f71ca6a0807de9c32f84d4d41ea32915a77665,0xa633c73658857d5241fe21d43f854a82e2d0592c,0.004091350942907115
0xf355b30f08d7ee8cd63ed6c9e71b47d7f36a5fee2a6e7612f3aefd47af646864,18,USDG,0x5fc5360d0400a0fd4f2af552add042d716f1d168,0x8366a39cc670b4001a1121b8f6a443a643e40951,0xa633c73658857d5241fe21d43f854a82e2d0592c,8.048668
0xf355b30f08d7ee8cd63ed6c9e71b47d7f36a5fee2a6e7612f3aefd47af646864,19,WETH,0x0bd7d308f8e1639fab988df18a8011f41eacad73,0xa633c73658857d5241fe21d43f854a82e2d0592c,0x0000000000000000000000000000000000000000,0.004091350942907115
0xf355b30f08d7ee8cd63ed6c9e71b47d7f36a5fee2a6e7612f3aefd47af646864,20,USDG,0x5fc5360d0400a0fd4f2af552add042d716f1d168,0xa633c73658857d5241fe21d43f854a82e2d0592c,0x95f71ca6a0807de9c32f84d4d41ea32915a77665,8.048668
0xf355b30f08d7ee8cd63ed6c9e71b47d7f36a5fee2a6e7612f3aefd47af646864,21,USDG,0x5fc5360d0400a0fd4f2af552add042d716f1d168,0x95f71ca6a0807de9c32f84d4d41ea32915a77665,0xa633c73658857d5241fe21d43f854a82e2d0592c,8.048668
0xf355b30f08d7ee8cd63ed6c9e71b47d7f36a5fee2a6e7612f3aefd47af646864,23,WETH,0x0bd7d308f8e1639fab988df18a8011f41eacad73,0x8366a39cc670b4001a1121b8f6a443a643e40951,0x95f71ca6a0807de9c32f84d4d41ea32915a77665,0.004210617290756016
0xf355b30f08d7ee8cd63ed6c9e71b47d7f36a5fee2a6e7612f3aefd47af646864,24,USDG,0x5fc5360d0400a0fd4f2af552add042d716f1d168,0xa633c73658857d5241fe21d43f854a82e2d0592c,0x8366a39cc670b4001a1121b8f6a443a643e40951,8.048668
0xf355b30f08d7ee8cd63ed6c9e71b47d7f36a5fee2a6e7612f3aefd47af646864,25,WETH,0x0bd7d308f8e1639fab988df18a8011f41eacad73,0x95f71ca6a0807de9c32f84d4d41ea32915a77665,0x0000000000000000000000000000000000000000,0.004091350942907115
0xf355b30f08d7ee8cd63ed6c9e71b47d7f36a5fee2a6e7612f3aefd47af646864,26,WETH,0x0bd7d308f8e1639fab988df18a8011f41eacad73,0x95f71ca6a0807de9c32f84d4d41ea32915a77665,0x33eabd63853e74ff70d8b89982dfb5bc3eb0a189,0.000119266347848901
0x20a5232eb7c5d688b2ec7815e59c6428c7c7c76f1ef6c0101e2f6fc272cb6886,9,FIRE,0x43eea882b845a8493152ebc55cf30ae9281b02d5,0xa6580ce630320e9e88a32ec5a6fbe154252dd09e,0xb92fe925dc43a0ecde6c8b1a2709c170ec4fff4f,80411.152599781758990138
0x20a5232eb7c5d688b2ec7815e59c6428c7c7c76f1ef6c0101e2f6fc272cb6886,14,FIRE,0x43eea882b845a8493152ebc55cf30ae9281b02d5,0xb92fe925dc43a0ecde6c8b1a2709c170ec4fff4f,0x39b38686a19836ac10162c490e4558e120cbbe5f,80411.152599781758990138
0x20a5232eb7c5d688b2ec7815e59c6428c7c7c76f1ef6c0101e2f6fc272cb6886,17,USDG,0x5fc5360d0400a0fd4f2af552add042d716f1d168,0x8366a39cc670b4001a1121b8f6a443a643e40951,0x39b38686a19836ac10162c490e4558e120cbbe5f,2.944523
0x20a5232eb7c5d688b2ec7815e59c6428c7c7c76f1ef6c0101e2f6fc272cb6886,18,FIRE,0x43eea882b845a8493152ebc55cf30ae9281b02d5,0x39b38686a19836ac10162c490e4558e120cbbe5f,0x8366a39cc670b4001a1121b8f6a443a643e40951,14071.951704961807823274
0x20a5232eb7c5d688b2ec7815e59c6428c7c7c76f1ef6c0101e2f6fc272cb6886,21,USDG,0x5fc5360d0400a0fd4f2af552add042d716f1d168,0x8366a39cc670b4001a1121b8f6a443a643e40951,0x39b38686a19836ac10162c490e4558e120cbbe5f,3.66122
0x20a5232eb7c5d688b2ec7815e59c6428c7c7c76f1ef6c0101e2f6fc272cb6886,22,FIRE,0x43eea882b845a8493152ebc55cf30ae9281b02d5,0x39b38686a19836ac10162c490e4558e120cbbe5f,0x8366a39cc670b4001a1121b8f6a443a643e40951,18090.700084017400683203
0x20a5232eb7c5d688b2ec7815e59c6428c7c7c76f1ef6c0101e2f6fc272cb6886,25,USDG,0x5fc5360d0400a0fd4f2af552add042d716f1d168,0x8366a39cc670b4001a1121b8f6a443a643e40951,0x39b38686a19836ac10162c490e4558e120cbbe5f,2.847275
0x20a5232eb7c5d688b2ec7815e59c6428c7c7c76f1ef6c0101e2f6fc272cb6886,26,FIRE,0x43eea882b845a8493152ebc55cf30ae9281b02d5,0x39b38686a19836ac10162c490e4558e120cbbe5f,0x8366a39cc670b4001a1121b8f6a443a643e40951,14069.262836430023721035
0x20a5232eb7c5d688b2ec7815e59c6428c7c7c76f1ef6c0101e2f6fc272cb6886,30,USDG,0x5fc5360d0400a0fd4f2af552add042d716f1d168,0x8366a39cc670b4001a1121b8f6a443a643e40951,0x39b38686a19836ac10162c490e4558e120cbbe5f,6.874319
0x20a5232eb7c5d688b2ec7815e59c6428c7c7c76f1ef6c0101e2f6fc272cb6886,31,FIRE,0x43eea882b845a8493152ebc55cf30ae9281b02d5,0x39b38686a19836ac10162c490e4558e120cbbe5f,0x8366a39cc670b4001a1121b8f6a443a643e40951,34179.237974372526762626
0x20a5232eb7c5d688b2ec7815e59c6428c7c7c76f1ef6c0101e2f6fc272cb6886,34,USDG,0x5fc5360d0400a0fd4f2af552add042d716f1d168,0x39b38686a19836ac10162c490e4558e120cbbe5f,0xb92fe925dc43a0ecde6c8b1a2709c170ec4fff4f,16.327337
0x20a5232eb7c5d688b2ec7815e59c6428c7c7c76f1ef6c0101e2f6fc272cb6886,37,USDG,0x5fc5360d0400a0fd4f2af552add042d716f1d168,0xb92fe925dc43a0ecde6c8b1a2709c170ec4fff4f,0x4cd00e387622c35bddb9b4c962c136462338bc31,16.327337
0xce217e230ea8bf23bb747e65eae65fad8e9c8b7365f7e18b22584b5581a13ddc,21,FIRE,0x43eea882b845a8493152ebc55cf30ae9281b02d5,0xa6935eecdc353b080a22dfecd744f400ce5480d6,0x53bf6b0684ec7ef91e1387da3d1a1769bc5a6f77,23582.304766955243412169
0xce217e230ea8bf23bb747e65eae65fad8e9c8b7365f7e18b22584b5581a13ddc,23,FIRE,0x43eea882b845a8493152ebc55cf30ae9281b02d5,0x53bf6b0684ec7ef91e1387da3d1a1769bc5a6f77,0x8366a39cc670b4001a1121b8f6a443a643e40951,23582.304766955243412169
0xce217e230ea8bf23bb747e65eae65fad8e9c8b7365f7e18b22584b5581a13ddc,26,USDG,0x5fc5360d0400a0fd4f2af552add042d716f1d168,0x8366a39cc670b4001a1121b8f6a443a643e40951,0x53bf6b0684ec7ef91e1387da3d1a1769bc5a6f77,4.481891
0xce217e230ea8bf23bb747e65eae65fad8e9c8b7365f7e18b22584b5581a13ddc,27,WETH,0x0bd7d308f8e1639fab988df18a8011f41eacad73,0x52e65b17fb6e5ba00ed806f37afcd2daa50271ca,0x53bf6b0684ec7ef91e1387da3d1a1769bc5a6f77,0.002334793876516485
0xce217e230ea8bf23bb747e65eae65fad8e9c8b7365f7e18b22584b5581a13ddc,28,USDG,0x5fc5360d0400a0fd4f2af552add042d716f1d168,0x53bf6b0684ec7ef91e1387da3d1a1769bc5a6f77,0x52e65b17fb6e5ba00ed806f37afcd2daa50271ca,4.481891
0xce217e230ea8bf23bb747e65eae65fad8e9c8b7365f7e18b22584b5581a13ddc,30,WETH,0x0bd7d308f8e1639fab988df18a8011f41eacad73,0x53bf6b0684ec7ef91e1387da3d1a1769bc5a6f77,0x0000000000000000000000000000000000000000,0.002334793876516485
0xe19feb6ec5b38f6e261edd23e9e514f9d5fc81c3c5b73d8b35e21a49330e61c4,1,FIRE,0x43eea882b845a8493152ebc55cf30ae9281b02d5,0xa6935eecdc353b080a22dfecd744f400ce5480d6,0x53bf6b0684ec7ef91e1387da3d1a1769bc5a6f77,233464.817192856909780475
0xe19feb6ec5b38f6e261edd23e9e514f9d5fc81c3c5b73d8b35e21a49330e61c4,3,FIRE,0x43eea882b845a8493152ebc55cf30ae9281b02d5,0x53bf6b0684ec7ef91e1387da3d1a1769bc5a6f77,0x8366a39cc670b4001a1121b8f6a443a643e40951,233464.817192856909780475
0xe19feb6ec5b38f6e261edd23e9e514f9d5fc81c3c5b73d8b35e21a49330e61c4,6,USDG,0x5fc5360d0400a0fd4f2af552add042d716f1d168,0x8366a39cc670b4001a1121b8f6a443a643e40951,0x53bf6b0684ec7ef91e1387da3d1a1769bc5a6f77,35.478862
0xe19feb6ec5b38f6e261edd23e9e514f9d5fc81c3c5b73d8b35e21a49330e61c4,7,WETH,0x0bd7d308f8e1639fab988df18a8011f41eacad73,0x52e65b17fb6e5ba00ed806f37afcd2daa50271ca,0x53bf6b0684ec7ef91e1387da3d1a1769bc5a6f77,0.018507489932889627
0xe19feb6ec5b38f6e261edd23e9e514f9d5fc81c3c5b73d8b35e21a49330e61c4,8,USDG,0x5fc5360d0400a0fd4f2af552add042d716f1d168,0x53bf6b0684ec7ef91e1387da3d1a1769bc5a6f77,0x52e65b17fb6e5ba00ed806f37afcd2daa50271ca,35.478862
0xe19feb6ec5b38f6e261edd23e9e514f9d5fc81c3c5b73d8b35e21a49330e61c4,10,WETH,0x0bd7d308f8e1639fab988df18a8011f41eacad73,0x53bf6b0684ec7ef91e1387da3d1a1769bc5a6f77,0x0000000000000000000000000000000000000000,0.018507489932889627
0x4a337d19f9cf01881a1d51987e9572d36d9f2e0380906e980a7af3d3ab3e2779,22,FIRE,0x43eea882b845a8493152ebc55cf30ae9281b02d5,0xdbc6d425abe504ad1ec037cc1ee55b3cf727b838,0x6aea160407e73658c6c546de727a7ef4cd73a1ad,28427.882377356127084567
0x4a337d19f9cf01881a1d51987e9572d36d9f2e0380906e980a7af3d3ab3e2779,25,USDG,0x5fc5360d0400a0fd4f2af552add042d716f1d168,0x8366a39cc670b4001a1121b8f6a443a643e40951,0x6aea160407e73658c6c546de727a7ef4cd73a1ad,0.662535
0x4a337d19f9cf01881a1d51987e9572d36d9f2e0380906e980a7af3d3ab3e2779,26,FIRE,0x43eea882b845a8493152ebc55cf30ae9281b02d5,0x6aea160407e73658c6c546de727a7ef4cd73a1ad,0x8366a39cc670b4001a1121b8f6a443a643e40951,4972.03662779958662709
0x4a337d19f9cf01881a1d51987e9572d36d9f2e0380906e980a7af3d3ab3e2779,29,USDG,0x5fc5360d0400a0fd4f2af552add042d716f1d168,0x8366a39cc670b4001a1121b8f6a443a643e40951,0x6aea160407e73658c6c546de727a7ef4cd73a1ad,0.820601
0x4a337d19f9cf01881a1d51987e9572d36d9f2e0380906e980a7af3d3ab3e2779,30,FIRE,0x43eea882b845a8493152ebc55cf30ae9281b02d5,0x6aea160407e73658c6c546de727a7ef4cd73a1ad,0x8366a39cc670b4001a1121b8f6a443a643e40951,5685.697009692505406892
0x4a337d19f9cf01881a1d51987e9572d36d9f2e0380906e980a7af3d3ab3e2779,33,USDG,0x5fc5360d0400a0fd4f2af552add042d716f1d168,0x8366a39cc670b4001a1121b8f6a443a643e40951,0x6aea160407e73658c6c546de727a7ef4cd73a1ad,2.545995
0x4a337d19f9cf01881a1d51987e9572d36d9f2e0380906e980a7af3d3ab3e2779,34,FIRE,0x43eea882b845a8493152ebc55cf30ae9281b02d5,0x6aea160407e73658c6c546de727a7ef4cd73a1ad,0x8366a39cc670b4001a1121b8f6a443a643e40951,17770.148739864035050585
0x4a337d19f9cf01881a1d51987e9572d36d9f2e0380906e980a7af3d3ab3e2779,37,USDG,0x5fc5360d0400a0fd4f2af552add042d716f1d168,0x6aea160407e73658c6c546de727a7ef4cd73a1ad,0xa587f16d1bfd7cfd082624a23e9e4420ae4fe5d0,4.029131
0x4a337d19f9cf01881a1d51987e9572d36d9f2e0380906e980a7af3d3ab3e2779,40,WETH,0x0bd7d308f8e1639fab988df18a8011f41eacad73,0xa587f16d1bfd7cfd082624a23e9e4420ae4fe5d0,0x6aea160407e73658c6c546de727a7ef4cd73a1ad,0.002103733160763888
0x4a337d19f9cf01881a1d51987e9572d36d9f2e0380906e980a7af3d3ab3e2779,41,JMKE,0x4f88eb67316d6131597a665f5711f1619e4739a6,0x178867bb735e0a9fe08b9e5b02e4de349e3978cc,0x6aea160407e73658c6c546de727a7ef4cd73a1ad,238173.144889467922553356
0x4a337d19f9cf01881a1d51987e9572d36d9f2e0380906e980a7af3d3ab3e2779,42,WETH,0x0bd7d308f8e1639fab988df18a8011f41eacad73,0x6aea160407e73658c6c546de727a7ef4cd73a1ad,0x178867bb735e0a9fe08b9e5b02e4de349e3978cc,0.002103733160763888
0x4a337d19f9cf01881a1d51987e9572d36d9f2e0380906e980a7af3d3ab3e2779,44,JMKE,0x4f88eb67316d6131597a665f5711f1619e4739a6,0x6aea160407e73658c6c546de727a7ef4cd73a1ad,0x38f5e5b4da37531a6e85161e337e0238bb27aa90,595.432862223669806383
0x4a337d19f9cf01881a1d51987e9572d36d9f2e0380906e980a7af3d3ab3e2779,45,JMKE,0x4f88eb67316d6131597a665f5711f1619e4739a6,0x6aea160407e73658c6c546de727a7ef4cd73a1ad,0xdbc6d425abe504ad1ec037cc1ee55b3cf727b838,237577.712027244252746973
0x68bd91ef9d9ae091304291a71043d271678d3d2e1b00bdefdfb851feb220fc31,6,FIRE,0x43eea882b845a8493152ebc55cf30ae9281b02d5,0xfbbb0d7a450686a18c2f4a31f0137070469491d4,0xa687b664662b96b180346d699a6d5b42e9b05d31,1420.994446281893190417
0x68bd91ef9d9ae091304291a71043d271678d3d2e1b00bdefdfb851feb220fc31,8,FIRE,0x43eea882b845a8493152ebc55cf30ae9281b02d5,0xa687b664662b96b180346d699a6d5b42e9b05d31,0x8366a39cc670b4001a1121b8f6a443a643e40951,1420.994446281893190417
0x68bd91ef9d9ae091304291a71043d271678d3d2e1b00bdefdfb851feb220fc31,12,USDG,0x5fc5360d0400a0fd4f2af552add042d716f1d168,0x8366a39cc670b4001a1121b8f6a443a643e40951,0xe58b3089df6667fbf99b75595a1671baf6797d6d,0.317607
0x68bd91ef9d9ae091304291a71043d271678d3d2e1b00bdefdfb851feb220fc31,13,USDG,0x5fc5360d0400a0fd4f2af552add042d716f1d168,0xe58b3089df6667fbf99b75595a1671baf6797d6d,0xa687b664662b96b180346d699a6d5b42e9b05d31,0.317607
0x68bd91ef9d9ae091304291a71043d271678d3d2e1b00bdefdfb851feb220fc31,14,USDG,0x5fc5360d0400a0fd4f2af552add042d716f1d168,0xa687b664662b96b180346d699a6d5b42e9b05d31,0x8366a39cc670b4001a1121b8f6a443a643e40951,0.317607
0x68bd91ef9d9ae091304291a71043d271678d3d2e1b00bdefdfb851feb220fc31,16,WETH,0x0bd7d308f8e1639fab988df18a8011f41eacad73,0x0000000000000000000000000000000000000000,0xa687b664662b96b180346d699a6d5b42e9b05d31,0.00016555767294739
0x68bd91ef9d9ae091304291a71043d271678d3d2e1b00bdefdfb851feb220fc31,17,WETH,0x0bd7d308f8e1639fab988df18a8011f41eacad73,0xa687b664662b96b180346d699a6d5b42e9b05d31,0xe58b3089df6667fbf99b75595a1671baf6797d6d,0.00016555767294739
0x68bd91ef9d9ae091304291a71043d271678d3d2e1b00bdefdfb851feb220fc31,18,WETH,0x0bd7d308f8e1639fab988df18a8011f41eacad73,0xe58b3089df6667fbf99b75595a1671baf6797d6d,0x5d796c6e479052db44ee6a45dd72e57c800a4c1b,0.00016555767294739
0x68bd91ef9d9ae091304291a71043d271678d3d2e1b00bdefdfb851feb220fc31,19,WETH,0x0bd7d308f8e1639fab988df18a8011f41eacad73,0x5d796c6e479052db44ee6a45dd72e57c800a4c1b,0x0000000000000000000000000000000000000000,0.00016555767294739
0xb17835f469d9f25404dce0399bc2151ee7aa0d094ef62dd10fe20ff3be07e35b,45,FIRE,0x43eea882b845a8493152ebc55cf30ae9281b02d5,0xe49193acd219557a150e35ccc2a66f89c42482e6,0xa687b664662b96b180346d699a6d5b42e9b05d31,503833.523048941691991737
0xb17835f469d9f25404dce0399bc2151ee7aa0d094ef62dd10fe20ff3be07e35b,47,FIRE,0x43eea882b845a8493152ebc55cf30ae9281b02d5,0xa687b664662b96b180346d699a6d5b42e9b05d31,0x8366a39cc670b4001a1121b8f6a443a643e40951,503833.523048941691991737
0xb17835f469d9f25404dce0399bc2151ee7aa0d094ef62dd10fe20ff3be07e35b,51,USDG,0x5fc5360d0400a0fd4f2af552add042d716f1d168,0x8366a39cc670b4001a1121b8f6a443a643e40951,0xe58b3089df6667fbf99b75595a1671baf6797d6d,46.835945
0xb17835f469d9f25404dce0399bc2151ee7aa0d094ef62dd10fe20ff3be07e35b,52,USDG,0x5fc5360d0400a0fd4f2af552add042d716f1d168,0xe58b3089df6667fbf99b75595a1671baf6797d6d,0x6ea08ca8f313d860808ef7431fc72c6fbcf4a72d,0.187343
0xb17835f469d9f25404dce0399bc2151ee7aa0d094ef62dd10fe20ff3be07e35b,54,USDG,0x5fc5360d0400a0fd4f2af552add042d716f1d168,0xe58b3089df6667fbf99b75595a1671baf6797d6d,0x30913329705559c9426db411bbda9fe1e8a85773,0.044494
0xb17835f469d9f25404dce0399bc2151ee7aa0d094ef62dd10fe20ff3be07e35b,56,USDG,0x5fc5360d0400a0fd4f2af552add042d716f1d168,0xe58b3089df6667fbf99b75595a1671baf6797d6d,0xe49193acd219557a150e35ccc2a66f89c42482e6,46.604108
0x459f4162d86a2f660bf457497426e6f3e26a696415209fc3ce2dd42e570b7887,7,USDG,0x5fc5360d0400a0fd4f2af552add042d716f1d168,0x8366a39cc670b4001a1121b8f6a443a643e40951,0x000000000022b747bc1057d9497efe6d1c69296f,3.790917
0x459f4162d86a2f660bf457497426e6f3e26a696415209fc3ce2dd42e570b7887,8,WETH,0x0bd7d308f8e1639fab988df18a8011f41eacad73,0x52e65b17fb6e5ba00ed806f37afcd2daa50271ca,0x000000000022b747bc1057d9497efe6d1c69296f,0.002032964592012571
0x459f4162d86a2f660bf457497426e6f3e26a696415209fc3ce2dd42e570b7887,9,USDG,0x5fc5360d0400a0fd4f2af552add042d716f1d168,0x000000000022b747bc1057d9497efe6d1c69296f,0x52e65b17fb6e5ba00ed806f37afcd2daa50271ca,3.790917
0x459f4162d86a2f660bf457497426e6f3e26a696415209fc3ce2dd42e570b7887,11,WETH,0x0bd7d308f8e1639fab988df18a8011f41eacad73,0x000000000022b747bc1057d9497efe6d1c69296f,0x0000000000000000000000000000000000000000,0.002032964592012571
0xcd5a6a7752daf94ef19ddf3ddd47d3c2ebccf65ae9bdd308f72e674c9015221f,28,FIRE,0x43eea882b845a8493152ebc55cf30ae9281b02d5,0x084dfa381fb739bc14d5dcca2c9466e62d712946,0xb92fe925dc43a0ecde6c8b1a2709c170ec4fff4f,9504.309031260407491361
0xcd5a6a7752daf94ef19ddf3ddd47d3c2ebccf65ae9bdd308f72e674c9015221f,33,FIRE,0x43eea882b845a8493152ebc55cf30ae9281b02d5,0xb92fe925dc43a0ecde6c8b1a2709c170ec4fff4f,0x8f10b468b06c6fd214b65f87778827f7d113f996,9504.309031260407491361
0xcd5a6a7752daf94ef19ddf3ddd47d3c2ebccf65ae9bdd308f72e674c9015221f,36,FIRE,0x43eea882b845a8493152ebc55cf30ae9281b02d5,0x8f10b468b06c6fd214b65f87778827f7d113f996,0x8366a39cc670b4001a1121b8f6a443a643e40951,9504.309031260407491361
0xcd5a6a7752daf94ef19ddf3ddd47d3c2ebccf65ae9bdd308f72e674c9015221f,39,USDG,0x5fc5360d0400a0fd4f2af552add042d716f1d168,0x8366a39cc670b4001a1121b8f6a443a643e40951,0x8f10b468b06c6fd214b65f87778827f7d113f996,2.874755
0xcd5a6a7752daf94ef19ddf3ddd47d3c2ebccf65ae9bdd308f72e674c9015221f,41,USDG,0x5fc5360d0400a0fd4f2af552add042d716f1d168,0x8f10b468b06c6fd214b65f87778827f7d113f996,0xb92fe925dc43a0ecde6c8b1a2709c170ec4fff4f,2.874755
0xcd5a6a7752daf94ef19ddf3ddd47d3c2ebccf65ae9bdd308f72e674c9015221f,47,USDG,0x5fc5360d0400a0fd4f2af552add042d716f1d168,0xb92fe925dc43a0ecde6c8b1a2709c170ec4fff4f,0x4cd00e387622c35bddb9b4c962c136462338bc31,2.874755
0x97e189b3bd86168a74800a7b7d0f5d91dd44c739639b08923307e24196da7154,12,USDG,0x5fc5360d0400a0fd4f2af552add042d716f1d168,0x8366a39cc670b4001a1121b8f6a443a643e40951,0x000000000022b747bc1057d9497efe6d1c69296f,4.210633
0x97e189b3bd86168a74800a7b7d0f5d91dd44c739639b08923307e24196da7154,13,USDG,0x5fc5360d0400a0fd4f2af552add042d716f1d168,0x000000000022b747bc1057d9497efe6d1c69296f,0x2f4579ca81717d3d61bf8b6f06571877bbe54a07,4.210633
0x97e189b3bd86168a74800a7b7d0f5d91dd44c739639b08923307e24196da7154,14,AAPL,0xaf3d76f1834a1d425780943c99ea8a608f8a93f9,0x2f4579ca81717d3d61bf8b6f06571877bbe54a07,0x000000000022b747bc1057d9497efe6d1c69296f,0.013690692336192759
0x97e189b3bd86168a74800a7b7d0f5d91dd44c739639b08923307e24196da7154,17,WETH,0x0bd7d308f8e1639fab988df18a8011f41eacad73,0x8bb3514e2204e1cdf3ac149efee7ff04d91b719f,0x000000000022b747bc1057d9497efe6d1c69296f,0.002254337407018707
0x97e189b3bd86168a74800a7b7d0f5d91dd44c739639b08923307e24196da7154,18,AAPL,0xaf3d76f1834a1d425780943c99ea8a608f8a93f9,0x000000000022b747bc1057d9497efe6d1c69296f,0x8bb3514e2204e1cdf3ac149efee7ff04d91b719f,0.013690692336192758
0x97e189b3bd86168a74800a7b7d0f5d91dd44c739639b08923307e24196da7154,20,AAPL,0xaf3d76f1834a1d425780943c99ea8a608f8a93f9,0x000000000022b747bc1057d9497efe6d1c69296f,0x0df9a8932b1ccacfcad3f1409431ebf8800f42e8,1E-18
0x97e189b3bd86168a74800a7b7d0f5d91dd44c739639b08923307e24196da7154,23,WETH,0x0bd7d308f8e1639fab988df18a8011f41eacad73,0x000000000022b747bc1057d9497efe6d1c69296f,0x0000000000000000000000000000000000000000,0.002254337407018707
0x05a0e773750f26abd85afafc95f9b3816572bbea348d0c11963810fcd7294387,68,WETH,0x0bd7d308f8e1639fab988df18a8011f41eacad73,0x0000000000000000000000000000000000000000,0x95f71ca6a0807de9c32f84d4d41ea32915a77665,0.006198279922496257
0x05a0e773750f26abd85afafc95f9b3816572bbea348d0c11963810fcd7294387,69,WETH,0x0bd7d308f8e1639fab988df18a8011f41eacad73,0x95f71ca6a0807de9c32f84d4d41ea32915a77665,0xa633c73658857d5241fe21d43f854a82e2d0592c,0.006198279922496257
0x05a0e773750f26abd85afafc95f9b3816572bbea348d0c11963810fcd7294387,73,USDG,0x5fc5360d0400a0fd4f2af552add042d716f1d168,0x8366a39cc670b4001a1121b8f6a443a643e40951,0x95f71ca6a0807de9c32f84d4d41ea32915a77665,12.524823
0x05a0e773750f26abd85afafc95f9b3816572bbea348d0c11963810fcd7294387,74,WETH,0x0bd7d308f8e1639fab988df18a8011f41eacad73,0xa633c73658857d5241fe21d43f854a82e2d0592c,0x0000000000000000000000000000000000000000,0.006198279922496257
0x05a0e773750f26abd85afafc95f9b3816572bbea348d0c11963810fcd7294387,75,WETH,0x0bd7d308f8e1639fab988df18a8011f41eacad73,0x69bfaf19c9f377bb306a89aed9f6b07e2c1a8d9a,0x95f71ca6a0807de9c32f84d4d41ea32915a77665,0.006710683196928831
0x05a0e773750f26abd85afafc95f9b3816572bbea348d0c11963810fcd7294387,76,USDG,0x5fc5360d0400a0fd4f2af552add042d716f1d168,0x95f71ca6a0807de9c32f84d4d41ea32915a77665,0x69bfaf19c9f377bb306a89aed9f6b07e2c1a8d9a,12.524823
0x05a0e773750f26abd85afafc95f9b3816572bbea348d0c11963810fcd7294387,78,WETH,0x0bd7d308f8e1639fab988df18a8011f41eacad73,0x95f71ca6a0807de9c32f84d4d41ea32915a77665,0x0000000000000000000000000000000000000000,0.006198279922496257
0x05a0e773750f26abd85afafc95f9b3816572bbea348d0c11963810fcd7294387,79,WETH,0x0bd7d308f8e1639fab988df18a8011f41eacad73,0x95f71ca6a0807de9c32f84d4d41ea32915a77665,0x34e92c9c640a4f390483d5bec8588f25acdd254b,0.000512403274432574
0x05a0e773750f26abd85afafc95f9b3816572bbea348d0c11963810fcd7294387,80,WETH,0x0bd7d308f8e1639fab988df18a8011f41eacad73,0x34e92c9c640a4f390483d5bec8588f25acdd254b,0x0000000000000000000000000000000000000000,0.00038430245582443
0x05a0e773750f26abd85afafc95f9b3816572bbea348d0c11963810fcd7294387,81,WETH,0x0bd7d308f8e1639fab988df18a8011f41eacad73,0x34e92c9c640a4f390483d5bec8588f25acdd254b,0x0000000000000000000000000000000000000000,0.000128100818608144
0xe51232c0376feb312966c5b3c60a02412d8a506d6355eb48955907ddc9538288,9,FIRE,0x43eea882b845a8493152ebc55cf30ae9281b02d5,0x1aa511c41636dc4e1dafe5092157eb606da01d03,0xa687b664662b96b180346d699a6d5b42e9b05d31,34275.98625950250140282
0xe51232c0376feb312966c5b3c60a02412d8a506d6355eb48955907ddc9538288,11,FIRE,0x43eea882b845a8493152ebc55cf30ae9281b02d5,0xa687b664662b96b180346d699a6d5b42e9b05d31,0x8366a39cc670b4001a1121b8f6a443a643e40951,34275.98625950250140282
0xe51232c0376feb312966c5b3c60a02412d8a506d6355eb48955907ddc9538288,15,USDG,0x5fc5360d0400a0fd4f2af552add042d716f1d168,0x8366a39cc670b4001a1121b8f6a443a643e40951,0xe58b3089df6667fbf99b75595a1671baf6797d6d,6.906805
0xe51232c0376feb312966c5b3c60a02412d8a506d6355eb48955907ddc9538288,16,USDG,0x5fc5360d0400a0fd4f2af552add042d716f1d168,0xe58b3089df6667fbf99b75595a1671baf6797d6d,0x2a7f3d7486641c77600b9b9256132755c8aebb4f,6.906805
0xe51232c0376feb312966c5b3c60a02412d8a506d6355eb48955907ddc9538288,17,WETH,0x0bd7d308f8e1639fab988df18a8011f41eacad73,0x52e65b17fb6e5ba00ed806f37afcd2daa50271ca,0xe58b3089df6667fbf99b75595a1671baf6797d6d,0.003604336028399824
0xe51232c0376feb312966c5b3c60a02412d8a506d6355eb48955907ddc9538288,18,USDG,0x5fc5360d0400a0fd4f2af552add042d716f1d168,0x2a7f3d7486641c77600b9b9256132755c8aebb4f,0x52e65b17fb6e5ba00ed806f37afcd2daa50271ca,6.906805
0xe51232c0376feb312966c5b3c60a02412d8a506d6355eb48955907ddc9538288,20,WETH,0x0bd7d308f8e1639fab988df18a8011f41eacad73,0xe58b3089df6667fbf99b75595a1671baf6797d6d,0x5d796c6e479052db44ee6a45dd72e57c800a4c1b,0.003604336028399824
0xe51232c0376feb312966c5b3c60a02412d8a506d6355eb48955907ddc9538288,21,WETH,0x0bd7d308f8e1639fab988df18a8011f41eacad73,0x5d796c6e479052db44ee6a45dd72e57c800a4c1b,0x0000000000000000000000000000000000000000,0.003604336028399824
0xdbc511aecf9115060561980a6f83f1d24fe4bafa6c78a5a80ba4b72bf71387a1,10,USDG,0x5fc5360d0400a0fd4f2af552add042d716f1d168,0x8366a39cc670b4001a1121b8f6a443a643e40951,0x000000007907b910ae1ee64a71f95b592fc7bb89,4.289642
0xdbc511aecf9115060561980a6f83f1d24fe4bafa6c78a5a80ba4b72bf71387a1,11,WETH,0x0bd7d308f8e1639fab988df18a8011f41eacad73,0x52e65b17fb6e5ba00ed806f37afcd2daa50271ca,0x000000007907b910ae1ee64a71f95b592fc7bb89,0.002298718041665424
0xdbc511aecf9115060561980a6f83f1d24fe4bafa6c78a5a80ba4b72bf71387a1,12,USDG,0x5fc5360d0400a0fd4f2af552add042d716f1d168,0x000000007907b910ae1ee64a71f95b592fc7bb89,0x52e65b17fb6e5ba00ed806f37afcd2daa50271ca,4.289642
0xdbc511aecf9115060561980a6f83f1d24fe4bafa6c78a5a80ba4b72bf71387a1,14,WETH,0x0bd7d308f8e1639fab988df18a8011f41eacad73,0x000000007907b910ae1ee64a71f95b592fc7bb89,0x0000000000000000000000000000000000000000,0.002257098953920671
0xdbc511aecf9115060561980a6f83f1d24fe4bafa6c78a5a80ba4b72bf71387a1,15,WETH,0x0bd7d308f8e1639fab988df18a8011f41eacad73,0x000000007907b910ae1ee64a71f95b592fc7bb89,0x0000000000000000000000000000000000000000,0.000031218477711712
0x3a4e65ee6903675542b60054aec1870c186302c1ec261a490153d3b7e819b36e,35,WETH,0x0bd7d308f8e1639fab988df18a8011f41eacad73,0x0000000000000000000000000000000000000000,0x95f71ca6a0807de9c32f84d4d41ea32915a77665,0.007712841193944492
0x3a4e65ee6903675542b60054aec1870c186302c1ec261a490153d3b7e819b36e,36,WETH,0x0bd7d308f8e1639fab988df18a8011f41eacad73,0x95f71ca6a0807de9c32f84d4d41ea32915a77665,0xa633c73658857d5241fe21d43f854a82e2d0592c,0.007712841193944492
0x3a4e65ee6903675542b60054aec1870c186302c1ec261a490153d3b7e819b36e,40,USDG,0x5fc5360d0400a0fd4f2af552add042d716f1d168,0x8366a39cc670b4001a1121b8f6a443a643e40951,0x95f71ca6a0807de9c32f84d4d41ea32915a77665,15.792244
0x3a4e65ee6903675542b60054aec1870c186302c1ec261a490153d3b7e819b36e,41,WETH,0x0bd7d308f8e1639fab988df18a8011f41eacad73,0xa633c73658857d5241fe21d43f854a82e2d0592c,0x0000000000000000000000000000000000000000,0.007712841193944492
0x3a4e65ee6903675542b60054aec1870c186302c1ec261a490153d3b7e819b36e,42,WETH,0x0bd7d308f8e1639fab988df18a8011f41eacad73,0x52e65b17fb6e5ba00ed806f37afcd2daa50271ca,0x95f71ca6a0807de9c32f84d4d41ea32915a77665,0.008462689521835738
0x3a4e65ee6903675542b60054aec1870c186302c1ec261a490153d3b7e819b36e,43,USDG,0x5fc5360d0400a0fd4f2af552add042d716f1d168,0x95f71ca6a0807de9c32f84d4d41ea32915a77665,0x52e65b17fb6e5ba00ed806f37afcd2daa50271ca,15.792244
0x3a4e65ee6903675542b60054aec1870c186302c1ec261a490153d3b7e819b36e,45,WETH,0x0bd7d308f8e1639fab988df18a8011f41eacad73,0x95f71ca6a0807de9c32f84d4d41ea32915a77665,0x0000000000000000000000000000000000000000,0.007712841193944492
0x3a4e65ee6903675542b60054aec1870c186302c1ec261a490153d3b7e819b36e,46,WETH,0x0bd7d308f8e1639fab988df18a8011f41eacad73,0x95f71ca6a0807de9c32f84d4d41ea32915a77665,0x34e92c9c640a4f390483d5bec8588f25acdd254b,0.000749848327891246
0x3a4e65ee6903675542b60054aec1870c186302c1ec261a490153d3b7e819b36e,47,WETH,0x0bd7d308f8e1639fab988df18a8011f41eacad73,0x34e92c9c640a4f390483d5bec8588f25acdd254b,0x0000000000000000000000000000000000000000,0.000562386245918434
0x3a4e65ee6903675542b60054aec1870c186302c1ec261a490153d3b7e819b36e,48,WETH,0x0bd7d308f8e1639fab988df18a8011f41eacad73,0x34e92c9c640a4f390483d5bec8588f25acdd254b,0x0000000000000000000000000000000000000000,0.000187462081972812
0xbbeeab11f580c8430d4a4a349cde4d192c2e708ada06810910b9a0abef4864ea,13,FIRE,0x43eea882b845a8493152ebc55cf30ae9281b02d5,0x6fe9e13938f25fbaf0493522cf56480f4a992f1b,0x8366a39cc670b4001a1121b8f6a443a643e40951,19870.634783155107960141
0xbbeeab11f580c8430d4a4a349cde4d192c2e708ada06810910b9a0abef4864ea,16,USDG,0x5fc5360d0400a0fd4f2af552add042d716f1d168,0x8366a39cc670b4001a1121b8f6a443a643e40951,0x6fe9e13938f25fbaf0493522cf56480f4a992f1b,3.004103
0xc70c5c0925746e43008b7474543f82cfd8c32c9c0345669cbef330abbec34268,52,WETH,0x0bd7d308f8e1639fab988df18a8011f41eacad73,0x0000000000000000000000000000000000000000,0x95f71ca6a0807de9c32f84d4d41ea32915a77665,0.006485850361142388
0xc70c5c0925746e43008b7474543f82cfd8c32c9c0345669cbef330abbec34268,53,WETH,0x0bd7d308f8e1639fab988df18a8011f41eacad73,0x95f71ca6a0807de9c32f84d4d41ea32915a77665,0xa633c73658857d5241fe21d43f854a82e2d0592c,0.006485850361142388
0xc70c5c0925746e43008b7474543f82cfd8c32c9c0345669cbef330abbec34268,57,USDG,0x5fc5360d0400a0fd4f2af552add042d716f1d168,0x8366a39cc670b4001a1121b8f6a443a643e40951,0xa633c73658857d5241fe21d43f854a82e2d0592c,13.124824
0xc70c5c0925746e43008b7474543f82cfd8c32c9c0345669cbef330abbec34268,58,WETH,0x0bd7d308f8e1639fab988df18a8011f41eacad73,0xa633c73658857d5241fe21d43f854a82e2d0592c,0x0000000000000000000000000000000000000000,0.006485850361142388
0xc70c5c0925746e43008b7474543f82cfd8c32c9c0345669cbef330abbec34268,59,USDG,0x5fc5360d0400a0fd4f2af552add042d716f1d168,0xa633c73658857d5241fe21d43f854a82e2d0592c,0x95f71ca6a0807de9c32f84d4d41ea32915a77665,13.124824
0xc70c5c0925746e43008b7474543f82cfd8c32c9c0345669cbef330abbec34268,60,USDG,0x5fc5360d0400a0fd4f2af552add042d716f1d168,0x95f71ca6a0807de9c32f84d4d41ea32915a77665,0xa633c73658857d5241fe21d43f854a82e2d0592c,13.124824
0xc70c5c0925746e43008b7474543f82cfd8c32c9c0345669cbef330abbec34268,62,WETH,0x0bd7d308f8e1639fab988df18a8011f41eacad73,0x8366a39cc670b4001a1121b8f6a443a643e40951,0x95f71ca6a0807de9c32f84d4d41ea32915a77665,0.007031319941344987
0xc70c5c0925746e43008b7474543f82cfd8c32c9c0345669cbef330abbec34268,63,USDG,0x5fc5360d0400a0fd4f2af552add042d716f1d168,0xa633c73658857d5241fe21d43f854a82e2d0592c,0x8366a39cc670b4001a1121b8f6a443a643e40951,13.124824
0xc70c5c0925746e43008b7474543f82cfd8c32c9c0345669cbef330abbec34268,64,WETH,0x0bd7d308f8e1639fab988df18a8011f41eacad73,0x95f71ca6a0807de9c32f84d4d41ea32915a77665,0x0000000000000000000000000000000000000000,0.006485850361142388
0xc70c5c0925746e43008b7474543f82cfd8c32c9c0345669cbef330abbec34268,65,WETH,0x0bd7d308f8e1639fab988df18a8011f41eacad73,0x95f71ca6a0807de9c32f84d4d41ea32915a77665,0x34e92c9c640a4f390483d5bec8588f25acdd254b,0.000545469580202599
0xc70c5c0925746e43008b7474543f82cfd8c32c9c0345669cbef330abbec34268,66,WETH,0x0bd7d308f8e1639fab988df18a8011f41eacad73,0x34e92c9c640a4f390483d5bec8588f25acdd254b,0x0000000000000000000000000000000000000000,0.000409102185151949
0xc70c5c0925746e43008b7474543f82cfd8c32c9c0345669cbef330abbec34268,67,WETH,0x0bd7d308f8e1639fab988df18a8011f41eacad73,0x34e92c9c640a4f390483d5bec8588f25acdd254b,0x0000000000000000000000000000000000000000,0.00013636739505065
0x10a09a490cecce71fb826a8866c6596403ebfb419d582739ca28753bf06b2c6d,25,WETH,0x0bd7d308f8e1639fab988df18a8011f41eacad73,0x0000000000000000000000000000000000000000,0x6ab8c6c5451126a0c5ce92c7999797067d449c31,0.003656493231211166
0x10a09a490cecce71fb826a8866c6596403ebfb419d582739ca28753bf06b2c6d,26,WETH,0x0bd7d308f8e1639fab988df18a8011f41eacad73,0x6ab8c6c5451126a0c5ce92c7999797067d449c31,0xa633c73658857d5241fe21d43f854a82e2d0592c,0.003656493231211166
0x10a09a490cecce71fb826a8866c6596403ebfb419d582739ca28753bf06b2c6d,30,USDG,0x5fc5360d0400a0fd4f2af552add042d716f1d168,0x8366a39cc670b4001a1121b8f6a443a643e40951,0x6ab8c6c5451126a0c5ce92c7999797067d449c31,7.155152
0x10a09a490cecce71fb826a8866c6596403ebfb419d582739ca28753bf06b2c6d,31,WETH,0x0bd7d308f8e1639fab988df18a8011f41eacad73,0xa633c73658857d5241fe21d43f854a82e2d0592c,0x0000000000000000000000000000000000000000,0.003656493231211166
0x10a09a490cecce71fb826a8866c6596403ebfb419d582739ca28753bf06b2c6d,32,WETH,0x0bd7d308f8e1639fab988df18a8011f41eacad73,0x52e65b17fb6e5ba00ed806f37afcd2daa50271ca,0x6ab8c6c5451126a0c5ce92c7999797067d449c31,0.003758745586323017
0x10a09a490cecce71fb826a8866c6596403ebfb419d582739ca28753bf06b2c6d,33,USDG,0x5fc5360d0400a0fd4f2af552add042d716f1d168,0x6ab8c6c5451126a0c5ce92c7999797067d449c31,0x52e65b17fb6e5ba00ed806f37afcd2daa50271ca,7.155152
0x10a09a490cecce71fb826a8866c6596403ebfb419d582739ca28753bf06b2c6d,35,WETH,0x0bd7d308f8e1639fab988df18a8011f41eacad73,0x6ab8c6c5451126a0c5ce92c7999797067d449c31,0x0000000000000000000000000000000000000000,0.003656493231211166
0x10a09a490cecce71fb826a8866c6596403ebfb419d582739ca28753bf06b2c6d,36,WETH,0x0bd7d308f8e1639fab988df18a8011f41eacad73,0x6ab8c6c5451126a0c5ce92c7999797067d449c31,0x33eabd63853e74ff70d8b89982dfb5bc3eb0a189,0.000102252355111851
0x6ea987c848f419787fd1649c64767ff856ebd88fa2c0a112481a26af98fc00a4,7,FIRE,0x43eea882b845a8493152ebc55cf30ae9281b02d5,0x4da5fb9c62006e9450df7e8b3d0d5c044b5759a8,0x8366a39cc670b4001a1121b8f6a443a643e40951,74557.665073790240767109
0x6ea987c848f419787fd1649c64767ff856ebd88fa2c0a112481a26af98fc00a4,9,WETH,0x0bd7d308f8e1639fab988df18a8011f41eacad73,0x8366a39cc670b4001a1121b8f6a443a643e40951,0x8876789976decbfcbbbe364623c63652db8c0904,0.006029420934930677
0x6ea987c848f419787fd1649c64767ff856ebd88fa2c0a112481a26af98fc00a4,12,FIRE,0x43eea882b845a8493152ebc55cf30ae9281b02d5,0x4da5fb9c62006e9450df7e8b3d0d5c044b5759a8,0x8366a39cc670b4001a1121b8f6a443a643e40951,67101.898566411216690398
0x6ea987c848f419787fd1649c64767ff856ebd88fa2c0a112481a26af98fc00a4,15,WETH,0x0bd7d308f8e1639fab988df18a8011f41eacad73,0x8366a39cc670b4001a1121b8f6a443a643e40951,0x8876789976decbfcbbbe364623c63652db8c0904,0.005434933172922844
0x6ea987c848f419787fd1649c64767ff856ebd88fa2c0a112481a26af98fc00a4,18,FIRE,0x43eea882b845a8493152ebc55cf30ae9281b02d5,0x4da5fb9c62006e9450df7e8b3d0d5c044b5759a8,0x8366a39cc670b4001a1121b8f6a443a643e40951,7455.766507379024076711
0x6ea987c848f419787fd1649c64767ff856ebd88fa2c0a112481a26af98fc00a4,21,WETH,0x0bd7d308f8e1639fab988df18a8011f41eacad73,0x8366a39cc670b4001a1121b8f6a443a643e40951,0x8876789976decbfcbbbe364623c63652db8c0904,0.000593702120587908
0x6ea987c848f419787fd1649c64767ff856ebd88fa2c0a112481a26af98fc00a4,22,WETH,0x0bd7d308f8e1639fab988df18a8011f41eacad73,0x8876789976decbfcbbbe364623c63652db8c0904,0x4da5fb9c62006e9450df7e8b3d0d5c044b5759a8,0.012058056228441429
0x6a528eea74cede3192f4bca667ed9b98a60c9118aa2318a307e0665576f76ca1,16,FIRE,0x43eea882b845a8493152ebc55cf30ae9281b02d5,0x8ef1ff96345994aaf85ccfb99333a236bd78dd6e,0x52866fd157577897ce627022b9c19bd2e622fd7a,10.04557519505
0x6a528eea74cede3192f4bca667ed9b98a60c9118aa2318a307e0665576f76ca1,17,FIRE,0x43eea882b845a8493152ebc55cf30ae9281b02d5,0x8ef1ff96345994aaf85ccfb99333a236bd78dd6e,0x8366a39cc670b4001a1121b8f6a443a643e40951,1999.06946381495
0x6a528eea74cede3192f4bca667ed9b98a60c9118aa2318a307e0665576f76ca1,21,USDG,0x5fc5360d0400a0fd4f2af552add042d716f1d168,0x8366a39cc670b4001a1121b8f6a443a643e40951,0x114d574247342eafea95b7a9234e62984d48cd9e,0.790576
0x6a528eea74cede3192f4bca667ed9b98a60c9118aa2318a307e0665576f76ca1,22,WETH,0x0bd7d308f8e1639fab988df18a8011f41eacad73,0x52e65b17fb6e5ba00ed806f37afcd2daa50271ca,0x114d574247342eafea95b7a9234e62984d48cd9e,0.000416909958286802
0x6a528eea74cede3192f4bca667ed9b98a60c9118aa2318a307e0665576f76ca1,23,USDG,0x5fc5360d0400a0fd4f2af552add042d716f1d168,0x114d574247342eafea95b7a9234e62984d48cd9e,0x52e65b17fb6e5ba00ed806f37afcd2daa50271ca,0.790576
0x6a528eea74cede3192f4bca667ed9b98a60c9118aa2318a307e0665576f76ca1,25,HELIA,0xa3b9120593c93169e36a0cdea1324584b745e03f,0xded0637f4a02d168fadae429a72bcfe370ef6dbd,0x8ef1ff96345994aaf85ccfb99333a236bd78dd6e,34690.508909341002992882
0x6a528eea74cede3192f4bca667ed9b98a60c9118aa2318a307e0665576f76ca1,26,WETH,0x0bd7d308f8e1639fab988df18a8011f41eacad73,0x114d574247342eafea95b7a9234e62984d48cd9e,0xded0637f4a02d168fadae429a72bcfe370ef6dbd,0.000416909958286802
0x4c936f02df1b87873dbd3262df5519051387ee2535b3bd142f8b702c9023fc96,3,FIRE,0x43eea882b845a8493152ebc55cf30ae9281b02d5,0x1f09756741dedc39a9669565601c4bec5a548af6,0x8366a39cc670b4001a1121b8f6a443a643e40951,37915.781722941834421679
0x4c936f02df1b87873dbd3262df5519051387ee2535b3bd142f8b702c9023fc96,6,WETH,0x0bd7d308f8e1639fab988df18a8011f41eacad73,0x8366a39cc670b4001a1121b8f6a443a643e40951,0x8876789976decbfcbbbe364623c63652db8c0904,0.003012311251129537
0x4c936f02df1b87873dbd3262df5519051387ee2535b3bd142f8b702c9023fc96,7,WETH,0x0bd7d308f8e1639fab988df18a8011f41eacad73,0x8876789976decbfcbbbe364623c63652db8c0904,0x0000000000000000000000000000000000000000,0.003012311251129537
0x5a5ad12282b15825e51ded68f8a030361a5db57460980a5ff99d4c59356b6124,10,FIRE,0x43eea882b845a8493152ebc55cf30ae9281b02d5,0x11c551c0dea7d78ca92390571480bebeab630505,0x8876789976decbfcbbbe364623c63652db8c0904,1932.875343089491204219
0x5a5ad12282b15825e51ded68f8a030361a5db57460980a5ff99d4c59356b6124,13,FIRE,0x43eea882b845a8493152ebc55cf30ae9281b02d5,0x8876789976decbfcbbbe364623c63652db8c0904,0x8366a39cc670b4001a1121b8f6a443a643e40951,1932.875343089491204219
0x5a5ad12282b15825e51ded68f8a030361a5db57460980a5ff99d4c59356b6124,16,USDG,0x5fc5360d0400a0fd4f2af552add042d716f1d168,0x8366a39cc670b4001a1121b8f6a443a643e40951,0xd0a40c6526acdebd4f6d87931098ff37a9f8e4bf,0.805954
0x5a5ad12282b15825e51ded68f8a030361a5db57460980a5ff99d4c59356b6124,18,WETH,0x0bd7d308f8e1639fab988df18a8011f41eacad73,0x52e65b17fb6e5ba00ed806f37afcd2daa50271ca,0xd0a40c6526acdebd4f6d87931098ff37a9f8e4bf,0.000423479067956774
0x5a5ad12282b15825e51ded68f8a030361a5db57460980a5ff99d4c59356b6124,19,USDG,0x5fc5360d0400a0fd4f2af552add042d716f1d168,0xd0a40c6526acdebd4f6d87931098ff37a9f8e4bf,0x52e65b17fb6e5ba00ed806f37afcd2daa50271ca,0.805954
0x5a5ad12282b15825e51ded68f8a030361a5db57460980a5ff99d4c59356b6124,21,WETH,0x0bd7d308f8e1639fab988df18a8011f41eacad73,0xd0a40c6526acdebd4f6d87931098ff37a9f8e4bf,0x0000000000000000000000000000000000000000,0.000423479067956774
0xbfa23640715b910bcbd95ea6c01f9f29d2fc2f41200641632457356c25d049a4,42,WETH,0x0bd7d308f8e1639fab988df18a8011f41eacad73,0xd95e8e2cd04c207625c6f23c974d365a5f3a91d3,0x6ab8c6c5451126a0c5ce92c7999797067d449c31,0.010525099661405998
0xbfa23640715b910bcbd95ea6c01f9f29d2fc2f41200641632457356c25d049a4,43,WETH,0x0bd7d308f8e1639fab988df18a8011f41eacad73,0x6ab8c6c5451126a0c5ce92c7999797067d449c31,0xa633c73658857d5241fe21d43f854a82e2d0592c,0.010525099661405998
0xbfa23640715b910bcbd95ea6c01f9f29d2fc2f41200641632457356c25d049a4,47,USDG,0x5fc5360d0400a0fd4f2af552add042d716f1d168,0x8366a39cc670b4001a1121b8f6a443a643e40951,0xa633c73658857d5241fe21d43f854a82e2d0592c,22.437048
0xbfa23640715b910bcbd95ea6c01f9f29d2fc2f41200641632457356c25d049a4,48,WETH,0x0bd7d308f8e1639fab988df18a8011f41eacad73,0xa633c73658857d5241fe21d43f854a82e2d0592c,0x0000000000000000000000000000000000000000,0.010525099661405998
0xbfa23640715b910bcbd95ea6c01f9f29d2fc2f41200641632457356c25d049a4,49,USDG,0x5fc5360d0400a0fd4f2af552add042d716f1d168,0xa633c73658857d5241fe21d43f854a82e2d0592c,0x6ab8c6c5451126a0c5ce92c7999797067d449c31,22.437048
0xbfa23640715b910bcbd95ea6c01f9f29d2fc2f41200641632457356c25d049a4,50,USDG,0x5fc5360d0400a0fd4f2af552add042d716f1d168,0x6ab8c6c5451126a0c5ce92c7999797067d449c31,0xa633c73658857d5241fe21d43f854a82e2d0592c,22.437048
0xbfa23640715b910bcbd95ea6c01f9f29d2fc2f41200641632457356c25d049a4,52,VIRTUAL,0xc6911796042b15d7fa4f6cde69e245ddcd3d9c31,0x8366a39cc670b4001a1121b8f6a443a643e40951,0x6ab8c6c5451126a0c5ce92c7999797067d449c31,40.017815895992573952
0xbfa23640715b910bcbd95ea6c01f9f29d2fc2f41200641632457356c25d049a4,53,USDG,0x5fc5360d0400a0fd4f2af552add042d716f1d168,0xa633c73658857d5241fe21d43f854a82e2d0592c,0x8366a39cc670b4001a1121b8f6a443a643e40951,22.437048
0xbfa23640715b910bcbd95ea6c01f9f29d2fc2f41200641632457356c25d049a4,54,VIRTUAL,0xc6911796042b15d7fa4f6cde69e245ddcd3d9c31,0x6ab8c6c5451126a0c5ce92c7999797067d449c31,0xd95e8e2cd04c207625c6f23c974d365a5f3a91d3,36.193200567851261952
0xbfa23640715b910bcbd95ea6c01f9f29d2fc2f41200641632457356c25d049a4,57,VIRTUAL,0xc6911796042b15d7fa4f6cde69e245ddcd3d9c31,0x6ab8c6c5451126a0c5ce92c7999797067d449c31,0x2aa2a0558348f58419db442d9a5f89402383abbb,3.824615328141312
0xbfa23640715b910bcbd95ea6c01f9f29d2fc2f41200641632457356c25d049a4,58,WETH,0x0bd7d308f8e1639fab988df18a8011f41eacad73,0x9cc8c4f6118419a27f113723f1dea646685be55f,0x2aa2a0558348f58419db442d9a5f89402383abbb,0.00111780158365669
0xbfa23640715b910bcbd95ea6c01f9f29d2fc2f41200641632457356c25d049a4,59,VIRTUAL,0xc6911796042b15d7fa4f6cde69e245ddcd3d9c31,0x2aa2a0558348f58419db442d9a5f89402383abbb,0x9cc8c4f6118419a27f113723f1dea646685be55f,3.824615328141312
0xbfa23640715b910bcbd95ea6c01f9f29d2fc2f41200641632457356c25d049a4,61,WETH,0x0bd7d308f8e1639fab988df18a8011f41eacad73,0x2aa2a0558348f58419db442d9a5f89402383abbb,0x0000000000000000000000000000000000000000,0.000838351187742517
0xbfa23640715b910bcbd95ea6c01f9f29d2fc2f41200641632457356c25d049a4,62,WETH,0x0bd7d308f8e1639fab988df18a8011f41eacad73,0x2aa2a0558348f58419db442d9a5f89402383abbb,0x0000000000000000000000000000000000000000,0.000279450395914173
0x07191c68596f2b14f87d44fee034c96fb31f3b97821cd9fbbcae4815d2c8d725,3,WETH,0x0bd7d308f8e1639fab988df18a8011f41eacad73,0xc5a01c57b2851202dcf8507a0f2bd08a8025e2c8,0x849bc3e52bb2e1807cc97afbf2528a79128a5deb,0.002299159726093868
0x07191c68596f2b14f87d44fee034c96fb31f3b97821cd9fbbcae4815d2c8d725,6,FIRE,0x43eea882b845a8493152ebc55cf30ae9281b02d5,0x8366a39cc670b4001a1121b8f6a443a643e40951,0x849bc3e52bb2e1807cc97afbf2528a79128a5deb,7546.640600556430410747
0x07191c68596f2b14f87d44fee034c96fb31f3b97821cd9fbbcae4815d2c8d725,7,WETH,0x0bd7d308f8e1639fab988df18a8011f41eacad73,0x849bc3e52bb2e1807cc97afbf2528a79128a5deb,0x0000000000000000000000000000000000000000,0.002299159726093868
0x07191c68596f2b14f87d44fee034c96fb31f3b97821cd9fbbcae4815d2c8d725,9,USDG,0x5fc5360d0400a0fd4f2af552add042d716f1d168,0x8366a39cc670b4001a1121b8f6a443a643e40951,0x849bc3e52bb2e1807cc97afbf2528a79128a5deb,4.959454
0x07191c68596f2b14f87d44fee034c96fb31f3b97821cd9fbbcae4815d2c8d725,10,FIRE,0x43eea882b845a8493152ebc55cf30ae9281b02d5,0x849bc3e52bb2e1807cc97afbf2528a79128a5deb,0x8366a39cc670b4001a1121b8f6a443a643e40951,7546.640600556430410747
0x07191c68596f2b14f87d44fee034c96fb31f3b97821cd9fbbcae4815d2c8d725,13,USDG,0x5fc5360d0400a0fd4f2af552add042d716f1d168,0x849bc3e52bb2e1807cc97afbf2528a79128a5deb,0xc5a01c57b2851202dcf8507a0f2bd08a8025e2c8,4.421849
0x07191c68596f2b14f87d44fee034c96fb31f3b97821cd9fbbcae4815d2c8d725,15,WETH,0x0bd7d308f8e1639fab988df18a8011f41eacad73,0xc5a01c57b2851202dcf8507a0f2bd08a8025e2c8,0x849bc3e52bb2e1807cc97afbf2528a79128a5deb,0.000279258331681681
0x07191c68596f2b14f87d44fee034c96fb31f3b97821cd9fbbcae4815d2c8d725,16,USDG,0x5fc5360d0400a0fd4f2af552add042d716f1d168,0x849bc3e52bb2e1807cc97afbf2528a79128a5deb,0xc5a01c57b2851202dcf8507a0f2bd08a8025e2c8,0.537605
0x07191c68596f2b14f87d44fee034c96fb31f3b97821cd9fbbcae4815d2c8d725,18,WETH,0x0bd7d308f8e1639fab988df18a8011f41eacad73,0x849bc3e52bb2e1807cc97afbf2528a79128a5deb,0x0000000000000000000000000000000000000000,0.000279258331681681
0x27c90e6c8822cf3983b8b7f6827b3d453c0405996ded40018f4b74da49450b02,15,WETH,0x0bd7d308f8e1639fab988df18a8011f41eacad73,0x8366a39cc670b4001a1121b8f6a443a643e40951,0xac24ce15ac5f4ca34be88a4bf1b5e17303dab423,0.010094235037969453
0x27c90e6c8822cf3983b8b7f6827b3d453c0405996ded40018f4b74da49450b02,16,WETH,0x0bd7d308f8e1639fab988df18a8011f41eacad73,0xac24ce15ac5f4ca34be88a4bf1b5e17303dab423,0x0000000000000000000000000000000000000000,0.010094235037969453
0x27c90e6c8822cf3983b8b7f6827b3d453c0405996ded40018f4b74da49450b02,20,USDG,0x5fc5360d0400a0fd4f2af552add042d716f1d168,0x8366a39cc670b4001a1121b8f6a443a643e40951,0xac24ce15ac5f4ca34be88a4bf1b5e17303dab423,21.960569
0x27c90e6c8822cf3983b8b7f6827b3d453c0405996ded40018f4b74da49450b02,21,WETH,0x0bd7d308f8e1639fab988df18a8011f41eacad73,0x52e65b17fb6e5ba00ed806f37afcd2daa50271ca,0xac24ce15ac5f4ca34be88a4bf1b5e17303dab423,0.011423919470159881
0x27c90e6c8822cf3983b8b7f6827b3d453c0405996ded40018f4b74da49450b02,22,USDG,0x5fc5360d0400a0fd4f2af552add042d716f1d168,0xac24ce15ac5f4ca34be88a4bf1b5e17303dab423,0x52e65b17fb6e5ba00ed806f37afcd2daa50271ca,21.960569
0x27c90e6c8822cf3983b8b7f6827b3d453c0405996ded40018f4b74da49450b02,24,WETH,0x0bd7d308f8e1639fab988df18a8011f41eacad73,0xac24ce15ac5f4ca34be88a4bf1b5e17303dab423,0x8366a39cc670b4001a1121b8f6a443a643e40951,0.010094235037969453
0x27c90e6c8822cf3983b8b7f6827b3d453c0405996ded40018f4b74da49450b02,25,WETH,0x0bd7d308f8e1639fab988df18a8011f41eacad73,0xac24ce15ac5f4ca34be88a4bf1b5e17303dab423,0x0000000000000000000000000000000000000000,0.001329684432190428
0xfcfbe8c386a8d77a35c3d56a568164d4179947e680a378308793bbfd57e0b9df,62,FIRE,0x43eea882b845a8493152ebc55cf30ae9281b02d5,0xbe2a16dca3961c19acda0268c829e0eb437b28e6,0xcd6b980029e6e6e0733ac8ec3e02be9410d09799,1859.104275
0xfcfbe8c386a8d77a35c3d56a568164d4179947e680a378308793bbfd57e0b9df,64,FIRE,0x43eea882b845a8493152ebc55cf30ae9281b02d5,0xbe2a16dca3961c19acda0268c829e0eb437b28e6,0x8f10b468b06c6fd214b65f87778827f7d113f996,741782.605725
0xfcfbe8c386a8d77a35c3d56a568164d4179947e680a378308793bbfd57e0b9df,66,FIRE,0x43eea882b845a8493152ebc55cf30ae9281b02d5,0x8f10b468b06c6fd214b65f87778827f7d113f996,0x8366a39cc670b4001a1121b8f6a443a643e40951,387516.133909897398504
0xfcfbe8c386a8d77a35c3d56a568164d4179947e680a378308793bbfd57e0b9df,69,USDG,0x5fc5360d0400a0fd4f2af552add042d716f1d168,0x8366a39cc670b4001a1121b8f6a443a643e40951,0x8f10b468b06c6fd214b65f87778827f7d113f996,112.711076
0xfcfbe8c386a8d77a35c3d56a568164d4179947e680a378308793bbfd57e0b9df,72,FIRE,0x43eea882b845a8493152ebc55cf30ae9281b02d5,0x8f10b468b06c6fd214b65f87778827f7d113f996,0x8366a39cc670b4001a1121b8f6a443a643e40951,354266.471815102601496
0xfcfbe8c386a8d77a35c3d56a568164d4179947e680a378308793bbfd57e0b9df,75,USDG,0x5fc5360d0400a0fd4f2af552add042d716f1d168,0x8366a39cc670b4001a1121b8f6a443a643e40951,0x8f10b468b06c6fd214b65f87778827f7d113f996,94.593399
0xfcfbe8c386a8d77a35c3d56a568164d4179947e680a378308793bbfd57e0b9df,80,USDG,0x5fc5360d0400a0fd4f2af552add042d716f1d168,0x8f10b468b06c6fd214b65f87778827f7d113f996,0x8366a39cc670b4001a1121b8f6a443a643e40951,207.304475
0x578f2da8045fff60e66df9756c970e44a16522ab90232a35855daf8c4b33f9ee,23,PONS,0x39dbed3a2bd333467115de45665cc57f813c4571,0x8366a39cc670b4001a1121b8f6a443a643e40951,0x000000000022b747bc1057d9497efe6d1c69296f,177.93371605387059089
0x578f2da8045fff60e66df9756c970e44a16522ab90232a35855daf8c4b33f9ee,24,WETH,0x0bd7d308f8e1639fab988df18a8011f41eacad73,0x50e43b43a8ee1e07e0ac978e92adff7dfbfb88e7,0x000000000022b747bc1057d9497efe6d1c69296f,0.002340013967619256
0x578f2da8045fff60e66df9756c970e44a16522ab90232a35855daf8c4b33f9ee,25,PONS,0x39dbed3a2bd333467115de45665cc57f813c4571,0x000000000022b747bc1057d9497efe6d1c69296f,0x50e43b43a8ee1e07e0ac978e92adff7dfbfb88e7,177.93371605387059089
0x578f2da8045fff60e66df9756c970e44a16522ab90232a35855daf8c4b33f9ee,27,WETH,0x0bd7d308f8e1639fab988df18a8011f41eacad73,0x000000000022b747bc1057d9497efe6d1c69296f,0x0000000000000000000000000000000000000000,0.002340013967619256
0xd87fc3352f51c8f3164821a296f9f3ce9a5aafdfc19cd7ec19ecff5702b8f6df,1,FIRE,0x43eea882b845a8493152ebc55cf30ae9281b02d5,0x965fbde71f030b28e23084da0154298d51f9725c,0xb92fe925dc43a0ecde6c8b1a2709c170ec4fff4f,17043.088482665067795853
0xd87fc3352f51c8f3164821a296f9f3ce9a5aafdfc19cd7ec19ecff5702b8f6df,6,FIRE,0x43eea882b845a8493152ebc55cf30ae9281b02d5,0xb92fe925dc43a0ecde6c8b1a2709c170ec4fff4f,0x09ad820aac5779683b481c4674208a4e1b024afa,17043.088482665067795853
0xd87fc3352f51c8f3164821a296f9f3ce9a5aafdfc19cd7ec19ecff5702b8f6df,11,FIRE,0x43eea882b845a8493152ebc55cf30ae9281b02d5,0x09ad820aac5779683b481c4674208a4e1b024afa,0x8366a39cc670b4001a1121b8f6a443a643e40951,17043.088482665067795853
0xd87fc3352f51c8f3164821a296f9f3ce9a5aafdfc19cd7ec19ecff5702b8f6df,14,USDG,0x5fc5360d0400a0fd4f2af552add042d716f1d168,0x8366a39cc670b4001a1121b8f6a443a643e40951,0x09ad820aac5779683b481c4674208a4e1b024afa,9.310182
0xd87fc3352f51c8f3164821a296f9f3ce9a5aafdfc19cd7ec19ecff5702b8f6df,15,USDG,0x5fc5360d0400a0fd4f2af552add042d716f1d168,0x09ad820aac5779683b481c4674208a4e1b024afa,0x20f6ee51340adeed01a59b0e65cb3703f3dc860c,9.310182
0xd87fc3352f51c8f3164821a296f9f3ce9a5aafdfc19cd7ec19ecff5702b8f6df,16,USDG,0x5fc5360d0400a0fd4f2af552add042d716f1d168,0x20f6ee51340adeed01a59b0e65cb3703f3dc860c,0xb92fe925dc43a0ecde6c8b1a2709c170ec4fff4f,9.310182
0xd87fc3352f51c8f3164821a296f9f3ce9a5aafdfc19cd7ec19ecff5702b8f6df,20,USDG,0x5fc5360d0400a0fd4f2af552add042d716f1d168,0xb92fe925dc43a0ecde6c8b1a2709c170ec4fff4f,0x4cd00e387622c35bddb9b4c962c136462338bc31,9.310182
0xc6545cb0eb62a12a2ac618e2175242e2a5b5b989d7ddf96339aef235014e9480,2,FIRE,0x43eea882b845a8493152ebc55cf30ae9281b02d5,0xe71411ebb40224f0043d21ee440829156f4fab0a,0x8366a39cc670b4001a1121b8f6a443a643e40951,476.8125
0xbd387a2bf710e37442ab8e1ecba19bd443227a5237134c25acc509477a75b1d7,5,FIRE,0x43eea882b845a8493152ebc55cf30ae9281b02d5,0xe71411ebb40224f0043d21ee440829156f4fab0a,0x8366a39cc670b4001a1121b8f6a443a643e40951,635.75
0xbd387a2bf710e37442ab8e1ecba19bd443227a5237134c25acc509477a75b1d7,8,USDG,0x5fc5360d0400a0fd4f2af552add042d716f1d168,0x8366a39cc670b4001a1121b8f6a443a643e40951,0xe71411ebb40224f0043d21ee440829156f4fab0a,0.255802
