tx,token,block,router_sender,router_family,selected_pool,selected_fee,selected_hooked,selected_output,alt_pool,alt_fee,alt_hooked,alt_tick_spacing,alt_init_block,alt_age_blocks,alt_output,regret_bps,beaten,shortfall_bps,alt_ever_used_by_same_sender,alt_ever_used_by_same_family,alt_used_before_this_order_same_sender,alt_used_before_this_order_same_family
0x30a218bd6fa9a6cd9e10039e006b68205a429ef9bcf1defa64bc3418a48665de,0xa3fdcadd1a10ef1a1731e08b87493420d7a61007,9606106,0x8876789976decbfcbbbe364623c63652db8c0904,Uniswap UniversalRouter,0x8b5ca8c300d039b4437cfdca7bac6a31544667344d7f1fe797c38c6265071539,250000,False,4386107243371458254,0xfd072dcaedaba7c7a767cbb62e9d2451baca9a62364a8b9a6c59a43b316b3254,100000,False,2000,9596155,9951,7315084943752413102.33032545583977947599457006649424371891189,-4004.02418140407754212012446163153931748653090262110216468752,True,4004.024181404077542120124462,True,True,True,True
0xe82805a69aefc55dd9620345a076b96faa49d04626dfa5db0124ecbcb1b8d73c,0xa3fdcadd1a10ef1a1731e08b87493420d7a61007,9620304,0xa633c73658857d5241fe21d43f854a82e2d0592c,unlabelled router A,0x8b5ca8c300d039b4437cfdca7bac6a31544667344d7f1fe797c38c6265071539,250000,False,2411079994307886135377,0x7d26f46b1fbf7fef3671a77e76e3176e61298f91c7109040b57372e4c80bae36,0,True,60,9532451,87853,7068949086080685392777.21333464745928118421358106405515657918,-6589.19598239080324705522929369298773496756176898399727043781,True,6589.195982390803247055229294,True,True,False,False
0x0524e892c700e7fb110527a3c47a79016abdd2466a434de9d5838315baa7c147,0xa3fdcadd1a10ef1a1731e08b87493420d7a61007,9620304,0xa633c73658857d5241fe21d43f854a82e2d0592c,unlabelled router A,0xfd072dcaedaba7c7a767cbb62e9d2451baca9a62364a8b9a6c59a43b316b3254,100000,False,584644999584434793782,0x7d26f46b1fbf7fef3671a77e76e3176e61298f91c7109040b57372e4c80bae36,0,True,60,9532451,87853,792218300205925048437.342774601770298240844595869578196274620,-2620.15281100594047377318805362720176440984186745118335718134,True,2620.152811005940473773188054,True,True,False,False
0x2bc74c87ff824cf4cab990d787cecc3027327a2ecf8261569e9efcfcd5ecd805,0xa3fdcadd1a10ef1a1731e08b87493420d7a61007,9620330,0xa633c73658857d5241fe21d43f854a82e2d0592c,unlabelled router A,0x6629b21c0d7274ec8a1408e6a4ff7d3d5664f1053a555b4c772fff2d8558988d,300000,False,1271815925971305047452,0x7d26f46b1fbf7fef3671a77e76e3176e61298f91c7109040b57372e4c80bae36,0,True,60,9532451,87879,2058132858502662818764.40553137629664026861365453910857896344,-3820.53534242401014556474714936272276513965608278414768693087,True,3820.535342424010145564747149,True,True,False,False
0xf70256b7f2534e5babb0cd7d0dcb14b284bd03ffe47adbe8bde6724ea059c7be,0xa3fdcadd1a10ef1a1731e08b87493420d7a61007,9620330,0xa633c73658857d5241fe21d43f854a82e2d0592c,unlabelled router A,0x8b5ca8c300d039b4437cfdca7bac6a31544667344d7f1fe797c38c6265071539,250000,False,372162130778379437681,0x7d26f46b1fbf7fef3671a77e76e3176e61298f91c7109040b57372e4c80bae36,0,True,60,9532451,87879,461999237081961609786.367340320854175156525586907134673906571,-1944.52932154181234629033327120791506945358226330588909744666,True,1944.529321541812346290333271,True,True,False,False
0x5e774db6e6da96c1ce1499ccb28d65f252e191fba6c41496f7bf23f786493f83,0xa3fdcadd1a10ef1a1731e08b87493420d7a61007,9620338,0xa633c73658857d5241fe21d43f854a82e2d0592c,unlabelled router A,0x8b5ca8c300d039b4437cfdca7bac6a31544667344d7f1fe797c38c6265071539,250000,False,1356314229145927614455,0x7d26f46b1fbf7fef3671a77e76e3176e61298f91c7109040b57372e4c80bae36,0,True,60,9532451,87887,2167517092799368535426.60268413213747801699473903461564239978,-3742.54425189221857001702189196234037624518144803841746293849,True,3742.544251892218570017021892,True,True,False,False
0x6f9c8bbbb5df85b02d7906045627409abd84a8b5e5fcd77aca572a50fbc4cea1,0xa3fdcadd1a10ef1a1731e08b87493420d7a61007,9620350,0xa633c73658857d5241fe21d43f854a82e2d0592c,unlabelled router A,0x6629b21c0d7274ec8a1408e6a4ff7d3d5664f1053a555b4c772fff2d8558988d,300000,False,1423984455001763310278,0x7d26f46b1fbf7fef3671a77e76e3176e61298f91c7109040b57372e4c80bae36,0,True,60,9532451,87899,2534106275270652941270.68039852677076875476681655959478958734,-4380.72322026164458531646356530930449984788811428257415738187,True,4380.723220261644585316463565,True,True,False,False
0x906d7542226b33bcfcba18ec415227990d3234306897bf05055ce6cabd02d62c,0xa3fdcadd1a10ef1a1731e08b87493420d7a61007,9620393,0xa633c73658857d5241fe21d43f854a82e2d0592c,unlabelled router A,0x8b5ca8c300d039b4437cfdca7bac6a31544667344d7f1fe797c38c6265071539,250000,False,1715072557675050479965,0x7d26f46b1fbf7fef3671a77e76e3176e61298f91c7109040b57372e4c80bae36,0,True,60,9532451,87942,5217615050732103591063.52102140611055618378291658644420480741,-6712.91856336852204614561258672274530241266045661399842074475,True,6712.918563368522046145612587,True,True,False,False
0x906d7542226b33bcfcba18ec415227990d3234306897bf05055ce6cabd02d62c,0xa3fdcadd1a10ef1a1731e08b87493420d7a61007,9620393,0xa633c73658857d5241fe21d43f854a82e2d0592c,unlabelled router A,0x6629b21c0d7274ec8a1408e6a4ff7d3d5664f1053a555b4c772fff2d8558988d,300000,False,6327637468239375,0xfd072dcaedaba7c7a767cbb62e9d2451baca9a62364a8b9a6c59a43b316b3254,100000,False,2000,9596155,24238,45169037285008945.2748499284331039567237198033138471797794309,-8599.12058158046219805389351595645073290808047487267899690065,True,8599.120581580462198053893516,True,True,True,True
0x668ddbce4eda27ae753065817df408f9bf93425eb7e774e1223bb1bf91146aec,0xa3fdcadd1a10ef1a1731e08b87493420d7a61007,9620395,0xa633c73658857d5241fe21d43f854a82e2d0592c,unlabelled router A,0xfd072dcaedaba7c7a767cbb62e9d2451baca9a62364a8b9a6c59a43b316b3254,100000,False,381761562849129129715,0x7d26f46b1fbf7fef3671a77e76e3176e61298f91c7109040b57372e4c80bae36,0,True,60,9532451,87944,481230088558093546265.136067218529661561645481350750170948532,-2066.96397573562547128345972162045965236982902505858618331794,True,2066.963975735625471283459722,True,True,False,False
0xd74dbed573d2d55964be034b37b04592e8fc87598510ddfce14b0fbf0a5ff120,0xa3fdcadd1a10ef1a1731e08b87493420d7a61007,9620416,0xa633c73658857d5241fe21d43f854a82e2d0592c,unlabelled router A,0x8b5ca8c300d039b4437cfdca7bac6a31544667344d7f1fe797c38c6265071539,250000,False,1243046674520148912723,0x7d26f46b1fbf7fef3671a77e76e3176e61298f91c7109040b57372e4c80bae36,0,True,60,9532451,87965,1924485998305684672105.94452655954877180932534600929054148114,-3540.89000587935781563373982255418054615485913933300328568984,True,3540.890005879357815633739823,True,True,False,False
0x3d4ab4d0907bc61a917e20208c401ddfa86ac5a64f47398c58558ffbc8c9459d,0xa3fdcadd1a10ef1a1731e08b87493420d7a61007,9620434,0xa633c73658857d5241fe21d43f854a82e2d0592c,unlabelled router A,0x6629b21c0d7274ec8a1408e6a4ff7d3d5664f1053a555b4c772fff2d8558988d,300000,False,1191831737396834682778,0x7d26f46b1fbf7fef3671a77e76e3176e61298f91c7109040b57372e4c80bae36,0,True,60,9532451,87983,2357455713532635898304.03384058668730660563371491077011400564,-4944.41515675015318799188838521416337372136500246732967127030,True,4944.415156750153187991888385,True,True,False,False
0x1416ed6271e2b2800233d0d05b6e0c8d982ed07523a53bfad2670f11c3e1c88d,0xa3fdcadd1a10ef1a1731e08b87493420d7a61007,9620440,0xa633c73658857d5241fe21d43f854a82e2d0592c,unlabelled router A,0x8b5ca8c300d039b4437cfdca7bac6a31544667344d7f1fe797c38c6265071539,250000,False,226724740752468717530,0x7d26f46b1fbf7fef3671a77e76e3176e61298f91c7109040b57372e4c80bae36,0,True,60,9532451,87989,403000413481038137518.063340616943279982923562185503084397568,-4374.08168408401629408996235245744667854788741585145680840589,True,4374.081684084016294089962352,True,True,False,False
0x651d01e296a745f5f930d6cb13161265e349e36e782a15751207f3a353c1cc23,0xa3fdcadd1a10ef1a1731e08b87493420d7a61007,9620485,0xa633c73658857d5241fe21d43f854a82e2d0592c,unlabelled router A,0x8b5ca8c300d039b4437cfdca7bac6a31544667344d7f1fe797c38c6265071539,250000,False,752689780205662318367,0x7d26f46b1fbf7fef3671a77e76e3176e61298f91c7109040b57372e4c80bae36,0,True,60,9532451,88034,2191397510250484734194.60288041107365733865551207057064684984,-6565.25218868379964019993454066806310064264412650405820360245,True,6565.252188683799640199934541,True,True,False,False
0x64b8383fd9092b1edd835ca85a232bb648b80b95cde631d1464f085d4bfeb425,0xa3fdcadd1a10ef1a1731e08b87493420d7a61007,9620488,0xa633c73658857d5241fe21d43f854a82e2d0592c,unlabelled router A,0xfd072dcaedaba7c7a767cbb62e9d2451baca9a62364a8b9a6c59a43b316b3254,100000,False,282364976076850677245,0x7d26f46b1fbf7fef3671a77e76e3176e61298f91c7109040b57372e4c80bae36,0,True,60,9532451,88037,407916429079327239295.849713355708588472574007684099647627748,-3077.87193778509601724778327234185231600807504848161255017724,True,3077.871937785096017247783272,True,True,False,False
0x6e07dbea72d083180f63f253a6f66bd6ebb95320aa382da8460da3ca77087572,0xa3fdcadd1a10ef1a1731e08b87493420d7a61007,9620497,0xa633c73658857d5241fe21d43f854a82e2d0592c,unlabelled router A,0x8b5ca8c300d039b4437cfdca7bac6a31544667344d7f1fe797c38c6265071539,250000,False,1028323747715440855424,0x7d26f46b1fbf7fef3671a77e76e3176e61298f91c7109040b57372e4c80bae36,0,True,60,9532451,88046,2081982438659731836235.63424112895884646875588898851301293980,-5060.84331634698945242587405170419869514739475998740457575581,True,5060.843316346989452425874052,True,True,False,False
0xcde5d797a1349d222fd6661de5e90e1d55075225238e3f29c020fdf31c26a181,0xa3fdcadd1a10ef1a1731e08b87493420d7a61007,9620579,0xa633c73658857d5241fe21d43f854a82e2d0592c,unlabelled router A,0x8b5ca8c300d039b4437cfdca7bac6a31544667344d7f1fe797c38c6265071539,250000,False,944786044310465248825,0x7d26f46b1fbf7fef3671a77e76e3176e61298f91c7109040b57372e4c80bae36,0,True,60,9532451,88128,1967623073696970681010.87663936959979594332673133739010419027,-5198.33825420991338857774793526001264948551057581164502803356,True,5198.338254209913388577747935,True,True,False,False
0xe0ad414042e30161db1fad83714baff09c2fff36864239eb35d836304efe609d,0xa3fdcadd1a10ef1a1731e08b87493420d7a61007,9620586,0xa633c73658857d5241fe21d43f854a82e2d0592c,unlabelled router A,0x8b5ca8c300d039b4437cfdca7bac6a31544667344d7f1fe797c38c6265071539,250000,False,592460805700001041827,0x7d26f46b1fbf7fef3671a77e76e3176e61298f91c7109040b57372e4c80bae36,0,True,60,9532451,88135,1078111282844754637414.24957900156094667917142761688185944208,-4504.64144910248625137263447828026950724660381224988282425210,True,4504.641449102486251372634478,True,True,False,False
0xea929e7ba91b58c7bea897593f7a44e1c48765304eb2cdbe073216430b55d5c0,0xa3fdcadd1a10ef1a1731e08b87493420d7a61007,9620652,0xa633c73658857d5241fe21d43f854a82e2d0592c,unlabelled router A,0x6629b21c0d7274ec8a1408e6a4ff7d3d5664f1053a555b4c772fff2d8558988d,300000,False,985138576937393003494,0x7d26f46b1fbf7fef3671a77e76e3176e61298f91c7109040b57372e4c80bae36,0,True,60,9532451,88201,2260199139806618178057.43943951804828337215267086550365149808,-5641.36380911249659057979838604963302161402937234101465400208,True,5641.363809112496590579798386,True,True,False,False
0x05d0ff6c749ad99666bd4dbed2c5eac31cefc0e76a9d52442624f967ac004969,0xa3fdcadd1a10ef1a1731e08b87493420d7a61007,9620669,0xa633c73658857d5241fe21d43f854a82e2d0592c,unlabelled router A,0x8b5ca8c300d039b4437cfdca7bac6a31544667344d7f1fe797c38c6265071539,250000,False,535056475696258537683,0x7d26f46b1fbf7fef3671a77e76e3176e61298f91c7109040b57372e4c80bae36,0,True,60,9532451,88218,1040665170926013497326.01552575982597673577213844979869569325,-4858.51462464002660630762789337368634506958639279856907291640,True,4858.514624640026606307627893,True,True,False,False
0xed5d10a27f746840d543233f5cf8215348f4300e3b2ad9254dc358585cb94bfe,0xa3fdcadd1a10ef1a1731e08b87493420d7a61007,9620690,0xa633c73658857d5241fe21d43f854a82e2d0592c,unlabelled router A,0x6629b21c0d7274ec8a1408e6a4ff7d3d5664f1053a555b4c772fff2d8558988d,300000,False,196896004521841532677,0x7d26f46b1fbf7fef3671a77e76e3176e61298f91c7109040b57372e4c80bae36,0,True,60,9532451,88239,401588900566377746916.066486876857315744762430400050414592179,-5097.07553559994308776105680647839090750942263052678834770576,True,5097.075535599943087761056806,True,True,False,False
0x92b0491fb3f761c511684aa40f1ad8b2d9b710a2d5097e762a513ea0224b6401,0xa3fdcadd1a10ef1a1731e08b87493420d7a61007,9620704,0xa633c73658857d5241fe21d43f854a82e2d0592c,unlabelled router A,0x8b5ca8c300d039b4437cfdca7bac6a31544667344d7f1fe797c38c6265071539,250000,False,197725330332367632616,0x7d26f46b1fbf7fef3671a77e76e3176e61298f91c7109040b57372e4c80bae36,0,True,60,9532451,88253,363822802996942494704.282715624549055121222417715529189833420,-4565.33981092907794328518698659346076933031671943796754747622,True,4565.339810929077943285186987,True,True,False,False
0x8b4fa37c17b8b6c4dd427b0abd2d61f365531c2f686c8866155c1b5c2cdb9302,0xa3fdcadd1a10ef1a1731e08b87493420d7a61007,9620742,0xa633c73658857d5241fe21d43f854a82e2d0592c,unlabelled router A,0x8b5ca8c300d039b4437cfdca7bac6a31544667344d7f1fe797c38c6265071539,250000,False,1044287706772476,0x7d26f46b1fbf7fef3671a77e76e3176e61298f91c7109040b57372e4c80bae36,0,True,60,9532451,88291,1408302186231170.45248522556960190531200327427962306260453812,-2584.77536296987671836351614870010037021549531205481847666805,True,2584.775362969876718363516149,True,True,False,False
0x64f62843f9283fa3f1a0f229db1f08bc88896cdcfe5773c12d0903cc659d2885,0xa3fdcadd1a10ef1a1731e08b87493420d7a61007,9620771,0xa633c73658857d5241fe21d43f854a82e2d0592c,unlabelled router A,0x8b5ca8c300d039b4437cfdca7bac6a31544667344d7f1fe797c38c6265071539,250000,False,877973113175201076348,0x7d26f46b1fbf7fef3671a77e76e3176e61298f91c7109040b57372e4c80bae36,0,True,60,9532451,88320,1347859870687003645673.90849905138829584644307118016608982766,-3486.16920594498798998946642345864855113650407977363786056708,True,3486.169205944987989989466423,True,True,False,False
0x5608169ce7d1ef58490861b2d382159864707eb835ee4eb3ed62f82d74f33b92,0xa3fdcadd1a10ef1a1731e08b87493420d7a61007,9620775,0x8876789976decbfcbbbe364623c63652db8c0904,Uniswap UniversalRouter,0x6629b21c0d7274ec8a1408e6a4ff7d3d5664f1053a555b4c772fff2d8558988d,300000,False,26065393105343453290849,0x7d26f46b1fbf7fef3671a77e76e3176e61298f91c7109040b57372e4c80bae36,0,True,60,9532451,88324,128319807358935852045093.973586245421436846050245960158338987,-7968.71631575681848586815583948779502328870254808901883863198,True,7968.716315756818485868155839,True,True,True,True
0x0c8aba24d3feb092999ce561afe84ba5ac0c876a23e429ba417e9e21b47b74d3,0xa3fdcadd1a10ef1a1731e08b87493420d7a61007,9620776,0xa633c73658857d5241fe21d43f854a82e2d0592c,unlabelled router A,0xfd072dcaedaba7c7a767cbb62e9d2451baca9a62364a8b9a6c59a43b316b3254,100000,False,691692634346878766948,0x7d26f46b1fbf7fef3671a77e76e3176e61298f91c7109040b57372e4c80bae36,0,True,60,9532451,88325,2012682671969839323367.64017259735651507267367152479860508578,-6563.32990798837663724007811863224034170730857406716439901168,True,6563.329907988376637240078119,True,True,False,False
0xf4da6acd06e11ccecc2f91932efa06dd4430276a2b61968737a0ec683d438ebb,0xa3fdcadd1a10ef1a1731e08b87493420d7a61007,9620833,0xa633c73658857d5241fe21d43f854a82e2d0592c,unlabelled router A,0x6629b21c0d7274ec8a1408e6a4ff7d3d5664f1053a555b4c772fff2d8558988d,300000,False,899067634208737597948,0x7d26f46b1fbf7fef3671a77e76e3176e61298f91c7109040b57372e4c80bae36,0,True,60,9532451,88382,1844191551665151300723.81940256048611429417815707954805039394,-5124.86849103633274638446692608867955478245632376727667101092,True,5124.868491036332746384466926,True,True,False,False
0x76bb0a9173561c8d2dab9af09af8ce9d0838eb1308fb11aa343aa895e7cf91bc,0xa3fdcadd1a10ef1a1731e08b87493420d7a61007,9620889,0xa633c73658857d5241fe21d43f854a82e2d0592c,unlabelled router A,0xd2b356ac3cee4ee6a7286abeae98f907741ac5897f1718f53b115413eef57613,500000,False,340626307836753730454,0x7d26f46b1fbf7fef3671a77e76e3176e61298f91c7109040b57372e4c80bae36,0,True,60,9532451,88438,458134119592044004170.231685640622959421613747165124866086826,-2564.92164041237072497911413333024950063351945243960826997516,True,2564.921640412370724979114133,True,True,False,False
0x6ebe49dada5ebd9f2c498dc2eb1b4ef42917bf4e6898efd5c2bff22361a0b4a8,0xa3fdcadd1a10ef1a1731e08b87493420d7a61007,9620907,0xa633c73658857d5241fe21d43f854a82e2d0592c,unlabelled router A,0x6629b21c0d7274ec8a1408e6a4ff7d3d5664f1053a555b4c772fff2d8558988d,300000,False,620388945550647691235,0x7d26f46b1fbf7fef3671a77e76e3176e61298f91c7109040b57372e4c80bae36,0,True,60,9532451,88456,1300519856922145747078.86627343730004857144382759217604265333,-5229.68494292058608120325443008439306112409682176843510318934,True,5229.684942920586081203254430,True,True,False,False
0x74dd5f40de0d65a9c074ed091bdd7d2c24f0e3bf207787f3002fd85b5b707c81,0xa3fdcadd1a10ef1a1731e08b87493420d7a61007,9621090,0x8876789976decbfcbbbe364623c63652db8c0904,Uniswap UniversalRouter,0xfd072dcaedaba7c7a767cbb62e9d2451baca9a62364a8b9a6c59a43b316b3254,100000,False,1302040082877136,0x7d26f46b1fbf7fef3671a77e76e3176e61298f91c7109040b57372e4c80bae36,0,True,60,9532451,88639,3404272469529892.22785480388658354993481303346897322472162522,-6175.27652521615221010729853550034537652358207896482299951196,True,6175.276525216152210107298536,True,True,True,True
0x12fc8caa3d5e7cd4e8ed8af4d016eab5bb11d594c8e065725d5e8d95be5594ae,0xa3fdcadd1a10ef1a1731e08b87493420d7a61007,9621091,0xa633c73658857d5241fe21d43f854a82e2d0592c,unlabelled router A,0x8b5ca8c300d039b4437cfdca7bac6a31544667344d7f1fe797c38c6265071539,250000,False,947672138557890,0x7d26f46b1fbf7fef3671a77e76e3176e61298f91c7109040b57372e4c80bae36,0,True,60,9532451,88640,1236166274872386.30695129518364455214379138823050771266230088,-2333.78099838776582178162727657536573545940255468824585027852,True,2333.780998387765821781627277,True,True,True,True
0x620877e5ec8758862a866c193b188fdc37d91736b8f15dcaa007a5b7ccd8e9e3,0xa3fdcadd1a10ef1a1731e08b87493420d7a61007,9621551,0xa633c73658857d5241fe21d43f854a82e2d0592c,unlabelled router A,0x6629b21c0d7274ec8a1408e6a4ff7d3d5664f1053a555b4c772fff2d8558988d,300000,False,598863514156942208691,0x7d26f46b1fbf7fef3671a77e76e3176e61298f91c7109040b57372e4c80bae36,0,True,60,9532451,89100,1304843451009002219737.68764087693671143865551370762234589705,-5410.45698858467427582186594345683588561417253187078253928786,True,5410.456988584674275821865943,True,True,True,True
0xc0e2bd99db07bb635ae2d1f0f724012e41df5bbec9f7adffdd5cafa6dba35ba8,0xa3fdcadd1a10ef1a1731e08b87493420d7a61007,9621689,0xa633c73658857d5241fe21d43f854a82e2d0592c,unlabelled router A,0x6629b21c0d7274ec8a1408e6a4ff7d3d5664f1053a555b4c772fff2d8558988d,300000,False,431087327139175207102,0x7d26f46b1fbf7fef3671a77e76e3176e61298f91c7109040b57372e4c80bae36,0,True,60,9532451,89238,929926052297051038364.433953845467632271642897501455476598417,-5364.28379359490429853606070670114126169660487562053428767956,True,5364.283793594904298536060707,True,True,True,True
0x56803a29cee75312cef2e271fa7a9f3a9eee579fd59fc50f8129b3338ab7859a,0xa3fdcadd1a10ef1a1731e08b87493420d7a61007,9622043,0x8876789976decbfcbbbe364623c63652db8c0904,Uniswap UniversalRouter,0xfd072dcaedaba7c7a767cbb62e9d2451baca9a62364a8b9a6c59a43b316b3254,100000,False,2139094602584,0x6629b21c0d7274ec8a1408e6a4ff7d3d5664f1053a555b4c772fff2d8558988d,300000,False,6000,9592958,29085,2385795943815.25446612332844101316135931605938020507558025718,-1034.04208507765797354038211309326588241130345503016288830049,True,1034.042085077657973540382113,True,True,True,True
0xe9c89f4510b2762249d807e7e39d92e95bda46f5ea197ea037c4503872a72f7e,0xa3fdcadd1a10ef1a1731e08b87493420d7a61007,9622242,0x8876789976decbfcbbbe364623c63652db8c0904,Uniswap UniversalRouter,0xfd072dcaedaba7c7a767cbb62e9d2451baca9a62364a8b9a6c59a43b316b3254,100000,False,3218331293749,0x8b5ca8c300d039b4437cfdca7bac6a31544667344d7f1fe797c38c6265071539,250000,False,5000,9606098,16144,4461309681978.82321918309022879664026282776385977825637985485,-2786.12891019593502253757628552005173495749700694422326575420,True,2786.128910195935022537576286,True,True,True,True
0x78ceff73965148331707d15af21c133d809e215532b60573ac5174783708a480,0xa3fdcadd1a10ef1a1731e08b87493420d7a61007,9622256,0xa633c73658857d5241fe21d43f854a82e2d0592c,unlabelled router A,0x6629b21c0d7274ec8a1408e6a4ff7d3d5664f1053a555b4c772fff2d8558988d,300000,False,706966736649527,0x8b5ca8c300d039b4437cfdca7bac6a31544667344d7f1fe797c38c6265071539,250000,False,5000,9606098,16158,877646347907007.900033807930083366730578494840964393126961395,-1944.74245423015727634560588676722590504500760687929723582598,True,1944.742454230157276345605887,True,True,True,True
0x014de0ed91a93cf697007800c61ba0ef767ff37b5c5e06641e3ef2b3cefc4a09,0xa3fdcadd1a10ef1a1731e08b87493420d7a61007,9622503,0x8876789976decbfcbbbe364623c63652db8c0904,Uniswap UniversalRouter,0x6629b21c0d7274ec8a1408e6a4ff7d3d5664f1053a555b4c772fff2d8558988d,300000,False,4832201499086647176329,0x7d26f46b1fbf7fef3671a77e76e3176e61298f91c7109040b57372e4c80bae36,0,True,60,9532451,90052,11390103301741705957418.2204934217196308236380385420819931024,-5757.54374558856192016314649057032709172130028829270732126381,True,5757.543745588561920163146491,True,True,True,True
0xb7ee614cee3943a4c99ef5300b2dfee11c93673ca7cc909f51d20214ad154f75,0xa3fdcadd1a10ef1a1731e08b87493420d7a61007,9622988,0x8876789976decbfcbbbe364623c63652db8c0904,Uniswap UniversalRouter,0xfd072dcaedaba7c7a767cbb62e9d2451baca9a62364a8b9a6c59a43b316b3254,100000,False,516369173087993523248,0x7d26f46b1fbf7fef3671a77e76e3176e61298f91c7109040b57372e4c80bae36,0,True,60,9532451,90537,663332629678103684658.839864680944629122821318335195298948557,-2215.53184654020887232803326245458473286545292034334639487050,True,2215.531846540208872328033262,True,True,True,True
0xb7ee614cee3943a4c99ef5300b2dfee11c93673ca7cc909f51d20214ad154f75,0xa3fdcadd1a10ef1a1731e08b87493420d7a61007,9622988,0x8876789976decbfcbbbe364623c63652db8c0904,Uniswap UniversalRouter,0x8b5ca8c300d039b4437cfdca7bac6a31544667344d7f1fe797c38c6265071539,250000,False,383002346795100100729,0x7d26f46b1fbf7fef3671a77e76e3176e61298f91c7109040b57372e4c80bae36,0,True,60,9532451,90537,663332629678103684658.839864680944629122821318335195298948557,-4226.08914955743751795263684045597673908351289131302895705586,True,4226.089149557437517952636840,True,True,True,True
0xb7ee614cee3943a4c99ef5300b2dfee11c93673ca7cc909f51d20214ad154f75,0xa3fdcadd1a10ef1a1731e08b87493420d7a61007,9622988,0x8876789976decbfcbbbe364623c63652db8c0904,Uniswap UniversalRouter,0x6629b21c0d7274ec8a1408e6a4ff7d3d5664f1053a555b4c772fff2d8558988d,300000,False,472154410474167999326,0x7d26f46b1fbf7fef3671a77e76e3176e61298f91c7109040b57372e4c80bae36,0,True,60,9532451,90537,884440114692180248733.434958593001651913659348679764066157321,-4661.54460171114919848595349602331686409184662516514204719712,True,4661.544601711149198485953496,True,True,True,True
0xe5958160ac1e558584ca42f29391b04dedebdce743932037c87b140aead37694,0xa3fdcadd1a10ef1a1731e08b87493420d7a61007,9623755,0xa633c73658857d5241fe21d43f854a82e2d0592c,unlabelled router A,0x8b5ca8c300d039b4437cfdca7bac6a31544667344d7f1fe797c38c6265071539,250000,False,8779246068031136696535,0x7d26f46b1fbf7fef3671a77e76e3176e61298f91c7109040b57372e4c80bae36,0,True,60,9532451,91304,16996856046015976901080.3092656500335631220911134304554666617,-4834.78235959469025710362388446977733549604255418318689237952,True,4834.782359594690257103623884,True,True,True,True
0x31a1ba86233663bc58a111715a8e552362c56fdf1971d72b7f3edc8dd02e372b,0xa3fdcadd1a10ef1a1731e08b87493420d7a61007,9625087,0xa633c73658857d5241fe21d43f854a82e2d0592c,unlabelled router A,0x8b5ca8c300d039b4437cfdca7bac6a31544667344d7f1fe797c38c6265071539,250000,False,5719071380625090960845,0x7d26f46b1fbf7fef3671a77e76e3176e61298f91c7109040b57372e4c80bae36,0,True,60,9532451,92636,9373298329383750508621.94847543100039632294889504323303009991,-3898.54971040797703426136983582395273075829709101123932994821,True,3898.549710407977034261369836,True,True,True,True
0x96ea2a0c05d27b829e77d606312e269374480f94f62ea186176fae9725ebda58,0xa3fdcadd1a10ef1a1731e08b87493420d7a61007,9625087,0xa633c73658857d5241fe21d43f854a82e2d0592c,unlabelled router A,0x8b5ca8c300d039b4437cfdca7bac6a31544667344d7f1fe797c38c6265071539,250000,False,2022985136336676322442,0x7d26f46b1fbf7fef3671a77e76e3176e61298f91c7109040b57372e4c80bae36,0,True,60,9532451,92636,3613524849345645954209.81468981312469799673654145669066912920,-4401.62937663758429898437852378577016976302280389285597648171,True,4401.629376637584298984378524,True,True,True,True
0x10511b966e9b87d5e80bfcb1a4c5197689067bcd8c203c63dd2b5aa3a048c816,0xa3fdcadd1a10ef1a1731e08b87493420d7a61007,9625229,0x8876789976decbfcbbbe364623c63652db8c0904,Uniswap UniversalRouter,0x6629b21c0d7274ec8a1408e6a4ff7d3d5664f1053a555b4c772fff2d8558988d,300000,False,4728417966062691,0x7d26f46b1fbf7fef3671a77e76e3176e61298f91c7109040b57372e4c80bae36,0,True,60,9532451,92778,5397694798792546.81632848902774104210810709992987463189571396,-1239.93085507459899766419800423204578224356459207232480136732,True,1239.930855074598997664198004,True,True,True,True
0x75f4eaa02fc0028d44cdb1aa4ee20df2a4eed7f2d8fe7a4b65b03c512c1b8701,0xa3fdcadd1a10ef1a1731e08b87493420d7a61007,9627184,0x8876789976decbfcbbbe364623c63652db8c0904,Uniswap UniversalRouter,0x8b5ca8c300d039b4437cfdca7bac6a31544667344d7f1fe797c38c6265071539,250000,False,8905739738432559776872,0x7d26f46b1fbf7fef3671a77e76e3176e61298f91c7109040b57372e4c80bae36,0,True,60,9532451,94733,16686146283985383665875.8586177003595136033779206779267592520,-4662.79416057865310797977055039060877469698999872329992280205,True,4662.794160578653107979770550,True,True,True,True
0x75f4eaa02fc0028d44cdb1aa4ee20df2a4eed7f2d8fe7a4b65b03c512c1b8701,0xa3fdcadd1a10ef1a1731e08b87493420d7a61007,9627184,0x8876789976decbfcbbbe364623c63652db8c0904,Uniswap UniversalRouter,0x6629b21c0d7274ec8a1408e6a4ff7d3d5664f1053a555b4c772fff2d8558988d,300000,False,8626228567779228469211,0x7d26f46b1fbf7fef3671a77e76e3176e61298f91c7109040b57372e4c80bae36,0,True,60,9532451,94733,16686146283985383665875.8586177003595136033779206779267592520,-4830.30508005416652738366915797478422860213323294304200089273,True,4830.305080054166527383669158,True,True,True,True
0x43efe592bf67318424f513f41971678d6ce34a9d5265cd082f22ce54f9eb783b,0xa3fdcadd1a10ef1a1731e08b87493420d7a61007,9628179,0x8876789976decbfcbbbe364623c63652db8c0904,Uniswap UniversalRouter,0x6629b21c0d7274ec8a1408e6a4ff7d3d5664f1053a555b4c772fff2d8558988d,300000,False,14196454353533267390754,0x7d26f46b1fbf7fef3671a77e76e3176e61298f91c7109040b57372e4c80bae36,0,True,60,9532451,95728,27578372332532469508866.6186339210895565011973185166414239522,-4852.32334150967858339851272920685065320894554846126888589336,True,4852.323341509678583398512729,True,True,True,True
0xba4b8dfdc6706f73163469a6d089490363848e0b4ddddb212d8eff4bd3fcd5cb,0xa3fdcadd1a10ef1a1731e08b87493420d7a61007,9629928,0x8876789976decbfcbbbe364623c63652db8c0904,Uniswap UniversalRouter,0xfd072dcaedaba7c7a767cbb62e9d2451baca9a62364a8b9a6c59a43b316b3254,100000,False,403025284660543688533,0x7d26f46b1fbf7fef3671a77e76e3176e61298f91c7109040b57372e4c80bae36,0,True,60,9532451,97477,451587338829804967503.157470903709004629626845427773334548054,-1075.36350100292407821620908233391129527494365979323207493290,True,1075.363501002924078216209082,True,True,True,True
0xfe869255b59f8858569591f93c2294ca3c3676bf45c71194d5189cbf7b881bc1,0xa3fdcadd1a10ef1a1731e08b87493420d7a61007,9631567,0x8876789976decbfcbbbe364623c63652db8c0904,Uniswap UniversalRouter,0x6629b21c0d7274ec8a1408e6a4ff7d3d5664f1053a555b4c772fff2d8558988d,300000,False,31921240031784551,0x7d26f46b1fbf7fef3671a77e76e3176e61298f91c7109040b57372e4c80bae36,0,True,60,9532451,99116,39660612886304581.6657526394489654067139859862838364716234165,-1951.40021580265465212929997284449537678089067649585187137261,True,1951.400215802654652129299973,True,True,True,True
0xaf1fddf67ae691c97aa9b089defd99c440a0c8997ab97b8c373058e57015abaf,0xa3fdcadd1a10ef1a1731e08b87493420d7a61007,9632517,0xa633c73658857d5241fe21d43f854a82e2d0592c,unlabelled router A,0x8b5ca8c300d039b4437cfdca7bac6a31544667344d7f1fe797c38c6265071539,250000,False,10609198904563770698149,0x7d26f46b1fbf7fef3671a77e76e3176e61298f91c7109040b57372e4c80bae36,0,True,60,9532451,100066,15869918835518532867942.2686913583669532676538534646440682509,-3314.90033785221541864321590444489390680666041063412258616495,True,3314.900337852215418643215904,True,True,True,True
0x22a5eddb57ed92e1443f61092c246ee4dbee488e15c1572dbaed9a111433e045,0xa3fdcadd1a10ef1a1731e08b87493420d7a61007,9633066,0xa633c73658857d5241fe21d43f854a82e2d0592c,unlabelled router A,0x8b5ca8c300d039b4437cfdca7bac6a31544667344d7f1fe797c38c6265071539,250000,False,8124389563007118,0x7d26f46b1fbf7fef3671a77e76e3176e61298f91c7109040b57372e4c80bae36,0,True,60,9532451,100615,9079178169147030.30428197020408426226511178982752978290847991,-1051.62448445442577533803630045797969463952412851057793243118,True,1051.624484454425775338036300,True,True,True,True
0x3cd784d279be17298dfdae2e37b0beca1f686f32e6ed10cb39ddbdadcf1cfb2e,0xa3fdcadd1a10ef1a1731e08b87493420d7a61007,9650916,0x8876789976decbfcbbbe364623c63652db8c0904,Uniswap UniversalRouter,0xfd072dcaedaba7c7a767cbb62e9d2451baca9a62364a8b9a6c59a43b316b3254,100000,False,930781750306192208202,0x7d26f46b1fbf7fef3671a77e76e3176e61298f91c7109040b57372e4c80bae36,0,True,60,9532451,118465,1049041636458068116975.84878603931569313886785760675790855225,-1127.31355974737754658926199466993653638997820940569175405645,True,1127.313559747377546589261995,True,True,True,True
0x8a5add2763ce28dce9244119a1559eddbcd119363bb9814e65a651ac420cda34,0xa3fdcadd1a10ef1a1731e08b87493420d7a61007,9658465,0x8876789976decbfcbbbe364623c63652db8c0904,Uniswap UniversalRouter,0xfd072dcaedaba7c7a767cbb62e9d2451baca9a62364a8b9a6c59a43b316b3254,100000,False,1293082588721351615587,0x7d26f46b1fbf7fef3671a77e76e3176e61298f91c7109040b57372e4c80bae36,0,True,60,9532451,126014,1484931327932110364893.61668583268593445010398890850145279868,-1291.97044740058100202491188827754746793861398612484789309863,True,1291.970447400581002024911888,True,True,True,True
0x48e679a9a2b48965e5f614b53d119e4c4fbab584480567502890b9140e6a75ee,0xa3fdcadd1a10ef1a1731e08b87493420d7a61007,9724097,0x8876789976decbfcbbbe364623c63652db8c0904,Uniswap UniversalRouter,0x8b5ca8c300d039b4437cfdca7bac6a31544667344d7f1fe797c38c6265071539,250000,False,4309532430509215920811,0x7d26f46b1fbf7fef3671a77e76e3176e61298f91c7109040b57372e4c80bae36,0,True,60,9532451,191646,5896402674229700783800.19251753352264380650593502382039808903,-2691.25148229092368378609653829861839316107347439456891950009,True,2691.251482290923683786096538,True,True,True,True
0xa2ff0ad7c712fc939d63d84050757a0ca72493b3b5cd9eeb559e00b69965adee,0xa3fdcadd1a10ef1a1731e08b87493420d7a61007,9752243,0x8876789976decbfcbbbe364623c63652db8c0904,Uniswap UniversalRouter,0x8b5ca8c300d039b4437cfdca7bac6a31544667344d7f1fe797c38c6265071539,250000,False,4629340530252810691555,0x7d26f46b1fbf7fef3671a77e76e3176e61298f91c7109040b57372e4c80bae36,0,True,60,9532451,219792,6751295360087801801241.27262918593724999962016554103926211336,-3143.03362045086812549484750333918952213775449034852896775023,True,3143.033620450868125494847503,True,True,True,True
0x90538ff5ef2821f97c0b0db2ffd9f7bfed8849f985d9db38b253ca3a5d478381,0xa3fdcadd1a10ef1a1731e08b87493420d7a61007,9774501,0x8876789976decbfcbbbe364623c63652db8c0904,Uniswap UniversalRouter,0x8b5ca8c300d039b4437cfdca7bac6a31544667344d7f1fe797c38c6265071539,250000,False,4107390521487176,0x7d26f46b1fbf7fef3671a77e76e3176e61298f91c7109040b57372e4c80bae36,0,True,60,9532451,242050,5210544848312325.19625669496208408346564656090154743006842203,-2117.15733947181455696590771957578742222888838643127761336959,True,2117.157339471814556965907720,True,True,True,True
0x90538ff5ef2821f97c0b0db2ffd9f7bfed8849f985d9db38b253ca3a5d478381,0xa3fdcadd1a10ef1a1731e08b87493420d7a61007,9774501,0x8876789976decbfcbbbe364623c63652db8c0904,Uniswap UniversalRouter,0xfd072dcaedaba7c7a767cbb62e9d2451baca9a62364a8b9a6c59a43b316b3254,100000,False,3966211000639399,0x7d26f46b1fbf7fef3671a77e76e3176e61298f91c7109040b57372e4c80bae36,0,True,60,9532451,242050,5210544848312325.19625669496208408346564656090154743006842203,-2388.10697133901648053937062814597643479278417568931804914695,True,2388.106971339016480539370628,True,True,True,True
0x2a22adb2d3dc682e5ac071fff641d624e38a0e9024b87098e35e96df0240d633,0xa3fdcadd1a10ef1a1731e08b87493420d7a61007,9816122,0x8876789976decbfcbbbe364623c63652db8c0904,Uniswap UniversalRouter,0xfd072dcaedaba7c7a767cbb62e9d2451baca9a62364a8b9a6c59a43b316b3254,100000,False,892890183617191,0x7d26f46b1fbf7fef3671a77e76e3176e61298f91c7109040b57372e4c80bae36,0,True,60,9532451,283671,1166870658973114.24008601794034247949042304003677556221378755,-2347.99352652362817796576178873461774157482938758253324672825,True,2347.993526523628177965761789,True,True,True,True
0xd468f74e3c0da3450f87215e8490f47f224ea5fb96dd4f2236873aa65e0e861f,0xa3fdcadd1a10ef1a1731e08b87493420d7a61007,10919252,0x8876789976decbfcbbbe364623c63652db8c0904,Uniswap UniversalRouter,0x8b5ca8c300d039b4437cfdca7bac6a31544667344d7f1fe797c38c6265071539,250000,False,1911718420212963,0x7d26f46b1fbf7fef3671a77e76e3176e61298f91c7109040b57372e4c80bae36,0,True,60,9532451,1386801,2245542466777287.76247780309369206071412370422474340777015603,-1486.60758593185551478523255665809762374252247972393625497918,True,1486.607585931855514785232557,True,True,True,True
0xbb9c7293ecc4fcf0aadfe6b715d990ff130290cb124a3d72f2451dfecbb96dc8,0xa3fdcadd1a10ef1a1731e08b87493420d7a61007,11389544,0x8876789976decbfcbbbe364623c63652db8c0904,Uniswap UniversalRouter,0x8b5ca8c300d039b4437cfdca7bac6a31544667344d7f1fe797c38c6265071539,250000,False,8147545861939721,0x7d26f46b1fbf7fef3671a77e76e3176e61298f91c7109040b57372e4c80bae36,0,True,60,9532451,1857093,9576265641651549.96414847913564731367853761183262672508884270,-1491.93833293186287815000832532238914004922134061203776792042,True,1491.938332931862878150008325,True,True,True,True
0x08568707bcc2f8dc2f80b6f0940838fa8b48446b262f4538e201ab8a27a13d6d,0xa3fdcadd1a10ef1a1731e08b87493420d7a61007,11600089,0x8876789976decbfcbbbe364623c63652db8c0904,Uniswap UniversalRouter,0x8b5ca8c300d039b4437cfdca7bac6a31544667344d7f1fe797c38c6265071539,250000,False,16345614568606138610526,0x7d26f46b1fbf7fef3671a77e76e3176e61298f91c7109040b57372e4c80bae36,0,True,60,9532451,2067638,26497523626292013916532.5039664838235500480692371620193888277,-3831.26710286719114662955452972542025777485094076013227998483,True,3831.267102867191146629554530,True,True,True,True
0xee720170c810566e88fb03782dedc03644089600888bcb4a5729f94abe64b441,0xa3fdcadd1a10ef1a1731e08b87493420d7a61007,12388240,0x1d4b86491ec211257cbedd77a4380a7494624eff,0x Settler,0x8b5ca8c300d039b4437cfdca7bac6a31544667344d7f1fe797c38c6265071539,250000,False,11090039036128676,0x7d26f46b1fbf7fef3671a77e76e3176e61298f91c7109040b57372e4c80bae36,0,True,60,9532451,2855789,15152701319174314.2544221402435173009621583366997432472196008,-2681.14720766304707808921968794733802938226177657229961362236,True,2681.147207663047078089219688,True,True,False,False
0xe7a004759cb39800d676ebc8a086e8447aa1271ef81dd4fe5e4bb1cc70f349d4,0xa3fdcadd1a10ef1a1731e08b87493420d7a61007,12430420,0x1d4b86491ec211257cbedd77a4380a7494624eff,0x Settler,0x8b5ca8c300d039b4437cfdca7bac6a31544667344d7f1fe797c38c6265071539,250000,False,1633167284809705650386,0x7d26f46b1fbf7fef3671a77e76e3176e61298f91c7109040b57372e4c80bae36,0,True,60,9532451,2897969,1893000239843203707542.90396116077206677990983586378174242550,-1372.59863767909450924780786967812079323239395454459821326778,True,1372.598637679094509247807870,True,True,False,False
0x1c8e90051d5ec3adff798feed8c6129d22730c52527ea21c448cb08dcd384254,0xa3fdcadd1a10ef1a1731e08b87493420d7a61007,12581708,0x1d4b86491ec211257cbedd77a4380a7494624eff,0x Settler,0x8b5ca8c300d039b4437cfdca7bac6a31544667344d7f1fe797c38c6265071539,250000,False,2282453969112169867483,0x7d26f46b1fbf7fef3671a77e76e3176e61298f91c7109040b57372e4c80bae36,0,True,60,9532451,3049257,2798182052439015933592.83312574887458334057054227386854803681,-1843.08266460831334229662410789086641447588790398365718760661,True,1843.082664608313342296624108,True,True,False,False
0x7a27652d68971dae304bc1f6d68052e80e21e1065e84e09b1468047ae3ececed,0xa3fdcadd1a10ef1a1731e08b87493420d7a61007,12693383,0x8876789976decbfcbbbe364623c63652db8c0904,Uniswap UniversalRouter,0x8b5ca8c300d039b4437cfdca7bac6a31544667344d7f1fe797c38c6265071539,250000,False,5161381960065531812856,0x7d26f46b1fbf7fef3671a77e76e3176e61298f91c7109040b57372e4c80bae36,0,True,60,9532451,3160932,6635694377321680553099.69461614880217745676447771485668232207,-2221.79071762978823150794252758675255876138389272700533103985,True,2221.790717629788231507942528,True,True,True,True
0x39b9f35f99fc7066ca79788a10a835c4b8c775463b5df501eeff706f058f8bfe,0xa3fdcadd1a10ef1a1731e08b87493420d7a61007,12996153,0x8876789976decbfcbbbe364623c63652db8c0904,Uniswap UniversalRouter,0x8b5ca8c300d039b4437cfdca7bac6a31544667344d7f1fe797c38c6265071539,250000,False,25098630690387101,0x7d26f46b1fbf7fef3671a77e76e3176e61298f91c7109040b57372e4c80bae36,0,True,60,9532451,3463702,44725754761971455.6883300636989642346238844371263447108441605,-4388.32707822127660619244635043561387023023347028800902441722,True,4388.327078221276606192446350,True,True,True,True
0x5fa5363a5402e1014fe9e0e52fcd1ddb884cb68575bed8546f869ee1c6afc105,0xa3fdcadd1a10ef1a1731e08b87493420d7a61007,13480248,0x8876789976decbfcbbbe364623c63652db8c0904,Uniswap UniversalRouter,0x8b5ca8c300d039b4437cfdca7bac6a31544667344d7f1fe797c38c6265071539,250000,False,21805373355515843017395,0x7d26f46b1fbf7fef3671a77e76e3176e61298f91c7109040b57372e4c80bae36,0,True,60,9532451,3947797,27319155429383443296729.8884161696077482566336148402099872922,-2018.28423580664072776717838183430892897855785629507147219679,True,2018.284235806640727767178382,True,True,True,True
0x2ceae7f06aa9caaee5f19ffe70164bafb40c2deedbad57298b36130f3da47e78,0xa3fdcadd1a10ef1a1731e08b87493420d7a61007,13651889,0x1d4b86491ec211257cbedd77a4380a7494624eff,0x Settler,0x8b5ca8c300d039b4437cfdca7bac6a31544667344d7f1fe797c38c6265071539,250000,False,597318305954810,0x7d26f46b1fbf7fef3671a77e76e3176e61298f91c7109040b57372e4c80bae36,0,True,60,9532451,4119438,713879945617556.588366353866602125708319594347114562975224841,-1632.79050459825615373865443195438576242387025714199186397850,True,1632.790504598256153738654432,True,True,False,False
0xdeea71748cbe2ecd8a78f67038d1eb001dc4cbf23bc4df03a05f18bb08ea92e7,0xa3fdcadd1a10ef1a1731e08b87493420d7a61007,14293063,0x1d4b86491ec211257cbedd77a4380a7494624eff,0x Settler,0x8b5ca8c300d039b4437cfdca7bac6a31544667344d7f1fe797c38c6265071539,250000,False,21031190785719049139572,0x7d26f46b1fbf7fef3671a77e76e3176e61298f91c7109040b57372e4c80bae36,0,True,60,9532451,4760612,36982423111094173602442.6102244581570547818902380806538806014,-4313.19285852580963726536028603035441297035856205623134920297,True,4313.192858525809637265360286,True,True,False,False
0x8953d9b84fb8f453de54bea765ba1c2cb995e9995739889d50cc7487086a6b36,0xa3fdcadd1a10ef1a1731e08b87493420d7a61007,14519160,0x1d4b86491ec211257cbedd77a4380a7494624eff,0x Settler,0x8b5ca8c300d039b4437cfdca7bac6a31544667344d7f1fe797c38c6265071539,250000,False,10934750042881575,0x7d26f46b1fbf7fef3671a77e76e3176e61298f91c7109040b57372e4c80bae36,0,True,60,9532451,4986709,12174272540511393.4521057875801370508697609322509785604599898,-1018.14912842237961953129203079016199374285512158648561802314,True,1018.149128422379619531292031,True,True,False,False
0xda32188613e15b141cce5bc5f5ef33e5a28113372c486899bf21c71a3ffaea89,0xa3fdcadd1a10ef1a1731e08b87493420d7a61007,14599998,0x1d4b86491ec211257cbedd77a4380a7494624eff,0x Settler,0x8b5ca8c300d039b4437cfdca7bac6a31544667344d7f1fe797c38c6265071539,250000,False,3330168571203666,0x7d26f46b1fbf7fef3671a77e76e3176e61298f91c7109040b57372e4c80bae36,0,True,60,9532451,5067547,4294218582557658.18036064238513377879331195543425181856509443,-2244.99520185066859375441241741434685377270106271982091518680,True,2244.995201850668593754412417,True,True,False,False
0x5fe31d389469229843b5d2332b265feec8426c3ae8428f926173fa5ad4a3baee,0xa3fdcadd1a10ef1a1731e08b87493420d7a61007,14718706,0x1d4b86491ec211257cbedd77a4380a7494624eff,0x Settler,0x8b5ca8c300d039b4437cfdca7bac6a31544667344d7f1fe797c38c6265071539,250000,False,4986249052510759275795,0x7d26f46b1fbf7fef3671a77e76e3176e61298f91c7109040b57372e4c80bae36,0,True,60,9532451,5186255,6763010421973454428957.57442486623953513660991975012978696895,-2627.17526456839924107575889473458831153397109641199633183267,True,2627.175264568399241075758895,True,True,False,False
0x5fe31d389469229843b5d2332b265feec8426c3ae8428f926173fa5ad4a3baee,0xa3fdcadd1a10ef1a1731e08b87493420d7a61007,14718706,0x1d4b86491ec211257cbedd77a4380a7494624eff,0x Settler,0x6629b21c0d7274ec8a1408e6a4ff7d3d5664f1053a555b4c772fff2d8558988d,300000,False,156002503703516695921,0x7d26f46b1fbf7fef3671a77e76e3176e61298f91c7109040b57372e4c80bae36,0,True,60,9532451,5186255,188398097939634147701.092533188258463089967243240569815118322,-1719.52873146827275946526172047280957279411099922519817297336,True,1719.528731468272759465261720,True,True,False,False
0xcf6d0b884b5cecccb547bb5e6a2c708c8f006091597d56d6d5e8c9c8c9e67cd6,0xa3fdcadd1a10ef1a1731e08b87493420d7a61007,14802142,0x1d4b86491ec211257cbedd77a4380a7494624eff,0x Settler,0x8b5ca8c300d039b4437cfdca7bac6a31544667344d7f1fe797c38c6265071539,250000,False,63711638592656372021076,0x7d26f46b1fbf7fef3671a77e76e3176e61298f91c7109040b57372e4c80bae36,0,True,60,9532451,5269691,176004387936624675953893.910503186665667488493954610195142899,-6380.11078362446638370422625608404613930067205911253959574245,True,6380.110783624466383704226256,True,True,False,False
0x73312c74a3ebfd5acc4f20758db6224d35ac084d42ac8c643ec3cdfa66708f86,0xa3fdcadd1a10ef1a1731e08b87493420d7a61007,15864482,0x1d4b86491ec211257cbedd77a4380a7494624eff,0x Settler,0x8b5ca8c300d039b4437cfdca7bac6a31544667344d7f1fe797c38c6265071539,250000,False,783320290238990090325,0x7d26f46b1fbf7fef3671a77e76e3176e61298f91c7109040b57372e4c80bae36,0,True,60,9532451,6332031,1401980690226788552474.34829047579540525046832962254090741093,-4412.75977836557878621061985386066044155392185183778079975498,True,4412.759778365578786210619854,True,True,False,False
0xaafd11535e4e5b8bcb3fa888e89fa4f2a2032ad5e3c1effbafed5b50a0a634ec,0xa3fdcadd1a10ef1a1731e08b87493420d7a61007,16285838,0x1d4b86491ec211257cbedd77a4380a7494624eff,0x Settler,0x8b5ca8c300d039b4437cfdca7bac6a31544667344d7f1fe797c38c6265071539,250000,False,5026982850521490,0x7d26f46b1fbf7fef3671a77e76e3176e61298f91c7109040b57372e4c80bae36,0,True,60,9532451,6753387,6034844233806132.50685577292103343871209396284608109920666328,-1670.07025241642672724010665925293712032563559897409443898164,True,1670.070252416426727240106659,True,True,False,False
0x869b3cb9899899762989de26e195c8a720b212f7bfcd2b1ddb3be86b2e7f1439,0xa3fdcadd1a10ef1a1731e08b87493420d7a61007,16286419,0x1d4b86491ec211257cbedd77a4380a7494624eff,0x Settler,0x8b5ca8c300d039b4437cfdca7bac6a31544667344d7f1fe797c38c6265071539,250000,False,4857711073497778,0x7d26f46b1fbf7fef3671a77e76e3176e61298f91c7109040b57372e4c80bae36,0,True,60,9532451,6753968,6524802241205680.38128924317083924246597432584372121091382730,-2555.00642943601347936846453760131049570442153117145461374151,True,2555.006429436013479368464538,True,True,False,False
0x4a6be367f12146cb5b0efcc58b85374c47c3cd1aece0a8170f7ff9f7c73f0d82,0xa3fdcadd1a10ef1a1731e08b87493420d7a61007,16286789,0x1d4b86491ec211257cbedd77a4380a7494624eff,0x Settler,0x8b5ca8c300d039b4437cfdca7bac6a31544667344d7f1fe797c38c6265071539,250000,False,4038738897897700,0x7d26f46b1fbf7fef3671a77e76e3176e61298f91c7109040b57372e4c80bae36,0,True,60,9532451,6754338,6034844233806132.50685577292103343871209396284608109920666328,-3307.63356695538658975486457915919516772967442383885269630030,True,3307.633566955386589754864579,True,True,False,False
0xe5b258f279d8c0c509d3b07352f57d974fd569915858cfd1f0f9181fd061f31c,0xa3fdcadd1a10ef1a1731e08b87493420d7a61007,16287452,0x1d4b86491ec211257cbedd77a4380a7494624eff,0x Settler,0x8b5ca8c300d039b4437cfdca7bac6a31544667344d7f1fe797c38c6265071539,250000,False,7519428857514229,0x7d26f46b1fbf7fef3671a77e76e3176e61298f91c7109040b57372e4c80bae36,0,True,60,9532451,6755001,13048031380155525.8475273637794265334998357485075864086153668,-4237.11620670197892995520860158845853177269363211627499168958,True,4237.116206701978929955208602,True,True,False,False
0x2cbdc5c5bb32e855db8180b0a930bfa9337eb48283e2060a68ad88741e3e9e1c,0xa3fdcadd1a10ef1a1731e08b87493420d7a61007,16287946,0x1d4b86491ec211257cbedd77a4380a7494624eff,0x Settler,0x8b5ca8c300d039b4437cfdca7bac6a31544667344d7f1fe797c38c6265071539,250000,False,5641678044672598,0x7d26f46b1fbf7fef3671a77e76e3176e61298f91c7109040b57372e4c80bae36,0,True,60,9532451,6755495,11743511373238046.9738430273885306741952140131477939423965422,-5195.91895016233633582486844144884738615796953689787640017419,True,5195.918950162336335824868441,True,True,False,False
0x2cbdc5c5bb32e855db8180b0a930bfa9337eb48283e2060a68ad88741e3e9e1c,0xa3fdcadd1a10ef1a1731e08b87493420d7a61007,16287946,0x1d4b86491ec211257cbedd77a4380a7494624eff,0x Settler,0x6629b21c0d7274ec8a1408e6a4ff7d3d5664f1053a555b4c772fff2d8558988d,300000,False,163775232334405,0x7d26f46b1fbf7fef3671a77e76e3176e61298f91c7109040b57372e4c80bae36,0,True,60,9532451,6755495,326277482023356.817302148859808608612854710063098066647707864,-4980.49233067573361859872978490294709899685584751087898524491,True,4980.492330675733618598729785,True,True,False,False
0x0a1f60ff7eaaacc06bb352e4e10452b6ebd01e5c91ebcd778894dfdd25ce8f36,0xa3fdcadd1a10ef1a1731e08b87493420d7a61007,16288232,0x1d4b86491ec211257cbedd77a4380a7494624eff,0x Settler,0x8b5ca8c300d039b4437cfdca7bac6a31544667344d7f1fe797c38c6265071539,250000,False,6253002436923493,0x7d26f46b1fbf7fef3671a77e76e3176e61298f91c7109040b57372e4c80bae36,0,True,60,9532451,6755781,12390167477702076.7556777688009469611206479628821603846659844,-4953.25430574147781906981983902725104347545438282645463167975,True,4953.254305741477819069819839,True,True,False,False
0x984d0074520be5b985eb1da7184f53b3dbf669f05554fd89b813ab70302069d4,0xa3fdcadd1a10ef1a1731e08b87493420d7a61007,16288811,0x1d4b86491ec211257cbedd77a4380a7494624eff,0x Settler,0x8b5ca8c300d039b4437cfdca7bac6a31544667344d7f1fe797c38c6265071539,250000,False,6279543496373856,0x7d26f46b1fbf7fef3671a77e76e3176e61298f91c7109040b57372e4c80bae36,0,True,60,9532451,6756360,13038732070105185.9634625966629795610365733536179619883079921,-5183.93087409825293473573470052623645886063651079219146982186,True,5183.930874098252934735734701,True,True,False,False
0x3ca561d5034304a25df291e6a00906003ea4b52402dcb1b2ea31656d942618e9,0xa3fdcadd1a10ef1a1731e08b87493420d7a61007,16289258,0x1d4b86491ec211257cbedd77a4380a7494624eff,0x Settler,0x8b5ca8c300d039b4437cfdca7bac6a31544667344d7f1fe797c38c6265071539,250000,False,6663645828196530,0x7d26f46b1fbf7fef3671a77e76e3176e61298f91c7109040b57372e4c80bae36,0,True,60,9532451,6756807,13032511470217465.3400299755478240997634081320133487584322122,-4886.90584050156379873883275826364868113364693581459560451409,True,4886.905840501563798738832758,True,True,False,False
0x6ff8c44021367d6ff501995a75a616ed66f7494f7fecd51829bf55da9d3e1a9f,0xa3fdcadd1a10ef1a1731e08b87493420d7a61007,16289520,0x1d4b86491ec211257cbedd77a4380a7494624eff,0x Settler,0x8b5ca8c300d039b4437cfdca7bac6a31544667344d7f1fe797c38c6265071539,250000,False,6282929544707768,0x7d26f46b1fbf7fef3671a77e76e3176e61298f91c7109040b57372e4c80bae36,0,True,60,9532451,6757069,13029294770417771.9789335527030019855246393635060199083502760,-5177.84373182439572413500302350797764692144892711316407791745,True,5177.843731824395724135003024,True,True,False,False
0x82f43d33e575a4ec991397c2a5fc081a9a21d317f3c0e769e15cc0546145e21d,0xa3fdcadd1a10ef1a1731e08b87493420d7a61007,16290181,0x1d4b86491ec211257cbedd77a4380a7494624eff,0x Settler,0x8b5ca8c300d039b4437cfdca7bac6a31544667344d7f1fe797c38c6265071539,250000,False,6667347533485006,0x7d26f46b1fbf7fef3671a77e76e3176e61298f91c7109040b57372e4c80bae36,0,True,60,9532451,6757730,13023080922112024.7084773914535036318585666619186939793578497,-4880.36081986986105949219488436088866938094285454731761697352,True,4880.360819869861059492194884,True,True,False,False
0x989011e85ed62847c86df3010e68e168772745c6e03817c87739f39acc4ac7c4,0xa3fdcadd1a10ef1a1731e08b87493420d7a61007,16293294,0x1d4b86491ec211257cbedd77a4380a7494624eff,0x Settler,0x8b5ca8c300d039b4437cfdca7bac6a31544667344d7f1fe797c38c6265071539,250000,False,6211548360496639,0x7d26f46b1fbf7fef3671a77e76e3176e61298f91c7109040b57372e4c80bae36,0,True,60,9532451,6760843,13452345751558213.9548749408954068492324926157612972770698664,-5382.55373805186201085061468970435773586808461890348946618417,True,5382.553738051862010850614690,True,True,False,False
0xa711278bf758f1ca1c37a08f7d30e34da0390bf205e815d2903cc4cbec4d4be5,0xa3fdcadd1a10ef1a1731e08b87493420d7a61007,17134188,0x8876789976decbfcbbbe364623c63652db8c0904,Uniswap UniversalRouter,0x8b5ca8c300d039b4437cfdca7bac6a31544667344d7f1fe797c38c6265071539,250000,False,2381955259087624,0x7d26f46b1fbf7fef3671a77e76e3176e61298f91c7109040b57372e4c80bae36,0,True,60,9532451,7601737,4275570713399888.12038657034675062008931537652241704724020360,-4428.91857308677595489200401525783771562939160079288677196715,True,4428.918573086775954892004015,True,True,True,True
0x81eaf1a2a6f9ad3a685010912d46526e658dd50676733c43f337ab39cd7cc0a6,0xa3fdcadd1a10ef1a1731e08b87493420d7a61007,19755608,0x8876789976decbfcbbbe364623c63652db8c0904,Uniswap UniversalRouter,0x8b5ca8c300d039b4437cfdca7bac6a31544667344d7f1fe797c38c6265071539,250000,False,24170423945146,0x7d26f46b1fbf7fef3671a77e76e3176e61298f91c7109040b57372e4c80bae36,0,True,60,9532451,10223157,42729604750480.6748483179150166347296874360227525992495996328,-4343.40100118194949757292422344991838711113527698073588834299,True,4343.401001181949497572924223,True,True,True,True
0x690a92c3a84601ff5e17a00053fb78ac62042edaba6597897c76b115a6c9508b,0xa3fdcadd1a10ef1a1731e08b87493420d7a61007,20217144,0x1d4b86491ec211257cbedd77a4380a7494624eff,0x Settler,0x8b5ca8c300d039b4437cfdca7bac6a31544667344d7f1fe797c38c6265071539,250000,False,134185610432865,0x7d26f46b1fbf7fef3671a77e76e3176e61298f91c7109040b57372e4c80bae36,0,True,60,9532451,10684693,237544290565316.258854316613752295422463125647502818288914215,-4351.13299867046418988734748018070903038493473076017528677640,True,4351.132998670464189887347480,True,True,True,True
0x462880450f35b8efafeefcac371ca11af36c077e273688aa4b768d454796798e,0xa3fdcadd1a10ef1a1731e08b87493420d7a61007,21655013,0x8876789976decbfcbbbe364623c63652db8c0904,Uniswap UniversalRouter,0x8b5ca8c300d039b4437cfdca7bac6a31544667344d7f1fe797c38c6265071539,250750,False,2125666229815788,0x7d26f46b1fbf7fef3671a77e76e3176e61298f91c7109040b57372e4c80bae36,0,True,60,9532451,12122562,3861242694967491.59379695806549908397418305310191618202368858,-4494.86500139902675432912586447248797813759752883981838267368,True,4494.865001399026754329125864,True,True,True,True
0xcbebeb986e2f7c0b3346d1edd39c1ea34f0d6bbf0c2ffdcf1dbbca90c82fd0e2,0xa3fdcadd1a10ef1a1731e08b87493420d7a61007,23190720,0x39b38686a19836ac10162c490e4558e120cbbe5f,0x Settler,0x8b5ca8c300d039b4437cfdca7bac6a31544667344d7f1fe797c38c6265071539,250750,False,4973807703510969089240,0x7d26f46b1fbf7fef3671a77e76e3176e61298f91c7109040b57372e4c80bae36,0,True,60,9532451,13658269,5543620525760992587965.06954164086479663241144663298130960061,-1027.87126139338921939430904364528567597627975689149136737005,True,1027.871261393389219394309044,True,True,False,True
0x03f66c9bde181f3f39ae203d9b4f0d79f565527e6dc47caa10f5bc130fdf3a39,0xa3fdcadd1a10ef1a1731e08b87493420d7a61007,23718703,0x8876789976decbfcbbbe364623c63652db8c0904,Uniswap UniversalRouter,0x8b5ca8c300d039b4437cfdca7bac6a31544667344d7f1fe797c38c6265071539,250750,False,5729595735035795344720,0x7d26f46b1fbf7fef3671a77e76e3176e61298f91c7109040b57372e4c80bae36,0,True,60,9532451,14186252,6686767506739748707018.79858878622041856266212155526389519932,-1431.44168051184318993975408398087607259714014149713428400270,True,1431.441680511843189939754084,True,True,True,True
0x832a908d347ac4662772679c8b50636b594630f5a96efa62e07fe684c5bf6dd7,0xa3fdcadd1a10ef1a1731e08b87493420d7a61007,25363875,0x39b38686a19836ac10162c490e4558e120cbbe5f,0x Settler,0x8b5ca8c300d039b4437cfdca7bac6a31544667344d7f1fe797c38c6265071539,250750,False,30931833890152560519169,0x7d26f46b1fbf7fef3671a77e76e3176e61298f91c7109040b57372e4c80bae36,0,True,60,9532451,15831424,46829760932025129541245.9516264868541165791166547986693428656,-3394.83412374214551321540310380884038354824331454395852721641,True,3394.834123742145513215403104,True,True,True,True
0xfa0dba9b922da2b20e860fddf3059567b6457964467b97d854712708c120fbe0,0xa3fdcadd1a10ef1a1731e08b87493420d7a61007,25369067,0x39b38686a19836ac10162c490e4558e120cbbe5f,0x Settler,0x6629b21c0d7274ec8a1408e6a4ff7d3d5664f1053a555b4c772fff2d8558988d,300700,False,388357804821324304700,0x7d26f46b1fbf7fef3671a77e76e3176e61298f91c7109040b57372e4c80bae36,0,True,60,9532451,15836616,727725928776282021139.577287545378237249226687815643265179463,-4663.40569348170753545829537336127094846158007294849762925103,True,4663.405693481707535458295373,True,True,True,True
0xfa0dba9b922da2b20e860fddf3059567b6457964467b97d854712708c120fbe0,0xa3fdcadd1a10ef1a1731e08b87493420d7a61007,25369067,0x39b38686a19836ac10162c490e4558e120cbbe5f,0x Settler,0x8b5ca8c300d039b4437cfdca7bac6a31544667344d7f1fe797c38c6265071539,250750,False,14803443746511336117882,0x7d26f46b1fbf7fef3671a77e76e3176e61298f91c7109040b57372e4c80bae36,0,True,60,9532451,15836616,28372298737734180784050.2907843031099745132622087256532990340,-4782.43060833725627946773553335274381063779013225752406858522,True,4782.430608337256279467735533,True,True,True,True
0x7b5d56c72474bd6236c8779f5a5a2eb90243c7f537ddbc6f650ca4ea86279fc2,0xa3fdcadd1a10ef1a1731e08b87493420d7a61007,25373134,0x39b38686a19836ac10162c490e4558e120cbbe5f,0x Settler,0x8b5ca8c300d039b4437cfdca7bac6a31544667344d7f1fe797c38c6265071539,250750,False,110059636034943711246441,0x7d26f46b1fbf7fef3671a77e76e3176e61298f91c7109040b57372e4c80bae36,0,True,60,9532451,15840683,2136183517218137763160007.21351190145307686868132119404348051,-9484.78379714178414268275328250360105023100558453354926673740,True,9484.783797141784142682753283,True,True,True,True
0x7b5d56c72474bd6236c8779f5a5a2eb90243c7f537ddbc6f650ca4ea86279fc2,0xa3fdcadd1a10ef1a1731e08b87493420d7a61007,25373134,0x39b38686a19836ac10162c490e4558e120cbbe5f,0x Settler,0x1007537a21c1d0c0b0d0560c1a97ced959d3ffd7ffeb5c92094afbd27ac10c63,950050,False,838577413370884741719,0x7d26f46b1fbf7fef3671a77e76e3176e61298f91c7109040b57372e4c80bae36,0,True,60,9532451,15840683,59278384342484545432608.6613737166511244370429000714684994598,-9858.53571707927266056823087452719002945706974204977621653519,True,9858.535717079272660568230875,True,True,True,True
0x7b5d56c72474bd6236c8779f5a5a2eb90243c7f537ddbc6f650ca4ea86279fc2,0xa3fdcadd1a10ef1a1731e08b87493420d7a61007,25373134,0x39b38686a19836ac10162c490e4558e120cbbe5f,0x Settler,0x6629b21c0d7274ec8a1408e6a4ff7d3d5664f1053a555b4c772fff2d8558988d,300700,False,577538175246538052596,0x7d26f46b1fbf7fef3671a77e76e3176e61298f91c7109040b57372e4c80bae36,0,True,60,9532451,15840683,59278384342484545432608.6613737166511244370429000714684994598,-9902.57187646853271293742786735061080364582091487652679130524,True,9902.571876468532712937427867,True,True,True,True
0xa5e3f58b5dcc4f829cafe76a315823d6c021ac450692932e5de1acf56582f71b,0xa3fdcadd1a10ef1a1731e08b87493420d7a61007,25373393,0x39b38686a19836ac10162c490e4558e120cbbe5f,0x Settler,0x8b5ca8c300d039b4437cfdca7bac6a31544667344d7f1fe797c38c6265071539,250750,False,28519349183035804248062,0x7d26f46b1fbf7fef3671a77e76e3176e61298f91c7109040b57372e4c80bae36,0,True,60,9532451,15840942,39936632919425909221340.7714183254165736631493423109885974994,-2858.84985833057778657686950798824252170449107003141090212440,True,2858.849858330577786576869508,True,True,True,True
0xf12f33490fce8321d4f9e7b0ffd020983cb43d116edfe78e603f1a570796914a,0xa3fdcadd1a10ef1a1731e08b87493420d7a61007,25373888,0x39b38686a19836ac10162c490e4558e120cbbe5f,0x Settler,0x8b5ca8c300d039b4437cfdca7bac6a31544667344d7f1fe797c38c6265071539,250750,False,502514533557295249802,0x7d26f46b1fbf7fef3671a77e76e3176e61298f91c7109040b57372e4c80bae36,0,True,60,9532451,15841437,808057293737537107741.146716211126964446569491349138648041838,-3781.20168641760160910407483227024665881480833158408344560046,True,3781.201686417601609104074832,True,True,True,True
0x3e3ec90ed91b0f041863e72ae3ae511f7c10d6d0b101e461dc31631a4d350ae1,0xa3fdcadd1a10ef1a1731e08b87493420d7a61007,25374096,0x8876789976decbfcbbbe364623c63652db8c0904,Uniswap UniversalRouter,0x8b5ca8c300d039b4437cfdca7bac6a31544667344d7f1fe797c38c6265071539,250750,False,26979207197616154198704,0x7d26f46b1fbf7fef3671a77e76e3176e61298f91c7109040b57372e4c80bae36,0,True,60,9532451,15841645,52419341697232554055303.6129479868634337597901861741815713604,-4853.19610584874926897343215301682754605543401005772717475787,True,4853.196105848749268973432153,True,True,True,True
0xb5b0ecab8dea102eedffeb0c6110780a24cee3095d658a8b0eb07ace4b3cda2c,0xa3fdcadd1a10ef1a1731e08b87493420d7a61007,25374712,0x8876789976decbfcbbbe364623c63652db8c0904,Uniswap UniversalRouter,0x8b5ca8c300d039b4437cfdca7bac6a31544667344d7f1fe797c38c6265071539,250750,False,1778301242071217976683,0x7d26f46b1fbf7fef3671a77e76e3176e61298f91c7109040b57372e4c80bae36,0,True,60,9532451,15842261,2185301421166024994633.28234710941886378136451895873913523094,-1862.44412396730780500250402316758141139655896919476368440787,True,1862.444123967307805002504023,True,True,True,True
0x74cf8518fece2671b3558bd6eab45427dfe9d71d45693ef033eaa356cf009525,0xa3fdcadd1a10ef1a1731e08b87493420d7a61007,25374862,0x8876789976decbfcbbbe364623c63652db8c0904,Uniswap UniversalRouter,0x8b5ca8c300d039b4437cfdca7bac6a31544667344d7f1fe797c38c6265071539,250750,False,14879328681545710141412,0x7d26f46b1fbf7fef3671a77e76e3176e61298f91c7109040b57372e4c80bae36,0,True,60,9532451,15842411,17360611880533069355697.7435083472510091635433270787174039203,-1429.26022196814973765823625052197108195897184771576384441310,True,1429.260221968149737658236251,True,True,True,True
0x74cf8518fece2671b3558bd6eab45427dfe9d71d45693ef033eaa356cf009525,0xa3fdcadd1a10ef1a1731e08b87493420d7a61007,25374862,0x8876789976decbfcbbbe364623c63652db8c0904,Uniswap UniversalRouter,0x6629b21c0d7274ec8a1408e6a4ff7d3d5664f1053a555b4c772fff2d8558988d,300700,False,138705759131511036955,0x7d26f46b1fbf7fef3671a77e76e3176e61298f91c7109040b57372e4c80bae36,0,True,60,9532451,15842411,175415090122688789102.598422017427385583526590134952235416922,-2092.71226127139454308313069074746606866282215933486058359549,True,2092.712261271394543083130691,True,True,True,True
0x86bd023e07715bb1d461630c1d15922fb90cc2067a98043cd197d586e378ce91,0xa3fdcadd1a10ef1a1731e08b87493420d7a61007,25374956,0x39b38686a19836ac10162c490e4558e120cbbe5f,0x Settler,0x8b5ca8c300d039b4437cfdca7bac6a31544667344d7f1fe797c38c6265071539,250750,False,1264008223787138058247,0x7d26f46b1fbf7fef3671a77e76e3176e61298f91c7109040b57372e4c80bae36,0,True,60,9532451,15842505,1749064236420674590704.49531694340230070433068404000208604447,-2773.23155166768687885306262386726933027738171459566036422057,True,2773.231551667686878853062624,True,True,True,True
0x4ecdd04c7a51c1799c34fb85b3c083a1dd76d22d8dca6e978f84adaea3bd26f1,0xa3fdcadd1a10ef1a1731e08b87493420d7a61007,25375442,0x39b38686a19836ac10162c490e4558e120cbbe5f,0x Settler,0x8b5ca8c300d039b4437cfdca7bac6a31544667344d7f1fe797c38c6265071539,250750,False,13934716773684294905219,0x7d26f46b1fbf7fef3671a77e76e3176e61298f91c7109040b57372e4c80bae36,0,True,60,9532451,15842991,24440614039969889616606.1650338718596163871295356720901023138,-4298.54063776972838365352610971605731041772521408702387393863,True,4298.540637769728383653526110,True,True,True,True
0x740301f736f65a367a5baf11dca049fe0d91cac4bf50e9e583bcf1569e587d05,0xa3fdcadd1a10ef1a1731e08b87493420d7a61007,25375659,0x39b38686a19836ac10162c490e4558e120cbbe5f,0x Settler,0x8b5ca8c300d039b4437cfdca7bac6a31544667344d7f1fe797c38c6265071539,250750,False,3890808653329989,0x7d26f46b1fbf7fef3671a77e76e3176e61298f91c7109040b57372e4c80bae36,0,True,60,9532451,15843208,5143649573872859.94598535833242840814955904302809135546577699,-2435.70426513242580231928782442649474168150217730156064453424,True,2435.704265132425802319287824,True,True,True,True
0xdd9d84339a3009509596c34c4000c63de673b7b780047d56564b54a6ffdf42ab,0xa3fdcadd1a10ef1a1731e08b87493420d7a61007,25375838,0x39b38686a19836ac10162c490e4558e120cbbe5f,0x Settler,0x8b5ca8c300d039b4437cfdca7bac6a31544667344d7f1fe797c38c6265071539,250750,False,4238901960852889452077,0x7d26f46b1fbf7fef3671a77e76e3176e61298f91c7109040b57372e4c80bae36,0,True,60,9532451,15843387,5582749346198977187863.45592335911509398248085842137824162546,-2407.14261381096777075009377799753602441036790025274799864418,True,2407.142613810967770750093778,True,True,True,True
0xc179475c9899b6924164cce8d72341fac7fda37e7eb72c5b73d05e5ed78a9874,0xa3fdcadd1a10ef1a1731e08b87493420d7a61007,25375968,0x39b38686a19836ac10162c490e4558e120cbbe5f,0x Settler,0x8b5ca8c300d039b4437cfdca7bac6a31544667344d7f1fe797c38c6265071539,250750,False,11327393179700647974689,0x7d26f46b1fbf7fef3671a77e76e3176e61298f91c7109040b57372e4c80bae36,0,True,60,9532451,15843517,18979164459944044940289.5548217070248918666850395952862497560,-4031.66920039743214000510058806916417066371914063482919330770,True,4031.669200397432140005100588,True,True,True,True
0x87d3a3d404ab6abea2bb99d3efac7587b4f3c04455d646746069374ed6e25046,0xa3fdcadd1a10ef1a1731e08b87493420d7a61007,25377423,0x39b38686a19836ac10162c490e4558e120cbbe5f,0x Settler,0x8b5ca8c300d039b4437cfdca7bac6a31544667344d7f1fe797c38c6265071539,250750,False,1605982486655713484972,0x7d26f46b1fbf7fef3671a77e76e3176e61298f91c7109040b57372e4c80bae36,0,True,60,9532451,15844972,2515118248410461112674.63218856972618633051147374477850423073,-3614.68397093979856184766320563161228183652991816838897385776,True,3614.683970939798561847663206,True,True,True,True
0x87d3a3d404ab6abea2bb99d3efac7587b4f3c04455d646746069374ed6e25046,0xa3fdcadd1a10ef1a1731e08b87493420d7a61007,25377423,0x39b38686a19836ac10162c490e4558e120cbbe5f,0x Settler,0x6629b21c0d7274ec8a1408e6a4ff7d3d5664f1053a555b4c772fff2d8558988d,300700,False,45493822506719758763,0x7d26f46b1fbf7fef3671a77e76e3176e61298f91c7109040b57372e4c80bae36,0,True,60,9532451,15844972,64758226365610565871.4827577192504254499715985083918010173355,-2974.81956193924471739951407617029370148168620894001371234160,True,2974.819561939244717399514076,True,True,True,True
0x7d1792b58d87fa316db4db73892e032ade56bf00efdf01eb7390f16e00f55d53,0xa3fdcadd1a10ef1a1731e08b87493420d7a61007,25377650,0x8876789976decbfcbbbe364623c63652db8c0904,Uniswap UniversalRouter,0x8b5ca8c300d039b4437cfdca7bac6a31544667344d7f1fe797c38c6265071539,250750,False,149128998584379787610,0x7d26f46b1fbf7fef3671a77e76e3176e61298f91c7109040b57372e4c80bae36,0,True,60,9532451,15845199,252114202137876849099.867363437596663524113223075424234239965,-4084.86323579566748462380739813379128619194899006431412943989,True,4084.863235795667484623807398,True,True,True,True
0xc9e0e2f7eb2d30cd88a9a1ffe68ed91a30f62586f892664788585b9d29ac8d4f,0xa3fdcadd1a10ef1a1731e08b87493420d7a61007,25378347,0x39b38686a19836ac10162c490e4558e120cbbe5f,0x Settler,0x8b5ca8c300d039b4437cfdca7bac6a31544667344d7f1fe797c38c6265071539,250750,False,375269531360857229849,0x7d26f46b1fbf7fef3671a77e76e3176e61298f91c7109040b57372e4c80bae36,0,True,60,9532451,15845896,664838324418335423661.592372089772621071592982658478960393016,-4355.47684936515736282749710094049423112415538136093161172496,True,4355.476849365157362827497101,True,True,True,True
0x649fa0c3d48474b429df79607042214d18e7ba0142377a83a6cfe31b61d4de9b,0xa3fdcadd1a10ef1a1731e08b87493420d7a61007,25378372,0x8876789976decbfcbbbe364623c63652db8c0904,Uniswap UniversalRouter,0x8b5ca8c300d039b4437cfdca7bac6a31544667344d7f1fe797c38c6265071539,250750,False,1678494843314416422379,0x7d26f46b1fbf7fef3671a77e76e3176e61298f91c7109040b57372e4c80bae36,0,True,60,9532451,15845921,3063447642249376155509.57083083631551257091755206710752028615,-4520.89593383107465685488735171662442015149961324948631708500,True,4520.895933831074656854887352,True,True,True,True
0xe31215371c5bad7c0e9158257c3307ac1b13c03dec620e8a75bb0042569d34d0,0xa3fdcadd1a10ef1a1731e08b87493420d7a61007,25381269,0x8876789976decbfcbbbe364623c63652db8c0904,Uniswap UniversalRouter,0x8b5ca8c300d039b4437cfdca7bac6a31544667344d7f1fe797c38c6265071539,250750,False,5288500262047187412581,0x7d26f46b1fbf7fef3671a77e76e3176e61298f91c7109040b57372e4c80bae36,0,True,60,9532451,15848818,9122155854716103033007.87205063721125248582178359151974648089,-4202.57629197043080636031836057728006052332597414410495160754,True,4202.576291970430806360318361,True,True,True,True
0x22d74da3e5a279a71165a961b78476ff7ae582c95d3609797c1d55eaea574e0c,0xa3fdcadd1a10ef1a1731e08b87493420d7a61007,25381472,0x8876789976decbfcbbbe364623c63652db8c0904,Uniswap UniversalRouter,0x8b5ca8c300d039b4437cfdca7bac6a31544667344d7f1fe797c38c6265071539,250750,False,3922855603218991819802,0x7d26f46b1fbf7fef3671a77e76e3176e61298f91c7109040b57372e4c80bae36,0,True,60,9532451,15849021,7468529843018901782366.37032058906899837485917728225157721841,-4747.48620454958308916245988620272578173593291985030588718311,True,4747.486204549583089162459886,True,True,True,True
0x52380014cb02dfe2a4b9d1b54fd63d25a06d7cd924989917ca24088078155b42,0xa3fdcadd1a10ef1a1731e08b87493420d7a61007,25381674,0x39b38686a19836ac10162c490e4558e120cbbe5f,0x Settler,0x8b5ca8c300d039b4437cfdca7bac6a31544667344d7f1fe797c38c6265071539,250750,False,7605101003224266169228,0x7d26f46b1fbf7fef3671a77e76e3176e61298f91c7109040b57372e4c80bae36,0,True,60,9532451,15849223,14998081494632581030365.0990746276904895366723933447761756906,-4929.28411814142240084528847327882873560814040424927349537024,True,4929.284118141422400845288473,True,True,True,True
0x9f2d79b9648aa9055163513636f4332f8ed5804909ed9e31f7cce24772f9c895,0xa3fdcadd1a10ef1a1731e08b87493420d7a61007,25381726,0x8876789976decbfcbbbe364623c63652db8c0904,Uniswap UniversalRouter,0x8b5ca8c300d039b4437cfdca7bac6a31544667344d7f1fe797c38c6265071539,250750,False,817004293134471952880,0x7d26f46b1fbf7fef3671a77e76e3176e61298f91c7109040b57372e4c80bae36,0,True,60,9532451,15849275,1489095167145423326008.94944681515215755273084567105865749110,-4513.41787173576763929786171395451297274747872030610583377853,True,4513.417871735767639297861714,True,True,True,True
0x93c9ed3eac8fb14fffebbc37c734e5c432d5d63fbdb8c6ff370504c0c3074ffc,0xa3fdcadd1a10ef1a1731e08b87493420d7a61007,25382026,0x39b38686a19836ac10162c490e4558e120cbbe5f,0x Settler,0x8b5ca8c300d039b4437cfdca7bac6a31544667344d7f1fe797c38c6265071539,250750,False,13293074276623715693006,0x7d26f46b1fbf7fef3671a77e76e3176e61298f91c7109040b57372e4c80bae36,0,True,60,9532451,15849575,29308326916248720274268.9373533354655484461070777988852699587,-5464.40357560842139531523864253675925033232782209573904698811,True,5464.403575608421395315238643,True,True,True,True
0x9cad40a6b1b2ad214a76f8fc956c6c0edc67a979932946e16f8f83072fb99aa9,0xa3fdcadd1a10ef1a1731e08b87493420d7a61007,25382243,0x39b38686a19836ac10162c490e4558e120cbbe5f,0x Settler,0x8b5ca8c300d039b4437cfdca7bac6a31544667344d7f1fe797c38c6265071539,250750,False,445673676019703183717,0x7d26f46b1fbf7fef3671a77e76e3176e61298f91c7109040b57372e4c80bae36,0,True,60,9532451,15849792,802365654820126210751.742216437438648200610522416209773778326,-4445.50407482715587247456796949379947684502696608735114941588,True,4445.504074827155872474567969,True,True,True,True
0x4fee794eab792e84d3160e25f3ab51ce6ebe4007a320d60bf300bbc9cb43f180,0xa3fdcadd1a10ef1a1731e08b87493420d7a61007,25385842,0x8876789976decbfcbbbe364623c63652db8c0904,Uniswap UniversalRouter,0x8b5ca8c300d039b4437cfdca7bac6a31544667344d7f1fe797c38c6265071539,250750,False,10960810800396185,0x7d26f46b1fbf7fef3671a77e76e3176e61298f91c7109040b57372e4c80bae36,0,True,60,9532451,15853391,15310694303625455.4846792338902606028838303034264061839389181,-2841.07527520763789973288436884476912388563638765963133811331,True,2841.075275207637899732884369,True,True,True,True
0x7dd70cd9fabc917211cec4887f8aade9ed314c003385d220e525c0201a0defa4,0xa3fdcadd1a10ef1a1731e08b87493420d7a61007,25389191,0x39b38686a19836ac10162c490e4558e120cbbe5f,0x Settler,0x8b5ca8c300d039b4437cfdca7bac6a31544667344d7f1fe797c38c6265071539,250750,False,8374769589355056641448,0x7d26f46b1fbf7fef3671a77e76e3176e61298f91c7109040b57372e4c80bae36,0,True,60,9532451,15856740,9983085397519814399113.93633126520856355003373367494617101008,-1611.04081966916338510361774963789224317535004029129268128373,True,1611.040819669163385103617750,True,True,True,True
0xed34a9f52ff76d3a8ab19299254e1a2e4c1810f27b2d898157ac5b9ca94634e5,0xa3fdcadd1a10ef1a1731e08b87493420d7a61007,25389900,0x8876789976decbfcbbbe364623c63652db8c0904,Uniswap UniversalRouter,0x8b5ca8c300d039b4437cfdca7bac6a31544667344d7f1fe797c38c6265071539,250750,False,19178208513699988563101,0x7d26f46b1fbf7fef3671a77e76e3176e61298f91c7109040b57372e4c80bae36,0,True,60,9532451,15857449,34225346746714831243595.5748037735473329128262432699059389484,-4396.48963803680490692705866831313652421364703513337314136584,True,4396.489638036804906927058668,True,True,True,True
0xb726b09d9a9210c2f9ca1f49a61e2f15e027b0f5bae4c7fa5cb6e49dcb61290a,0xa3fdcadd1a10ef1a1731e08b87493420d7a61007,25393287,0x39b38686a19836ac10162c490e4558e120cbbe5f,0x Settler,0x8b5ca8c300d039b4437cfdca7bac6a31544667344d7f1fe797c38c6265071539,250750,False,4896828250495177692482,0x7d26f46b1fbf7fef3671a77e76e3176e61298f91c7109040b57372e4c80bae36,0,True,60,9532451,15860836,7132296330206299430292.65177041064244174527911228585793332318,-3134.28940163856249368373984164946380190499559218457371997765,True,3134.289401638562493683739842,True,True,True,True
0x81756703e4bc8ffa12f4965322fe43c8a771bbab29ae22c75cbe399e073d6a0a,0xa3fdcadd1a10ef1a1731e08b87493420d7a61007,25394909,0x39b38686a19836ac10162c490e4558e120cbbe5f,0x Settler,0x8b5ca8c300d039b4437cfdca7bac6a31544667344d7f1fe797c38c6265071539,250750,False,178061051146022000098,0x7d26f46b1fbf7fef3671a77e76e3176e61298f91c7109040b57372e4c80bae36,0,True,60,9532451,15862458,242283778401722618696.079338860269872825102639460584901896005,-2650.72336577214283840300198778207648757926610891019773910130,True,2650.723365772142838403001988,True,True,True,True
0x81756703e4bc8ffa12f4965322fe43c8a771bbab29ae22c75cbe399e073d6a0a,0xa3fdcadd1a10ef1a1731e08b87493420d7a61007,25394909,0x39b38686a19836ac10162c490e4558e120cbbe5f,0x Settler,0x6629b21c0d7274ec8a1408e6a4ff7d3d5664f1053a555b4c772fff2d8558988d,300700,False,184172558517156729671,0x7d26f46b1fbf7fef3671a77e76e3176e61298f91c7109040b57372e4c80bae36,0,True,60,9532451,15862458,205941410638634291699.962227434702681708297240968824827941591,-1057.04103191151779322581572375225923093216853383783321966481,True,1057.041031911517793225815724,True,True,True,True
0xfe8ed014c0bcde42863cf0a515de5f129c770b4bdb2dfa9a512bc202c1792635,0xa3fdcadd1a10ef1a1731e08b87493420d7a61007,25395017,0x8876789976decbfcbbbe364623c63652db8c0904,Uniswap UniversalRouter,0x8b5ca8c300d039b4437cfdca7bac6a31544667344d7f1fe797c38c6265071539,250750,False,7326370768768160350804,0x7d26f46b1fbf7fef3671a77e76e3176e61298f91c7109040b57372e4c80bae36,0,True,60,9532451,15862566,11162834141107486924348.4550267041134638677656203242771414812,-3436.81839561821477542235899074416795539058979710602898450076,True,3436.818395618214775422358991,True,True,True,True
0xfe8ed014c0bcde42863cf0a515de5f129c770b4bdb2dfa9a512bc202c1792635,0xa3fdcadd1a10ef1a1731e08b87493420d7a61007,25395017,0x8876789976decbfcbbbe364623c63652db8c0904,Uniswap UniversalRouter,0x6629b21c0d7274ec8a1408e6a4ff7d3d5664f1053a555b4c772fff2d8558988d,300700,False,88075408167143763098,0x7d26f46b1fbf7fef3671a77e76e3176e61298f91c7109040b57372e4c80bae36,0,True,60,9532451,15862566,134531699721907481179.818778955985509502537728671337621464590,-3453.18550577999264168881685082918797855653202684696179543223,True,3453.185505779992641688816851,True,True,True,True
0x97e1d900c5be88f20eedf888be2167486d521635bee7e59643ff0f6ff1d1a594,0xa3fdcadd1a10ef1a1731e08b87493420d7a61007,25395225,0x8876789976decbfcbbbe364623c63652db8c0904,Uniswap UniversalRouter,0x8b5ca8c300d039b4437cfdca7bac6a31544667344d7f1fe797c38c6265071539,250750,False,6076795898108977368550,0x7d26f46b1fbf7fef3671a77e76e3176e61298f91c7109040b57372e4c80bae36,0,True,60,9532451,15862774,11756970011359966110207.2852162866379882027048005241983767214,-4831.32482923969365312720309606806030359331232787817929098206,True,4831.324829239693653127203096,True,True,True,True
0x5cdcdd906df8c6d85dd2dd06ba5c99257c50f2ec463d54a18d6353779f0708b6,0xa3fdcadd1a10ef1a1731e08b87493420d7a61007,25396438,0x39b38686a19836ac10162c490e4558e120cbbe5f,0x Settler,0x8b5ca8c300d039b4437cfdca7bac6a31544667344d7f1fe797c38c6265071539,250750,False,1159505648630609702788,0x7d26f46b1fbf7fef3671a77e76e3176e61298f91c7109040b57372e4c80bae36,0,True,60,9532451,15863987,2091150313143072620859.17518588784385143812947833084929967152,-4455.17789255507009707247247118730234278588705261483857693469,True,4455.177892555070097072472471,True,True,True,True
0x9d3eafe810e750b839e0e51205700d581bb9a1efe9b123961a08c2eff40fa2e7,0xa3fdcadd1a10ef1a1731e08b87493420d7a61007,25397254,0x8876789976decbfcbbbe364623c63652db8c0904,Uniswap UniversalRouter,0x8b5ca8c300d039b4437cfdca7bac6a31544667344d7f1fe797c38c6265071539,250750,False,3513004371467284,0x7d26f46b1fbf7fef3671a77e76e3176e61298f91c7109040b57372e4c80bae36,0,True,60,9532451,15864803,3943625116688730.23612017642774208132803108228293218541336879,-1091.94138002401578089260566232378158727702602338052548493701,True,1091.941380024015780892605662,True,True,True,True
0x46c223b286bf5bc4cd131f2a1e523f0801bc337b06f91f71bf3291112abe13fb,0xa3fdcadd1a10ef1a1731e08b87493420d7a61007,25397475,0x8876789976decbfcbbbe364623c63652db8c0904,Uniswap UniversalRouter,0x8b5ca8c300d039b4437cfdca7bac6a31544667344d7f1fe797c38c6265071539,250750,False,357023820222882,0x7d26f46b1fbf7fef3671a77e76e3176e61298f91c7109040b57372e4c80bae36,0,True,60,9532451,15865024,409721023071870.363305602035557325954819419223822103418984148,-1286.17278298030103246483614770122780532128674288544250414575,True,1286.172782980301032464836148,True,True,True,True
0xd055a4cb1852a3fb677afff9087503c83f0c55f031ade08b2d84eacfa211faa9,0xa3fdcadd1a10ef1a1731e08b87493420d7a61007,25398709,0x39b38686a19836ac10162c490e4558e120cbbe5f,0x Settler,0x8b5ca8c300d039b4437cfdca7bac6a31544667344d7f1fe797c38c6265071539,250750,False,24998914953340182825710,0x7d26f46b1fbf7fef3671a77e76e3176e61298f91c7109040b57372e4c80bae36,0,True,60,9532451,15866258,36514708881312891000495.1028067125026275532076501585455087877,-3153.74113084224494573806927123843933309826817502713638305814,True,3153.741130842244945738069271,True,True,True,True
0x74269a3c51beb4ea2419873e70d8077d635bc233e7d974a338b627406308d049,0xa3fdcadd1a10ef1a1731e08b87493420d7a61007,25401492,0x39b38686a19836ac10162c490e4558e120cbbe5f,0x Settler,0x8b5ca8c300d039b4437cfdca7bac6a31544667344d7f1fe797c38c6265071539,250750,False,11223582903314722800354,0x7d26f46b1fbf7fef3671a77e76e3176e61298f91c7109040b57372e4c80bae36,0,True,60,9532451,15869041,23816518996433716881985.5909751452626851228773076797019857934,-5287.47970893843010555601236960216582579254073741120964632325,True,5287.479708938430105556012370,True,True,True,True
0xd7cca890cba5bacaaaf0bffa0750edea7388a64e1a6cc0cd15218669c4e8cd59,0xa3fdcadd1a10ef1a1731e08b87493420d7a61007,25403114,0x39b38686a19836ac10162c490e4558e120cbbe5f,0x Settler,0x8b5ca8c300d039b4437cfdca7bac6a31544667344d7f1fe797c38c6265071539,250750,False,23973572102385712484510,0x7d26f46b1fbf7fef3671a77e76e3176e61298f91c7109040b57372e4c80bae36,0,True,60,9532451,15870663,58418730317243731945892.5181044784676124785422335200051460047,-5896.25245666982251693512965867860738757561073784304968690532,True,5896.252456669822516935129659,True,True,True,True
0x55e0e6725a93506b32633e2589c95dace30ac60673dab2d99a52370f8817a1c1,0xa3fdcadd1a10ef1a1731e08b87493420d7a61007,25405571,0x39b38686a19836ac10162c490e4558e120cbbe5f,0x Settler,0x8b5ca8c300d039b4437cfdca7bac6a31544667344d7f1fe797c38c6265071539,250750,False,662468069018734113706,0x7d26f46b1fbf7fef3671a77e76e3176e61298f91c7109040b57372e4c80bae36,0,True,60,9532451,15873120,1180588724736421871450.22258592114324819594373884827411032014,-4388.66342581209495292497627077293661898773256185217691035453,True,4388.663425812094952924976271,True,True,True,True
0x3e39024e753e692c4ee67ef72192cc338161b31de70a43dd22490b6d5abe2dca,0xa3fdcadd1a10ef1a1731e08b87493420d7a61007,25406912,0x8876789976decbfcbbbe364623c63652db8c0904,Uniswap UniversalRouter,0xd5916d4aab296ae1dd53648297c552fac4312d123a9c29471c4558ff90777209,9991,False,15706471053139299552,0x7d3f39297773abdbbca4f63d4c7fab804c9f6de00852aab05b25a70beac4d99a,865550,False,8656,25406495,417,18327590338225423871.4642106466262126687927010980050202982161,-1430.14942865637797920000937672109906076155582687307992905208,True,1430.149428656377979200009377,True,True,False,False
0x3e39024e753e692c4ee67ef72192cc338161b31de70a43dd22490b6d5abe2dca,0xa3fdcadd1a10ef1a1731e08b87493420d7a61007,25406912,0x8876789976decbfcbbbe364623c63652db8c0904,Uniswap UniversalRouter,0x8b5ca8c300d039b4437cfdca7bac6a31544667344d7f1fe797c38c6265071539,250750,False,127688561435418686923,0x7d26f46b1fbf7fef3671a77e76e3176e61298f91c7109040b57372e4c80bae36,0,True,60,9532451,15874461,233555507741909736332.751373748636491668842797704199150748160,-4532.83878124078345567888493424181958333911311494696427930319,True,4532.838781240783455678884934,True,True,True,True
0x355818042ac09c71afe0fe7d5a5e917797439a4d75ba9cd526fae382afaa5002,0xa3fdcadd1a10ef1a1731e08b87493420d7a61007,25417586,0xa633c73658857d5241fe21d43f854a82e2d0592c,unlabelled router A,0x8b5ca8c300d039b4437cfdca7bac6a31544667344d7f1fe797c38c6265071539,250750,False,1407870631735328902562,0x7d26f46b1fbf7fef3671a77e76e3176e61298f91c7109040b57372e4c80bae36,0,True,60,9532451,15885135,2547053478884997597084.07783617920821737969944817623416501445,-4472.55174103513244003056514826835569521834909894341199606527,True,4472.551741035132440030565148,True,True,True,True
0xcf5c11911000144dceefa8694f742386c8d1ff7b5956bf1fdadbd00839630faa,0xa3fdcadd1a10ef1a1731e08b87493420d7a61007,25423845,0x8876789976decbfcbbbe364623c63652db8c0904,Uniswap UniversalRouter,0x8b5ca8c300d039b4437cfdca7bac6a31544667344d7f1fe797c38c6265071539,250750,False,409965555825430291715,0x7d26f46b1fbf7fef3671a77e76e3176e61298f91c7109040b57372e4c80bae36,0,True,60,9532451,15891394,676797033937802220687.844024175177265886757366116856686602303,-3942.56275858463342218372096071768643780453025735964520639610,True,3942.562758584633422183720961,True,True,True,True
0x7961aa5597dde8ffbcc92881c237743f70ece4e1498df5d1a9a829fca9b431f6,0xa3fdcadd1a10ef1a1731e08b87493420d7a61007,25424380,0x8876789976decbfcbbbe364623c63652db8c0904,Uniswap UniversalRouter,0x8b5ca8c300d039b4437cfdca7bac6a31544667344d7f1fe797c38c6265071539,250750,False,607370760724382035957,0x7d26f46b1fbf7fef3671a77e76e3176e61298f91c7109040b57372e4c80bae36,0,True,60,9532451,15891929,1013112910254219126251.90260977053491234862778613635949740362,-4004.90552852618107370252159012637992461144047363534011336190,True,4004.905528526181073702521590,True,True,True,True
0xe389546ecc142156de6df903f367c71dc145fca6e17ea6c135d18e1cd74007d3,0xa3fdcadd1a10ef1a1731e08b87493420d7a61007,25486482,0x8876789976decbfcbbbe364623c63652db8c0904,Uniswap UniversalRouter,0x8b5ca8c300d039b4437cfdca7bac6a31544667344d7f1fe797c38c6265071539,250750,False,1932141113860490021903,0x7d26f46b1fbf7fef3671a77e76e3176e61298f91c7109040b57372e4c80bae36,0,True,60,9532451,15954031,3092128512356235103726.48137845269624736122509250287978111698,-3751.42040138500659523228365518365750218790171735141494119601,True,3751.420401385006595232283655,True,True,True,True
0xee7d74fc9044f3ca02ca48f3c73a81cd7b2080adef1a36d3bb566a223d7c0ec2,0xa3fdcadd1a10ef1a1731e08b87493420d7a61007,25608224,0x39b38686a19836ac10162c490e4558e120cbbe5f,0x Settler,0x8b5ca8c300d039b4437cfdca7bac6a31544667344d7f1fe797c38c6265071539,250750,False,4807724691465434054387,0x7d26f46b1fbf7fef3671a77e76e3176e61298f91c7109040b57372e4c80bae36,0,True,60,9532451,16075773,7326647341792224320584.90447502219834146115233689416157775059,-3438.02906406932142014034077288057384735490015223591961315356,True,3438.029064069321420140340773,True,True,True,True
0x4c23fc69399b553cf9f1e3be2e34cfe859425ce030ea0f20aa6d98c121627180,0xa3fdcadd1a10ef1a1731e08b87493420d7a61007,25611100,0x39b38686a19836ac10162c490e4558e120cbbe5f,0x Settler,0x8b5ca8c300d039b4437cfdca7bac6a31544667344d7f1fe797c38c6265071539,250750,False,8475887482275383924743,0x7d26f46b1fbf7fef3671a77e76e3176e61298f91c7109040b57372e4c80bae36,0,True,60,9532451,16078649,14651454528249194841774.8401527321710218146039001806874106416,-4214.98564123228574581890815248957300574574829338744259513661,True,4214.985641232285745818908152,True,True,True,True
0xf6fedf6ace021b9158edbcf9f165286ae8efb436db6437ca0000f18413f4e5b0,0xa3fdcadd1a10ef1a1731e08b87493420d7a61007,25611345,0x39b38686a19836ac10162c490e4558e120cbbe5f,0x Settler,0x8b5ca8c300d039b4437cfdca7bac6a31544667344d7f1fe797c38c6265071539,250750,False,6507714126274185387821,0x7d26f46b1fbf7fef3671a77e76e3176e61298f91c7109040b57372e4c80bae36,0,True,60,9532451,16078894,12397908355371433989491.9296996652988700730410425219476980310,-4750.95803280825418883124151896246516468952812156912149063407,True,4750.958032808254188831241519,True,True,True,True
0xea008cf840063d2f989091438ed9ca382fb6d39db6fd70857f8cbc215abe41c7,0xa3fdcadd1a10ef1a1731e08b87493420d7a61007,25746898,0x39b38686a19836ac10162c490e4558e120cbbe5f,0x Settler,0x8b5ca8c300d039b4437cfdca7bac6a31544667344d7f1fe797c38c6265071539,250750,False,265140084405524656115,0x7d26f46b1fbf7fef3671a77e76e3176e61298f91c7109040b57372e4c80bae36,0,True,60,9532451,16214447,426185717703781168552.330700194570415472331508384942275590521,-3778.76654726826612082448246188531952450659976707544469313025,True,3778.766547268266120824482462,True,True,True,True
0x36053fa1cfdfdc87fef0c21cbad8efcc250adda271422191cdcb4c8d6aec93d5,0xa3fdcadd1a10ef1a1731e08b87493420d7a61007,25748563,0x39b38686a19836ac10162c490e4558e120cbbe5f,0x Settler,0x8b5ca8c300d039b4437cfdca7bac6a31544667344d7f1fe797c38c6265071539,250750,False,432224570675368989368,0x7d26f46b1fbf7fef3671a77e76e3176e61298f91c7109040b57372e4c80bae36,0,True,60,9532451,16216112,697371604459727042837.618168113881099453116801008866004916293,-3802.09105287237427917956766640238849409543886378984573130716,True,3802.091052872374279179567666,True,True,True,True
0x81153340fd0b50fdb54adfb56edf8055d02d434f03e48e3ff8f4e23813a548f8,0xa3fdcadd1a10ef1a1731e08b87493420d7a61007,25750403,0x8876789976decbfcbbbe364623c63652db8c0904,Uniswap UniversalRouter,0x8b5ca8c300d039b4437cfdca7bac6a31544667344d7f1fe797c38c6265071539,250750,False,147185933876600436098,0x7d26f46b1fbf7fef3671a77e76e3176e61298f91c7109040b57372e4c80bae36,0,True,60,9532451,16217952,238368329339619208820.325336347011480051819283386964196766895,-3825.27308538145396171451602834140336066617625210932952765917,True,3825.273085381453961714516028,True,True,True,True
0xa8a2aacd0ca0cf0b3d38f81cc963522e9f45c4403a64551a23a884acaf60d2ea,0xa3fdcadd1a10ef1a1731e08b87493420d7a61007,25750729,0x39b38686a19836ac10162c490e4558e120cbbe5f,0x Settler,0x8b5ca8c300d039b4437cfdca7bac6a31544667344d7f1fe797c38c6265071539,250750,False,146789169197869407004,0x7d26f46b1fbf7fef3671a77e76e3176e61298f91c7109040b57372e4c80bae36,0,True,60,9532451,16218278,237783405352809513562.362473037466847756779175627109075680832,-3826.76982945584559838472766746444961101375056240307771532647,True,3826.769829455845598384727667,True,True,True,True
0x9d76179c190642914a7b70c7f109eae8b3cf929b21cb9878798e2686df9cfeb4,0xa3fdcadd1a10ef1a1731e08b87493420d7a61007,25754347,0x8876789976decbfcbbbe364623c63652db8c0904,Uniswap UniversalRouter,0x8b5ca8c300d039b4437cfdca7bac6a31544667344d7f1fe797c38c6265071539,250750,False,255008049301668130910,0x7d26f46b1fbf7fef3671a77e76e3176e61298f91c7109040b57372e4c80bae36,0,True,60,9532451,16221896,421785324635470809156.113389403641869369113670954526201606371,-3954.07961331846769310056715973941745711756196281346402390837,True,3954.079613318467693100567160,True,True,True,True
0x250b624245d60de77de77ee2cbea958abe2636760f59c403255c9a3f5eb0ac3c,0xa3fdcadd1a10ef1a1731e08b87493420d7a61007,25755300,0x39b38686a19836ac10162c490e4558e120cbbe5f,0x Settler,0x8b5ca8c300d039b4437cfdca7bac6a31544667344d7f1fe797c38c6265071539,250750,False,358588036113115206045,0x7d26f46b1fbf7fef3671a77e76e3176e61298f91c7109040b57372e4c80bae36,0,True,60,9532451,16222849,596488864202838909219.533994523792825553743302018169540903965,-3988.35321775302047461878303774410283318157249876698169028984,True,3988.353217753020474618783038,True,True,True,True
0xb38b906041725b4d91261c027870c3360680ec56c231884dbcce695f2c9ddb79,0xa3fdcadd1a10ef1a1731e08b87493420d7a61007,25761263,0x8876789976decbfcbbbe364623c63652db8c0904,Uniswap UniversalRouter,0x8b5ca8c300d039b4437cfdca7bac6a31544667344d7f1fe797c38c6265071539,250750,False,456235811024731681076,0x7d26f46b1fbf7fef3671a77e76e3176e61298f91c7109040b57372e4c80bae36,0,True,60,9532451,16228812,783608469191015054037.378829860225293186715940244281752972954,-4177.75803909135526714382569335810282486167848217645102888283,True,4177.758039091355267143825693,True,True,True,True
0x61aa932341b0621af5c45d7aafd1bbd7d8c9290bb9a0de2d27a0b08d378cf12e,0xa3fdcadd1a10ef1a1731e08b87493420d7a61007,25761873,0x8876789976decbfcbbbe364623c63652db8c0904,Uniswap UniversalRouter,0x8b5ca8c300d039b4437cfdca7bac6a31544667344d7f1fe797c38c6265071539,250750,False,472729530888950497248,0x7d26f46b1fbf7fef3671a77e76e3176e61298f91c7109040b57372e4c80bae36,0,True,60,9532451,16229422,784407085291929721937.887488249116922253428123836994913378590,-3973.41584806036531813199651875180144523447835121436332627026,True,3973.415848060365318131996519,True,True,True,True
0x9dd89c77065d7adcb88259fc2e668e58ac3f8cefcf649c5df9fe6d45cf009a28,0xa3fdcadd1a10ef1a1731e08b87493420d7a61007,25762244,0x39b38686a19836ac10162c490e4558e120cbbe5f,0x Settler,0x8b5ca8c300d039b4437cfdca7bac6a31544667344d7f1fe797c38c6265071539,250750,False,468595578915439178467,0x7d26f46b1fbf7fef3671a77e76e3176e61298f91c7109040b57372e4c80bae36,0,True,60,9532451,16229793,784407085291929721937.887488249116922253428123836994913378590,-4026.11746245198956024981900822265274289509573756331508164323,True,4026.117462451989560249819008,True,True,True,True
0xf4b238b0df238a617c67af98632524103323eea38c11396497eba7ae38927125,0xa3fdcadd1a10ef1a1731e08b87493420d7a61007,25762493,0x8876789976decbfcbbbe364623c63652db8c0904,Uniswap UniversalRouter,0x8b5ca8c300d039b4437cfdca7bac6a31544667344d7f1fe797c38c6265071539,250750,False,464515617099832828930,0x7d26f46b1fbf7fef3671a77e76e3176e61298f91c7109040b57372e4c80bae36,0,True,60,9532451,16230042,784284568411094652991.416682301185007311990960436816642615081,-4077.20570046521784680428916148321580309303583450796713783425,True,4077.205700465217846804289161,True,True,True,True
0x1d7a35b3a99f55719dcad830c56a70c5dd081b4dc8c73eb336f494bca4fc4177,0xa3fdcadd1a10ef1a1731e08b87493420d7a61007,25763587,0x39b38686a19836ac10162c490e4558e120cbbe5f,0x Settler,0x8b5ca8c300d039b4437cfdca7bac6a31544667344d7f1fe797c38c6265071539,250750,False,464885983132745998852,0x7d26f46b1fbf7fef3671a77e76e3176e61298f91c7109040b57372e4c80bae36,0,True,60,9532451,16231136,790982759672604483627.202680511887780924238563318180755267597,-4122.67868739431358206924049717292724739474449625871680790203,True,4122.678687394313582069240497,True,True,True,True
0x713aa732f445938f7da184dcfe1953ed86813f15f472d04e76b70cd0225b47c7,0xa3fdcadd1a10ef1a1731e08b87493420d7a61007,25764538,0x39b38686a19836ac10162c490e4558e120cbbe5f,0x Settler,0x8b5ca8c300d039b4437cfdca7bac6a31544667344d7f1fe797c38c6265071539,250750,False,460835106768371194583,0x7d26f46b1fbf7fef3671a77e76e3176e61298f91c7109040b57372e4c80bae36,0,True,60,9532451,16232087,790982759672604483627.202680511887780924238563318180755267597,-4173.89189419102684668491529720156310276985123195478220534476,True,4173.891894191026846684915297,True,True,True,True
0x27cc7b3cbfdca437138a16dba793b014aa5241fbd00525a8722d8c4e39db81c0,0xa3fdcadd1a10ef1a1731e08b87493420d7a61007,25796196,0x8876789976decbfcbbbe364623c63652db8c0904,Uniswap UniversalRouter,0x8b5ca8c300d039b4437cfdca7bac6a31544667344d7f1fe797c38c6265071539,250750,False,479777390405935728043,0x7d26f46b1fbf7fef3671a77e76e3176e61298f91c7109040b57372e4c80bae36,0,True,60,9532451,16263745,751949669444827271409.167513998554703583431214298600332517132,-3619.55447416898709107649133555199770683429097074012347819511,True,3619.554474168987091076491336,True,True,True,True
0xe6d19bccdf827888eb1db41a2317a27230c52583c2526e2d4de5452c1c91778d,0xa3fdcadd1a10ef1a1731e08b87493420d7a61007,26721027,0x8876789976decbfcbbbe364623c63652db8c0904,Uniswap UniversalRouter,0x8b5ca8c300d039b4437cfdca7bac6a31544667344d7f1fe797c38c6265071539,250750,False,2306110910366063,0x7d26f46b1fbf7fef3671a77e76e3176e61298f91c7109040b57372e4c80bae36,0,True,60,9532451,17188576,3001116005610045.98165735459620356707441924231741637671937671,-2315.82216063889600070382308438732829845466892582414227745464,True,2315.822160638896000703823084,True,True,True,True
0x8c81bcc1cccf34753aa0cf53a522d64a0cad2194cf091f868adb8b6aa6a78692,0xa3fdcadd1a10ef1a1731e08b87493420d7a61007,26897831,0x39b38686a19836ac10162c490e4558e120cbbe5f,0x Settler,0x8b5ca8c300d039b4437cfdca7bac6a31544667344d7f1fe797c38c6265071539,250750,False,341085041290920773360,0x7d26f46b1fbf7fef3671a77e76e3176e61298f91c7109040b57372e4c80bae36,0,True,60,9532451,17365380,472994096080313205546.149782798517891660414398574424186149836,-2788.80975222563046749296786476327132463814834002089352332545,True,2788.809752225630467492967865,True,True,True,True
0xb761d015ac5e2ad2460b22533b8e81e4e4c01aa59bccdac9751b6dcc5f000aef,0xa3fdcadd1a10ef1a1731e08b87493420d7a61007,26901238,0x39b38686a19836ac10162c490e4558e120cbbe5f,0x Settler,0xb48fb6d64bffbc77c68afb586092aff9e8f1d7cf045ce449d27c76af2bff9e72,900100,False,119765841287990,0x7d26f46b1fbf7fef3671a77e76e3176e61298f91c7109040b57372e4c80bae36,0,True,60,9532451,17368787,144919500365307.489967377466336200722665727140702591912500280,-1735.69871645369434911434809854839990697018980097016244962675,True,1735.698716453694349114348099,True,True,True,True
0xb761d015ac5e2ad2460b22533b8e81e4e4c01aa59bccdac9751b6dcc5f000aef,0xa3fdcadd1a10ef1a1731e08b87493420d7a61007,26901238,0x39b38686a19836ac10162c490e4558e120cbbe5f,0x Settler,0x647ae9c958774a4fb9437b8acfc60f2920b4d46a3186408ddf983a39251420bc,2899,False,84969,0xccf79a5bcebd5fae1ba11af2cbeb3894240f4d7a9d596791477509b8266aa56b,10000,False,100,26005967,895271,111996.794758198047067782214597854743424243652208772517802077,-2413.26502392780674131416974299584024602560236049409544900046,True,2413.265023927806741314169743,True,True,False,False
0xb761d015ac5e2ad2460b22533b8e81e4e4c01aa59bccdac9751b6dcc5f000aef,0xa3fdcadd1a10ef1a1731e08b87493420d7a61007,26901238,0x39b38686a19836ac10162c490e4558e120cbbe5f,0x Settler,0x2ee674740131e57c21b0c7e71f21184fb10d10a8357595e1331cecb9a274da60,200800,False,94404,0xccf79a5bcebd5fae1ba11af2cbeb3894240f4d7a9d596791477509b8266aa56b,10000,False,100,26005967,895271,158954.983165926175738524127108337945793875390736090903106273,-4060.96002026839379672084429595509012874386252429293789809761,True,4060.960020268393796720844296,True,True,False,False
0x1dcf25e651842fae9c86ba963a8047cf8e71cf22f6aa993a9e71222d49449e3f,0xa3fdcadd1a10ef1a1731e08b87493420d7a61007,26969284,0x39b38686a19836ac10162c490e4558e120cbbe5f,0x Settler,0x647ae9c958774a4fb9437b8acfc60f2920b4d46a3186408ddf983a39251420bc,2899,False,23154269624281732103,0xccf79a5bcebd5fae1ba11af2cbeb3894240f4d7a9d596791477509b8266aa56b,10000,False,100,26005967,963317,27139086866468994928.2139526314975466130048054860257503447114,-1468.29451624277083261601981204435184804767051069351640521080,True,1468.294516242770832616019812,True,True,True,True
0x1dcf25e651842fae9c86ba963a8047cf8e71cf22f6aa993a9e71222d49449e3f,0xa3fdcadd1a10ef1a1731e08b87493420d7a61007,26969284,0x39b38686a19836ac10162c490e4558e120cbbe5f,0x Settler,0x8b5ca8c300d039b4437cfdca7bac6a31544667344d7f1fe797c38c6265071539,250750,False,254076872947930484527,0x7d26f46b1fbf7fef3671a77e76e3176e61298f91c7109040b57372e4c80bae36,0,True,60,9532451,17436833,354510743880453961508.576759631980024842747944826231164031837,-2833.02756450143579312484610198013782988748902737748183089720,True,2833.027564501435793124846102,True,True,True,True
0x34fe007ea795e6588ecb2436a6ff756619b1e9fef8ed853763bb72046fa6dbad,0xa3fdcadd1a10ef1a1731e08b87493420d7a61007,28979325,0x8876789976decbfcbbbe364623c63652db8c0904,Uniswap UniversalRouter,0x8b5ca8c300d039b4437cfdca7bac6a31544667344d7f1fe797c38c6265071539,250750,False,5449196397979553122194,0x7d26f46b1fbf7fef3671a77e76e3176e61298f91c7109040b57372e4c80bae36,0,True,60,9532451,19446874,8648700150953958791868.32453019077896512352744357439333806769,-3699.40418459471942152771275542359760662826887949749090481443,True,3699.404184594719421527712755,True,True,True,True
0x3cb6aa60923dfa05156b4cf0d27166c45ffa2bdf6a27fae90069795df866e863,0xa3fdcadd1a10ef1a1731e08b87493420d7a61007,29772436,0x8876789976decbfcbbbe364623c63652db8c0904,Uniswap UniversalRouter,0x8b5ca8c300d039b4437cfdca7bac6a31544667344d7f1fe797c38c6265071539,250750,False,1143257024943838892596,0x7d26f46b1fbf7fef3671a77e76e3176e61298f91c7109040b57372e4c80bae36,0,True,60,9532451,20239985,1872919155325048563478.60500063822631122820499433437710788435,-3895.85491881295573804136859929995217524844935176654437062692,True,3895.854918812955738041368599,True,True,True,True
0x537fd9732adf3da1077b380d53585c0c7384b6eb00e4bd83785db0951932f060,0xa3fdcadd1a10ef1a1731e08b87493420d7a61007,29779654,0x8876789976decbfcbbbe364623c63652db8c0904,Uniswap UniversalRouter,0x8b5ca8c300d039b4437cfdca7bac6a31544667344d7f1fe797c38c6265071539,250750,False,38212144488943702701274,0x7d26f46b1fbf7fef3671a77e76e3176e61298f91c7109040b57372e4c80bae36,0,True,60,9532451,20247203,90562144236040752739148.0435790400699585624023303900147245448,-5780.56098259469800971737887841527636354987227576424382440012,True,5780.560982594698009717378878,True,True,True,True
0x5e87dd7d866b8e42f41a8dab213fd873143207b12924aa66672a47a228216c0d,0xa3fdcadd1a10ef1a1731e08b87493420d7a61007,29794930,0x8876789976decbfcbbbe364623c63652db8c0904,Uniswap UniversalRouter,0x8b5ca8c300d039b4437cfdca7bac6a31544667344d7f1fe797c38c6265071539,250750,False,22115965047790611227029,0x7d26f46b1fbf7fef3671a77e76e3176e61298f91c7109040b57372e4c80bae36,0,True,60,9532451,20262479,44596372755120453696256.2516666036755213265687426837260106112,-5040.86012348362869580396591575616402139948810103350177476690,True,5040.860123483628695803965916,True,True,True,True
0x439c8aaa4f374395305a755047dbb9fe414a6b763a289b27bf7d14247f71c68f,0xa3fdcadd1a10ef1a1731e08b87493420d7a61007,29978357,0x8876789976decbfcbbbe364623c63652db8c0904,Uniswap UniversalRouter,0x8b5ca8c300d039b4437cfdca7bac6a31544667344d7f1fe797c38c6265071539,250750,False,1442108610813858,0x7d26f46b1fbf7fef3671a77e76e3176e61298f91c7109040b57372e4c80bae36,0,True,60,9532451,20445906,1616228862439760.24422215740451806885420844659620098144476894,-1077.32423094499724093824167394134520216876230553112411955718,True,1077.324230944997240938241674,True,True,True,True
0x27523266f0bce68f053f3393f74e6bca62de5e40e7d648afb107dc31ca7abef1,0xa3fdcadd1a10ef1a1731e08b87493420d7a61007,30420131,0x8876789976decbfcbbbe364623c63652db8c0904,Uniswap UniversalRouter,0x8b5ca8c300d039b4437cfdca7bac6a31544667344d7f1fe797c38c6265071539,250750,False,2901150639518660093570,0x7d26f46b1fbf7fef3671a77e76e3176e61298f91c7109040b57372e4c80bae36,0,True,60,9532451,20887680,4684935176961608170281.02625034223876436408381248456448476977,-3807.49032817955194675394146677553793200379334920938168670586,True,3807.490328179551946753941467,True,True,True,True
0x9f0575f98c40d59db7981310e37f92cd9b8eda31c20cb3a102138a81abae5e17,0xa3fdcadd1a10ef1a1731e08b87493420d7a61007,30450905,0x8876789976decbfcbbbe364623c63652db8c0904,Uniswap UniversalRouter,0x8b5ca8c300d039b4437cfdca7bac6a31544667344d7f1fe797c38c6265071539,250750,False,2868521184907060710642,0x7d26f46b1fbf7fef3671a77e76e3176e61298f91c7109040b57372e4c80bae36,0,True,60,9532451,20918454,4657044756584274124728.94570765176860100253356608629449679237,-3840.46893504414659211358287395263922369269265600445852840973,True,3840.468935044146592113582874,True,True,True,True
0x4564fbbe9a7483773a9acc310f5064c17d504d38ee38c4d21449b4751bd30797,0xa3fdcadd1a10ef1a1731e08b87493420d7a61007,30457109,0x8876789976decbfcbbbe364623c63652db8c0904,Uniswap UniversalRouter,0x8b5ca8c300d039b4437cfdca7bac6a31544667344d7f1fe797c38c6265071539,250750,False,1111396993249088975022,0x7d26f46b1fbf7fef3671a77e76e3176e61298f91c7109040b57372e4c80bae36,0,True,60,9532451,20924658,1862845140405549507184.55096840364019091179450232580525275281,-4033.87340610002071870385331405637892068311670323217554490686,True,4033.873406100020718703853314,True,True,True,True
0x2cf8afbae1e2b845f32ae733afe85fea2311623bfcb61f7701470efcd084d435,0xa3fdcadd1a10ef1a1731e08b87493420d7a61007,30475851,0x8876789976decbfcbbbe364623c63652db8c0904,Uniswap UniversalRouter,0x8b5ca8c300d039b4437cfdca7bac6a31544667344d7f1fe797c38c6265071539,250750,False,5270832620262521545214,0x7d26f46b1fbf7fef3671a77e76e3176e61298f91c7109040b57372e4c80bae36,0,True,60,9532451,20943400,9312893554288735859980.80833844514805866982433487672762888540,-4340.28469289738725110986248255651754011278965684055567685388,True,4340.284692897387251109862483,True,True,True,True
0xd580821c56defd5fb2983375c9901ab8e8fe29980e69804048f5c4966ba6ed33,0xfe7e19cbce2f896c6c528bc355baf5a768291e18,13723234,0x8876789976decbfcbbbe364623c63652db8c0904,Uniswap UniversalRouter,0x0b2ba89f3bc8823f1369f1ede2dbeeb13e36af8e10e4966dc04b4fa9c3c2b394,700000,False,1075604,0x3f3aa01dc9ec41141eefba396053a003b7362417cd6419c838cd0eccfa35336f,50000,False,1000,9891409,3831825,59732468.2117840651034285572080306142810891008041190885396783,-9819.92975810301372166811307026280564118586558054098462527814,True,9819.929758103013721668113070,True,True,True,True
0xd7ea8160a3f4d7c4674f1db8dcd859896c4fe8c423c6e86a1aa28d665e0178f4,0xfe7e19cbce2f896c6c528bc355baf5a768291e18,13770176,0x1d4b86491ec211257cbedd77a4380a7494624eff,0x Settler,0x6115ff4d7eebebea1b22a241c8fb485e56cbfd3740159e298f76f0a64150ac28,200000,False,2470394,0x3f3aa01dc9ec41141eefba396053a003b7362417cd6419c838cd0eccfa35336f,50000,False,1000,9891409,3878767,2972662.02425325077539168625408169652889609768123098298236406,-1689.62371152645008487941387360591171459990889364078020808920,True,1689.623711526450084879413874,True,True,True,True
0xc09ff9ea6bd31718d666b3e9d031f9695e14c8059d71b40c8d568097eb18c1f1,0xfe7e19cbce2f896c6c528bc355baf5a768291e18,13909726,0x1d4b86491ec211257cbedd77a4380a7494624eff,0x Settler,0x6115ff4d7eebebea1b22a241c8fb485e56cbfd3740159e298f76f0a64150ac28,200000,False,5327472,0x3f3aa01dc9ec41141eefba396053a003b7362417cd6419c838cd0eccfa35336f,50000,False,1000,9891409,4018317,8122833.07524330610698933492399453511430971969974416807114037,-3441.36220620239159952970183069602956092585537622911926601190,True,3441.362206202391599529701831,True,True,True,True
0xebccedc63200ae1243d8b7ff7456d898eeffec9a6917a70107adca8cf6ed40cf,0xfe7e19cbce2f896c6c528bc355baf5a768291e18,16943869,0x8876789976decbfcbbbe364623c63652db8c0904,Uniswap UniversalRouter,0x6115ff4d7eebebea1b22a241c8fb485e56cbfd3740159e298f76f0a64150ac28,200000,False,50000000000000000000,0x3f3aa01dc9ec41141eefba396053a003b7362417cd6419c838cd0eccfa35336f,50000,False,1000,9891409,7052460,60390965784709629689.7817513715255731200496865463189865560394,-1720.61593148763902782168497304337054916320262432062073995736,True,1720.615931487639027821684973,True,True,True,True
0x426fb191d79a61249dfd6ae09efaeef74343212d142c13d4b54f706b6f160dc8,0xfe7e19cbce2f896c6c528bc355baf5a768291e18,21962166,0x39b38686a19836ac10162c490e4558e120cbbe5f,0x Settler,0xe609806eda7966f044102ffb6d1f91abeba439d381cfe806ee8f1efb6d837c58,650350,False,1131877,0x3f3aa01dc9ec41141eefba396053a003b7362417cd6419c838cd0eccfa35336f,50000,False,1000,9891409,12070757,2335209.72685932068410622314133791083656130091035979932431172,-5152.99637980572990589312077092724873138271925892602959278756,True,5152.996379805729905893120771,True,True,True,True
0xd01ea3809f0825ae6858b0894d6633dd42a46143da614551ffa783a9dc15e8e1,0xddec0170ceb4426ea05f2fbd485dffa4fafa6615,32243067,0x39b38686a19836ac10162c490e4558e120cbbe5f,0x Settler,0x8a1ee740c36ccce2774f2795988dcaa8f0c449e3a9d9df0f7fe54d9cee93c978,900100,False,87220764285347263244973,0xd9271173b2d7a2f56f2e3dfbee767a646092c61705f34ca108525fa8257a5eff,880000,False,18000,32218682,24385,140507151448010477792112.171626105779304940890011947270347142,-3792.43238607537277722956568454147787442164775672496080065796,True,3792.432386075372777229565685,True,True,False,False
0x7c03b35ef21657afde0ec47fc82f0a2d8958c8e67f28b897f43d3c7d9e4c4b69,0xddec0170ceb4426ea05f2fbd485dffa4fafa6615,32243554,0x39b38686a19836ac10162c490e4558e120cbbe5f,0x Settler,0x160a942246e08a9c63f4382ca8fe328b2d67daffab6341e4124e42a84850fa67,950590,False,11840156554990460392185,0x4f191687224e9e218268fd697189ebc7b2e11f28a194a84ddf4a99f7b2fd3652,0,True,200,32241538,2016,17482703757129252768085.5964650261229625389093132494161064635,-3227.50261088066780496589230196534618710049922765902781502464,True,3227.502610880667804965892302,True,True,False,False
0x7c03b35ef21657afde0ec47fc82f0a2d8958c8e67f28b897f43d3c7d9e4c4b69,0xddec0170ceb4426ea05f2fbd485dffa4fafa6615,32243554,0x39b38686a19836ac10162c490e4558e120cbbe5f,0x Settler,0x860001d1c6c3ebf4863c33b0774ed10ef6751e90b9bd2ea7f705de6a49bd0cc6,920770,False,7785992181055947003026,0x4f191687224e9e218268fd697189ebc7b2e11f28a194a84ddf4a99f7b2fd3652,0,True,200,32241538,2016,10491546715158944020539.8673519076500888694317632183409237169,-2578.79472641895262944312571779822906606387372351934426474752,True,2578.794726418952629443125718,True,True,False,False
0x7c03b35ef21657afde0ec47fc82f0a2d8958c8e67f28b897f43d3c7d9e4c4b69,0xddec0170ceb4426ea05f2fbd485dffa4fafa6615,32243554,0x39b38686a19836ac10162c490e4558e120cbbe5f,0x Settler,0x466952e2c579c2befd25305f335e65d360e591c6edb95f71ad79b73a924d62b4,920580,False,14587248441835040004014,0x4f191687224e9e218268fd697189ebc7b2e11f28a194a84ddf4a99f7b2fd3652,0,True,200,32241538,2016,18658982520554429427515.0949743845795167391558143784995803636,-2182.18441130647605007338501341658617905562388736248955853614,True,2182.184411306476050073385013,True,True,False,False
0xf3a7ede5ea95578dc121f0a2d8339cc5d7cabf978fde8e8c78fa1a34c2f38030,0xddec0170ceb4426ea05f2fbd485dffa4fafa6615,32260689,0x39b38686a19836ac10162c490e4558e120cbbe5f,0x Settler,0x860001d1c6c3ebf4863c33b0774ed10ef6751e90b9bd2ea7f705de6a49bd0cc6,920850,False,2149474744425591346761,0x4f191687224e9e218268fd697189ebc7b2e11f28a194a84ddf4a99f7b2fd3652,0,True,200,32241538,19151,2502433447139962532077.67156353358323945073871721788125027401,-1410.46189706970458129980534135466416057943628035383585682461,True,1410.461897069704581299805341,True,True,True,True
0xf3a7ede5ea95578dc121f0a2d8339cc5d7cabf978fde8e8c78fa1a34c2f38030,0xddec0170ceb4426ea05f2fbd485dffa4fafa6615,32260689,0x39b38686a19836ac10162c490e4558e120cbbe5f,0x Settler,0x160a942246e08a9c63f4382ca8fe328b2d67daffab6341e4124e42a84850fa67,950640,False,4422400857915568271033,0x4f191687224e9e218268fd697189ebc7b2e11f28a194a84ddf4a99f7b2fd3652,0,True,200,32241538,19151,5006813125451401076244.93870385310732929115931797820981711133,-1167.23403269248986670184083303924625619381580468491946032461,True,1167.234032692489866701840833,True,True,True,True
0xf3a7ede5ea95578dc121f0a2d8339cc5d7cabf978fde8e8c78fa1a34c2f38030,0xddec0170ceb4426ea05f2fbd485dffa4fafa6615,32260689,0x39b38686a19836ac10162c490e4558e120cbbe5f,0x Settler,0x466952e2c579c2befd25305f335e65d360e591c6edb95f71ad79b73a924d62b4,920660,False,3663317518126554202224,0x4f191687224e9e218268fd697189ebc7b2e11f28a194a84ddf4a99f7b2fd3652,0,True,200,32241538,19151,4173290569371917664482.46981379797915820630552860257492595287,-1221.99267644599849580860085474765988548189135606574444014561,True,1221.992676445998495808600855,True,True,True,True
0xa79718574619661388b19d7a152427e8d4eef63dfec1f264faa3c8a3ed58d8d7,0xddec0170ceb4426ea05f2fbd485dffa4fafa6615,32260690,0x39b38686a19836ac10162c490e4558e120cbbe5f,0x Settler,0x860001d1c6c3ebf4863c33b0774ed10ef6751e90b9bd2ea7f705de6a49bd0cc6,920850,False,1468024485321312328178,0x4f191687224e9e218268fd697189ebc7b2e11f28a194a84ddf4a99f7b2fd3652,0,True,200,32241538,19152,2100757838370179797005.92668169706272702770878949043869794919,-3011.92903576053177111848371008521867338189449353366055105646,True,3011.929035760531771118483710,True,True,True,True
0xa79718574619661388b19d7a152427e8d4eef63dfec1f264faa3c8a3ed58d8d7,0xddec0170ceb4426ea05f2fbd485dffa4fafa6615,32260690,0x39b38686a19836ac10162c490e4558e120cbbe5f,0x Settler,0x466952e2c579c2befd25305f335e65d360e591c6edb95f71ad79b73a924d62b4,920660,False,3513286485231724113863,0x4f191687224e9e218268fd697189ebc7b2e11f28a194a84ddf4a99f7b2fd3652,0,True,200,32241538,19152,5254281754465804973846.74781131669388740477179695466022469649,-3313.47908351954236712158465913582901426294056246340967255437,True,3313.479083519542367121584659,True,True,True,True
0xa79718574619661388b19d7a152427e8d4eef63dfec1f264faa3c8a3ed58d8d7,0xddec0170ceb4426ea05f2fbd485dffa4fafa6615,32260690,0x39b38686a19836ac10162c490e4558e120cbbe5f,0x Settler,0x160a942246e08a9c63f4382ca8fe328b2d67daffab6341e4124e42a84850fa67,950640,False,3757630127703183188999,0x4f191687224e9e218268fd697189ebc7b2e11f28a194a84ddf4a99f7b2fd3652,0,True,200,32241538,19152,5254281754465804973846.74781131669388740477179695466022469649,-2848.44189311043928592360544297433007012673393992111253933654,True,2848.441893110439285923605443,True,True,True,True
0x4436e4ccf60c35590251fd4eda78956483f5f75d843a8a4f31a3a9fc4d41f205,0xddec0170ceb4426ea05f2fbd485dffa4fafa6615,32263524,0x8876789976decbfcbbbe364623c63652db8c0904,Uniswap UniversalRouter,0x860001d1c6c3ebf4863c33b0774ed10ef6751e90b9bd2ea7f705de6a49bd0cc6,920850,False,2200743826048788655369,0x4f191687224e9e218268fd697189ebc7b2e11f28a194a84ddf4a99f7b2fd3652,0,True,200,32241538,21986,2905600281703257273311.62943886031621940838382732081972439516,-2425.85485723205920459487466448569717860750002002781931235628,True,2425.854857232059204594874664,True,True,True,True
0x4436e4ccf60c35590251fd4eda78956483f5f75d843a8a4f31a3a9fc4d41f205,0xddec0170ceb4426ea05f2fbd485dffa4fafa6615,32263524,0x8876789976decbfcbbbe364623c63652db8c0904,Uniswap UniversalRouter,0x160a942246e08a9c63f4382ca8fe328b2d67daffab6341e4124e42a84850fa67,950640,False,2174443383995545030203,0x4f191687224e9e218268fd697189ebc7b2e11f28a194a84ddf4a99f7b2fd3652,0,True,200,32241538,21986,2905621351837039458484.03865347410809043769268277788559984363,-2516.42550526832112356857735100023624565166643178649596824583,True,2516.425505268321123568577351,True,True,True,True
0x2c97fedd4d3b90b204ff5a17b977c2ef45fd69fbfa0c430ed349df3cef18444d,0xddec0170ceb4426ea05f2fbd485dffa4fafa6615,32264700,0x8f10b468b06c6fd214b65f87778827f7d113f996,unlabelled router B,0xb6c6ca9222d0a6185d2d964b263c8327cb7948a81a1a4e64f4f7d2e9d9829e08,100000,False,135356316417923174983868,0x4f191687224e9e218268fd697189ebc7b2e11f28a194a84ddf4a99f7b2fd3652,0,True,200,32241538,23162,152855143767437444229973.983988178008965193239283280634815437,-1144.79806948060483551709008860810356569637806977019080545774,True,1144.798069480604835517090089,True,True,False,False
0x7d687f3829c8efa74ff76b8d7084f332ecaa5747497a2b45737d4d81c9a429a1,0xddec0170ceb4426ea05f2fbd485dffa4fafa6615,32264702,0x8f10b468b06c6fd214b65f87778827f7d113f996,unlabelled router B,0xb6c6ca9222d0a6185d2d964b263c8327cb7948a81a1a4e64f4f7d2e9d9829e08,100000,False,256464578886770702013777,0x4f191687224e9e218268fd697189ebc7b2e11f28a194a84ddf4a99f7b2fd3652,0,True,200,32241538,23164,302266544808711584724839.018374794103431297469633093069219713,-1515.28400044823055839066983023662532399891808865309783148405,True,1515.284000448230558390669830,True,True,False,False
0xc41a25ede169edd99fd40badd0a74ac9c9cd2a8c7ac2a3fa31df3e7d573b33b1,0xddec0170ceb4426ea05f2fbd485dffa4fafa6615,32264749,0x8f10b468b06c6fd214b65f87778827f7d113f996,unlabelled router B,0xb6c6ca9222d0a6185d2d964b263c8327cb7948a81a1a4e64f4f7d2e9d9829e08,100000,False,55347376898783093309398,0x4f191687224e9e218268fd697189ebc7b2e11f28a194a84ddf4a99f7b2fd3652,0,True,200,32241538,23211,64394114274863918364928.7364573666834773012031583003321259207,-1404.90128297520451948181325166013728574674500349011636099077,True,1404.901282975204519481813252,True,True,False,False
0xa1565a744886f808571a8a166b828d415d8932b13372ed58f9bc5fccaa306905,0xddec0170ceb4426ea05f2fbd485dffa4fafa6615,32264753,0x8f10b468b06c6fd214b65f87778827f7d113f996,unlabelled router B,0xb6c6ca9222d0a6185d2d964b263c8327cb7948a81a1a4e64f4f7d2e9d9829e08,100000,False,194869365022963707388257,0x4f191687224e9e218268fd697189ebc7b2e11f28a194a84ddf4a99f7b2fd3652,0,True,200,32241538,23215,231520302274723392644554.748503791293048989067250049372154549,-1583.05500172807571642381947170500149664936654097121757717857,True,1583.055001728075716423819472,True,True,False,False
0x9707149fb1bcb09c2a0f2c9a1d897c0f629b0e3fa917e371c6c06f5f3361da63,0xddec0170ceb4426ea05f2fbd485dffa4fafa6615,32264760,0x8876789976decbfcbbbe364623c63652db8c0904,Uniswap UniversalRouter,0xb6c6ca9222d0a6185d2d964b263c8327cb7948a81a1a4e64f4f7d2e9d9829e08,100000,False,39857673500787633962520,0x4f191687224e9e218268fd697189ebc7b2e11f28a194a84ddf4a99f7b2fd3652,0,True,200,32241538,23222,48689490065773184756835.2113993597078635493583116548617431298,-1813.90615368017047140123951077789760378461602024611378256766,True,1813.906153680170471401239511,True,True,True,True
0xb284f819f48c09939b6f7487939a50aaaac1ae9c53bef77322aa6ab2726a3f90,0xddec0170ceb4426ea05f2fbd485dffa4fafa6615,32264976,0x39b38686a19836ac10162c490e4558e120cbbe5f,0x Settler,0xb6c6ca9222d0a6185d2d964b263c8327cb7948a81a1a4e64f4f7d2e9d9829e08,100000,False,61657035632902,0x4f191687224e9e218268fd697189ebc7b2e11f28a194a84ddf4a99f7b2fd3652,0,True,200,32241538,23438,68902219872094.0418878415576291577830780957460079942657793291,-1051.51680927574879067568503577125308902352743345103791806173,True,1051.516809275748790675685036,True,True,True,True
0x371799ab2bfa038cad903d0f860e6462fbc516776c31bf96bfcdf1b74098fc65,0xddec0170ceb4426ea05f2fbd485dffa4fafa6615,32265008,0x8f10b468b06c6fd214b65f87778827f7d113f996,unlabelled router B,0xb6c6ca9222d0a6185d2d964b263c8327cb7948a81a1a4e64f4f7d2e9d9829e08,100000,False,119824574838716088758670,0x4f191687224e9e218268fd697189ebc7b2e11f28a194a84ddf4a99f7b2fd3652,0,True,200,32241538,23470,139927454812022845891353.317151708722972540882999133527969435,-1436.66444875401804322590699638277006061643995582184266792045,True,1436.664448754018043225906996,True,True,False,False
0x900c1b6c2ce5ff211cb31fda4b61dddb08597da07f26b4cc03e5b54beda5d888,0xddec0170ceb4426ea05f2fbd485dffa4fafa6615,32265124,0x8f10b468b06c6fd214b65f87778827f7d113f996,unlabelled router B,0xb6c6ca9222d0a6185d2d964b263c8327cb7948a81a1a4e64f4f7d2e9d9829e08,100000,False,1371091991403827,0x4f191687224e9e218268fd697189ebc7b2e11f28a194a84ddf4a99f7b2fd3652,0,True,200,32241538,23586,1538881112157613.98724922103814070746300125804541014555062882,-1090.33192641201142388528386953170237285077813995046466251930,True,1090.331926412011423885283870,True,True,False,False
0x25f065007f5e79f17111dc0a045838f95b055dd3c7398f2effa892668b7f2f66,0xddec0170ceb4426ea05f2fbd485dffa4fafa6615,32265179,0x39b38686a19836ac10162c490e4558e120cbbe5f,0x Settler,0xb6c6ca9222d0a6185d2d964b263c8327cb7948a81a1a4e64f4f7d2e9d9829e08,100000,False,2108672946906466,0x4f191687224e9e218268fd697189ebc7b2e11f28a194a84ddf4a99f7b2fd3652,0,True,200,32241538,23641,2575758438679842.90625355788732270177180957353052896946943077,-1813.39012525092566526360195144734028374664619637082847118491,True,1813.390125250925665263601951,True,True,True,True
0x69eb4344aebe0cad5097134bb9e835d5a13e9f78380f5197e0b8a84544d651f8,0xddec0170ceb4426ea05f2fbd485dffa4fafa6615,32265410,0x8f10b468b06c6fd214b65f87778827f7d113f996,unlabelled router B,0xb6c6ca9222d0a6185d2d964b263c8327cb7948a81a1a4e64f4f7d2e9d9829e08,100000,False,365970931775154941642524,0x4f191687224e9e218268fd697189ebc7b2e11f28a194a84ddf4a99f7b2fd3652,0,True,200,32241538,23872,413638572600480234161778.146728917536169083628354858158346192,-1152.39834925564073019734660181618750307211066862439108918223,True,1152.398349255640730197346602,True,True,False,False
0xdb5a399457f0d1d452c49a99c3c1fe700cb665112d1518da738525824e2ae391,0xddec0170ceb4426ea05f2fbd485dffa4fafa6615,32267386,0x8876789976decbfcbbbe364623c63652db8c0904,Uniswap UniversalRouter,0x466952e2c579c2befd25305f335e65d360e591c6edb95f71ad79b73a924d62b4,920660,False,7075746914640717525354,0x4f191687224e9e218268fd697189ebc7b2e11f28a194a84ddf4a99f7b2fd3652,0,True,200,32241538,25848,19119939179681369731709.2674039306610633597095808379885411140,-6299.28377483540010626581587046076979245791314028785988647018,True,6299.283774835400106265815870,True,True,True,True
0xdb5a399457f0d1d452c49a99c3c1fe700cb665112d1518da738525824e2ae391,0xddec0170ceb4426ea05f2fbd485dffa4fafa6615,32267386,0x8876789976decbfcbbbe364623c63652db8c0904,Uniswap UniversalRouter,0x160a942246e08a9c63f4382ca8fe328b2d67daffab6341e4124e42a84850fa67,950640,False,7228351377842473668138,0x4f191687224e9e218268fd697189ebc7b2e11f28a194a84ddf4a99f7b2fd3652,0,True,200,32241538,25848,19119845644317860709132.3207958677824257768645495161494762122,-6219.45097658744212569708015687914599857640679244249057845892,True,6219.450976587442125697080157,True,True,True,True
0xdb5a399457f0d1d452c49a99c3c1fe700cb665112d1518da738525824e2ae391,0xddec0170ceb4426ea05f2fbd485dffa4fafa6615,32267386,0x8876789976decbfcbbbe364623c63652db8c0904,Uniswap UniversalRouter,0x860001d1c6c3ebf4863c33b0774ed10ef6751e90b9bd2ea7f705de6a49bd0cc6,920850,False,3254228026669469157437,0x4f191687224e9e218268fd697189ebc7b2e11f28a194a84ddf4a99f7b2fd3652,0,True,200,32241538,25848,9560885608205854917347.34181808120714898951351199301285012014,-6596.31109499265274797400879491874720391107402866941376050698,True,6596.311094992652747974008795,True,True,True,True
0xacf3d83c8903b5ccb596e670d19193f27763897044ff21e64f930988de4d67eb,0xddec0170ceb4426ea05f2fbd485dffa4fafa6615,32270820,0x8f10b468b06c6fd214b65f87778827f7d113f996,unlabelled router B,0xb6c6ca9222d0a6185d2d964b263c8327cb7948a81a1a4e64f4f7d2e9d9829e08,100900,False,70183125778015748853362,0x4f191687224e9e218268fd697189ebc7b2e11f28a194a84ddf4a99f7b2fd3652,0,True,200,32241538,29282,85937780473189514116973.5038041678359866266424276050910196552,-1833.26292678559836036929252488184962076579573917841501319156,True,1833.262926785598360369292525,True,True,False,False
0x2e2cfabb8a329eff76d3bbf616864dedf429fdee260f772b7e11e61741f4457d,0xddec0170ceb4426ea05f2fbd485dffa4fafa6615,32270822,0x8f10b468b06c6fd214b65f87778827f7d113f996,unlabelled router B,0xb6c6ca9222d0a6185d2d964b263c8327cb7948a81a1a4e64f4f7d2e9d9829e08,100900,False,22764868050363373786214,0x4f191687224e9e218268fd697189ebc7b2e11f28a194a84ddf4a99f7b2fd3652,0,True,200,32241538,29284,28245087253407013269014.2338209870266639387110779805238939485,-1940.23801515521883067727707439013756553038154212526193664933,True,1940.238015155218830677277074,True,True,False,False
0x852db374a529382708ab8ad9c5c1ab6c7e74ab67312afa35aa8c90bdbbfbf8ff,0xddec0170ceb4426ea05f2fbd485dffa4fafa6615,32272181,0x8876789976decbfcbbbe364623c63652db8c0904,Uniswap UniversalRouter,0xb6c6ca9222d0a6185d2d964b263c8327cb7948a81a1a4e64f4f7d2e9d9829e08,100900,False,2035092834385175,0x4f191687224e9e218268fd697189ebc7b2e11f28a194a84ddf4a99f7b2fd3652,0,True,200,32241538,30643,2278645559701664.04412801900244924650251373771893180094858596,-1068.84866002756761694521742847207673897546880907297725113174,True,1068.848660027567616945217428,True,True,True,True
0x852db374a529382708ab8ad9c5c1ab6c7e74ab67312afa35aa8c90bdbbfbf8ff,0xddec0170ceb4426ea05f2fbd485dffa4fafa6615,32272181,0x8876789976decbfcbbbe364623c63652db8c0904,Uniswap UniversalRouter,0x7b6d5ac9bb4d083557607b8836bd513fec04a4f19706e859f4b418684328a819,400000,False,1837764,0x6450376d5767762056ba139ec371384de2009db48fc80e6a34a4442ff171048a,60000,False,200,32271045,1136,2166162.57716352234465543346575563800039193561299009039657171,-1516.03845724979362130169524705569483848070969178236920112559,True,1516.038457249793621301695247,True,True,False,False
0x81fdfd19748417a8b01e650f72c03408102431aabf7c8f39fbd6cba9f1a88277,0xddec0170ceb4426ea05f2fbd485dffa4fafa6615,32274211,0x39b38686a19836ac10162c490e4558e120cbbe5f,0x Settler,0xb6c6ca9222d0a6185d2d964b263c8327cb7948a81a1a4e64f4f7d2e9d9829e08,100900,False,4254225218553599,0x4f191687224e9e218268fd697189ebc7b2e11f28a194a84ddf4a99f7b2fd3652,0,True,200,32241538,32673,7033491627091384.72161672985961914271710362779016106666985852,-3951.47468127024370202521903484331129987136486910774424211482,True,3951.474681270243702025219035,True,True,True,True
0x38bee9d78d99a40931965bb7d3ea648de0578fb989d7c2427c9198ac61cee193,0xddec0170ceb4426ea05f2fbd485dffa4fafa6615,32274215,0x8876789976decbfcbbbe364623c63652db8c0904,Uniswap UniversalRouter,0xb6c6ca9222d0a6185d2d964b263c8327cb7948a81a1a4e64f4f7d2e9d9829e08,100900,False,26405638873724281976,0x4f191687224e9e218268fd697189ebc7b2e11f28a194a84ddf4a99f7b2fd3652,0,True,200,32241538,32677,31007941478011382493.0632017296085013716766895404817264133161,-1484.23351725903018336822871374752134577727574797520314254844,True,1484.233517259030183368228714,True,True,True,True
0x7ab87d6cdb022c237a2af7d27ee86d1ecc811020fc002529febf6786520410e0,0xddec0170ceb4426ea05f2fbd485dffa4fafa6615,32274379,0x8876789976decbfcbbbe364623c63652db8c0904,Uniswap UniversalRouter,0xb6c6ca9222d0a6185d2d964b263c8327cb7948a81a1a4e64f4f7d2e9d9829e08,100900,False,16829968804447275296839,0x4f191687224e9e218268fd697189ebc7b2e11f28a194a84ddf4a99f7b2fd3652,0,True,200,32241538,32841,19165346459397619888989.6658725044900426069123478934988324058,-1218.54184055472959556874890990817467560338450033125767102203,True,1218.541840554729595568748910,True,True,True,True
0x1122c797b4c1d56cdde4a4a320ee47c945ea35bee61e41f311668088b6d6a029,0xddec0170ceb4426ea05f2fbd485dffa4fafa6615,32277633,0x8876789976decbfcbbbe364623c63652db8c0904,Uniswap UniversalRouter,0xb6c6ca9222d0a6185d2d964b263c8327cb7948a81a1a4e64f4f7d2e9d9829e08,100900,False,32965185399908934336200,0x4f191687224e9e218268fd697189ebc7b2e11f28a194a84ddf4a99f7b2fd3652,0,True,200,32241538,36095,37284035367606234377468.2372022817063700672467276899551949857,-1158.36441123260991366920375764006652852975047048261844617814,True,1158.364411232609913669203758,True,True,True,True
0x1122c797b4c1d56cdde4a4a320ee47c945ea35bee61e41f311668088b6d6a029,0xddec0170ceb4426ea05f2fbd485dffa4fafa6615,32277633,0x8876789976decbfcbbbe364623c63652db8c0904,Uniswap UniversalRouter,0xb6c6ca9222d0a6185d2d964b263c8327cb7948a81a1a4e64f4f7d2e9d9829e08,100900,False,2918629415655157451973,0x4f191687224e9e218268fd697189ebc7b2e11f28a194a84ddf4a99f7b2fd3652,0,True,200,32241538,36095,3729900092016930510536.97099922227193595746959489383522705566,-2175.04666706255196261825336940591722379545869186244268886601,True,2175.046667062551962618253369,True,True,True,True
0x6a5307f6d16fe15424201527240ca47603a2457b8164ebf696a8f07baffc4b75,0xddec0170ceb4426ea05f2fbd485dffa4fafa6615,32278549,0x8876789976decbfcbbbe364623c63652db8c0904,Uniswap UniversalRouter,0xb6c6ca9222d0a6185d2d964b263c8327cb7948a81a1a4e64f4f7d2e9d9829e08,100900,False,744189315222893,0x4f191687224e9e218268fd697189ebc7b2e11f28a194a84ddf4a99f7b2fd3652,0,True,200,32241538,37011,846807367530371.786555237298830008616028764226097381662426931,-1211.82285655773140213053664058197719991201023009092797238915,True,1211.822856557731402130536641,True,True,True,True
0x4f6c2b20f88b8e77524365ab39bd8af533208fa7552b1fd371c0c5d340e1028d,0xddec0170ceb4426ea05f2fbd485dffa4fafa6615,32279149,0x8f10b468b06c6fd214b65f87778827f7d113f996,unlabelled router B,0xb6c6ca9222d0a6185d2d964b263c8327cb7948a81a1a4e64f4f7d2e9d9829e08,100900,False,31047689807277049029785,0x4f191687224e9e218268fd697189ebc7b2e11f28a194a84ddf4a99f7b2fd3652,0,True,200,32241538,37611,34705786455443006853878.8381085408876153753600824253075080450,-1054.03076021988493474587218867244768899020243336766704056801,True,1054.030760219884934745872189,True,True,False,False
0xfd6d123195f0b00563f2f11d8c97e7ddf17c4f850194fa4c5d23e19e795fc08e,0xddec0170ceb4426ea05f2fbd485dffa4fafa6615,32283755,0x8876789976decbfcbbbe364623c63652db8c0904,Uniswap UniversalRouter,0xb6c6ca9222d0a6185d2d964b263c8327cb7948a81a1a4e64f4f7d2e9d9829e08,100900,False,15416232007583230939517,0x4f191687224e9e218268fd697189ebc7b2e11f28a194a84ddf4a99f7b2fd3652,0,True,200,32241538,42217,17788796542162845865941.8901040668889364932990182985289502047,-1333.74089076581643180783723446772156625217658699936120592147,True,1333.740890765816431807837234,True,True,True,True
0xb83b1b813b6c782963a078f0f146c3921435720485c910b5dfe61777ef5241dc,0xddec0170ceb4426ea05f2fbd485dffa4fafa6615,32283830,0x8876789976decbfcbbbe364623c63652db8c0904,Uniswap UniversalRouter,0xb6c6ca9222d0a6185d2d964b263c8327cb7948a81a1a4e64f4f7d2e9d9829e08,100900,False,2594432625571081999180,0x4f191687224e9e218268fd697189ebc7b2e11f28a194a84ddf4a99f7b2fd3652,0,True,200,32241538,42292,3074129469615590263189.92091438287227688852209830903781090852,-1560.43149381243454913621632860349254966061739022274431204328,True,1560.431493812434549136216329,True,True,True,True
0x7d9e4bc02cb996dad7b42158924a5566543f70e1d9b4ab3a3eff2f159c4a0f64,0xddec0170ceb4426ea05f2fbd485dffa4fafa6615,32323204,0x8f10b468b06c6fd214b65f87778827f7d113f996,unlabelled router B,0x6450376d5767762056ba139ec371384de2009db48fc80e6a34a4442ff171048a,60940,False,71639584569928448486457,0x17c851bc949ebe42412b45fbd829591c9c8a33db89e9c43e4b261c0e8b889da8,660000,False,6600,32273089,50115,147960580358411769002772.972400113052947529130825431989649951,-5158.19792025737100853004837556981434750864080102803892498781,True,5158.197920257371008530048376,True,True,True,True
0x3c70ee65fc3f11c83a2d7a441444e98426a28344b31947981421c0d4793f3bdd,0xddec0170ceb4426ea05f2fbd485dffa4fafa6615,32327903,0x8f10b468b06c6fd214b65f87778827f7d113f996,unlabelled router B,0xb6c6ca9222d0a6185d2d964b263c8327cb7948a81a1a4e64f4f7d2e9d9829e08,100900,False,15846886917310310744765,0x4f191687224e9e218268fd697189ebc7b2e11f28a194a84ddf4a99f7b2fd3652,0,True,200,32241538,86365,17647419558537726625620.6135870041669150205782685567511881381,-1020.28097380182015182577830487596285994404668378590483541908,True,1020.280973801820151825778305,True,True,True,True
0x7cb4fcb9f80b3e7898c75c7f9b3cf4f5ee8e944d1e5b3dfa9ebeef66b93985bb,0xddec0170ceb4426ea05f2fbd485dffa4fafa6615,32329826,0x8876789976decbfcbbbe364623c63652db8c0904,Uniswap UniversalRouter,0xb6c6ca9222d0a6185d2d964b263c8327cb7948a81a1a4e64f4f7d2e9d9829e08,100900,False,27870353517708381649586,0x4f191687224e9e218268fd697189ebc7b2e11f28a194a84ddf4a99f7b2fd3652,0,True,200,32241538,88288,31713832670988245856793.6799653072320480323855947036454914040,-1211.92515365570168596820399687230898003798005358894230064712,True,1211.925153655701685968203997,True,True,True,True
0x7cb4fcb9f80b3e7898c75c7f9b3cf4f5ee8e944d1e5b3dfa9ebeef66b93985bb,0xddec0170ceb4426ea05f2fbd485dffa4fafa6615,32329826,0x8876789976decbfcbbbe364623c63652db8c0904,Uniswap UniversalRouter,0xb6c6ca9222d0a6185d2d964b263c8327cb7948a81a1a4e64f4f7d2e9d9829e08,100900,False,5468788832855146194052,0x4f191687224e9e218268fd697189ebc7b2e11f28a194a84ddf4a99f7b2fd3652,0,True,200,32241538,88288,6346429682997080500672.84047537105379160534051451649131174596,-1382.88911085432732274031880983130066726501490335084499244215,True,1382.889110854327322740318810,True,True,True,True
0x7cb4fcb9f80b3e7898c75c7f9b3cf4f5ee8e944d1e5b3dfa9ebeef66b93985bb,0xddec0170ceb4426ea05f2fbd485dffa4fafa6615,32329826,0x8876789976decbfcbbbe364623c63652db8c0904,Uniswap UniversalRouter,0xb6c6ca9222d0a6185d2d964b263c8327cb7948a81a1a4e64f4f7d2e9d9829e08,100900,False,10832810897205599338570,0x4f191687224e9e218268fd697189ebc7b2e11f28a194a84ddf4a99f7b2fd3652,0,True,200,32241538,88288,12689500311882011479807.3319431505419043861964685626971024661,-1463.16984045295468184853974051776685249238806313911528093710,True,1463.169840452954681848539741,True,True,True,True
0x9ebf8b7101c4615919f8ffd17f0f1916ceed0af0e1898c73f0becde97b54f89d,0xddec0170ceb4426ea05f2fbd485dffa4fafa6615,32333218,0x39b38686a19836ac10162c490e4558e120cbbe5f,0x Settler,0xb6c6ca9222d0a6185d2d964b263c8327cb7948a81a1a4e64f4f7d2e9d9829e08,100900,False,3008568352366272,0x4f191687224e9e218268fd697189ebc7b2e11f28a194a84ddf4a99f7b2fd3652,0,True,200,32241538,91680,3522585251406006.39265277160760977436452034007933382016007073,-1459.20357451837237227207192106386065298879606180141963541253,True,1459.203574518372372272071921,True,True,True,True
0x52f4db4190fc1df7bb2293ccc0f6172e62a5bb72fb7ef59e0bc44d6b8d35ab56,0xaa3e7ec3dd55093dda121ad88d17f664b987dba6,23982048,0x8876789976decbfcbbbe364623c63652db8c0904,Uniswap UniversalRouter,0x7fe3760b302a249e7fa0bd1badf7bb314bb6507bfb805716abc6283a5c1c3978,797900,False,6647351857091079511,0x62a2f613ba8d36dfa591fc6aa29f407f4f0fb57e6040702b0c684b2acc5c656a,170000,False,1700,23980064,1984,59441111599012391232.7412701258849500428584491872776357330039,-8881.69119347331911787752642305347048094487668431062484060887,True,8881.691193473319117877526423,True,True,False,False
0xf14a208e30e53d1a69dc51a27ab76fc7ee08181f25f8f2abe1b1edcb6560448d,0xaa3e7ec3dd55093dda121ad88d17f664b987dba6,28870560,0x8876789976decbfcbbbe364623c63652db8c0904,Uniswap UniversalRouter,0xef8854a70c4f8c8a73c65d1ef6aa8395656463c44b646fa1ccb9f5a545f55492,2899,False,37845777862658,0xea97d7feb1e4f3a6b6a21507a0e4a7390e2a8d8d7c837aa7ec5bfe928707e752,750000,False,7500,28503090,367470,42285761176420.8233920149644491283949211006025646934248553746,-1049.99488958912838157099204736608246352176537366472039458021,True,1049.994889589128381570992047,False,False,False,False
0xa9a7d84c4ff55e33118ac9619d71fe5c7e54b0364738a57e50ec39a056b8452a,0x2711aa54ab08f448826a0d93ed4c043189827777,12496409,0x8876789976decbfcbbbe364623c63652db8c0904,Uniswap UniversalRouter,0x819a6ca334af276323af663f92cd2008582972046e412ce7fd62827df35e2374,46000,False,190218352949496214940,0xe6548e9a548ac1431b39f603db23e706782012ee05a321e75769da8e1739b640,100000,False,2000,12250280,246129,235508605555413106561.115836137542599272192985025794043661718,-1923.08270430740132505066153761739776557195152886456772169279,True,1923.082704307401325050661538,True,True,True,True
0xe6ec92cbc4649fe1f20fa7994b066bc98b9b08ce2706defe6fedcc081977e513,0x698400238c6a1448d050cdebd4a830a8772d1f89,9080502,0x8876789976decbfcbbbe364623c63652db8c0904,Uniswap UniversalRouter,0xe580625fa06fb567d4ebaf7ae3c46812555d929186a6b38ff6e33ec8f2afea8e,350000,False,249675822006637746451923,0xe12f6a6bbf7f01f54c909b6923351a9f151c8e9d4a2c476f8d35cad70ccde4e2,0,True,200,8989428,91074,427390443147083484777350.207981647301713027149684390918707079,-4158.13277975629586981846955148199287315718807780042639128416,True,4158.132779756295869818469551,True,True,True,True
0x01487b4c3083898abb21b27a3e1d730a57b88711c9e0399fc691d37177f66f41,0x698400238c6a1448d050cdebd4a830a8772d1f89,9082702,0x8876789976decbfcbbbe364623c63652db8c0904,Uniswap UniversalRouter,0xe580625fa06fb567d4ebaf7ae3c46812555d929186a6b38ff6e33ec8f2afea8e,350000,False,390241737390834128073318,0xe12f6a6bbf7f01f54c909b6923351a9f151c8e9d4a2c476f8d35cad70ccde4e2,0,True,200,8989428,93274,636675549989232406084160.079015290470208628345766387302699132,-3870.63414956905475140008560217639655776026376856906991611014,True,3870.634149569054751400085602,True,True,True,True
0x24e720468889598d5c1bc53aae83108c8edf55880ddd5f9d9dcb9003a3c84459,0x698400238c6a1448d050cdebd4a830a8772d1f89,9085203,0x8876789976decbfcbbbe364623c63652db8c0904,Uniswap UniversalRouter,0xe580625fa06fb567d4ebaf7ae3c46812555d929186a6b38ff6e33ec8f2afea8e,350000,False,201303239663737443919721,0xe12f6a6bbf7f01f54c909b6923351a9f151c8e9d4a2c476f8d35cad70ccde4e2,0,True,200,8989428,95775,449858000615990686470610.942262560176702420406247521982137148,-5525.18262678238774538126035430606773063132854636385239572877,True,5525.182626782387745381260354,True,True,True,True
0x4b03ccb9d5fd93bdf187bae9080ae611123a1900622c443a3e47bca9372e0ecf,0x698400238c6a1448d050cdebd4a830a8772d1f89,9675521,0x8876789976decbfcbbbe364623c63652db8c0904,Uniswap UniversalRouter,0xe580625fa06fb567d4ebaf7ae3c46812555d929186a6b38ff6e33ec8f2afea8e,350000,False,1380058038513609141621015,0xe12f6a6bbf7f01f54c909b6923351a9f151c8e9d4a2c476f8d35cad70ccde4e2,0,True,200,8989428,686093,3476076567434944245915603.59190611339585035167409490577522300,-6029.83993090814643761707648916811835006675663631496947957248,True,6029.839930908146437617076489,True,True,True,True
0xd33675b457c3425c816401509b15098ee9dfb053dc6c687f2a5ddb799637a7db,0x7168563b0e70124f0c7c0cf2f13a8d1861baf4a5,12417129,0x1d4b86491ec211257cbedd77a4380a7494624eff,0x Settler,0x5ecceb7d73f95bc4bcc796fd9105f5c903b8b0d6bed72c95f998f54badf64cf9,850000,False,3473851785979458672244,0x537217eb9534d5d606bff54f8b807df65ce48678877ee3151f92f26bb94c1243,10000,True,200,12144034,273095,24950377883627129275792.6133316700863180886551278851053050046,-8607.69572221226337932863366577366379615508501384478205262175,True,8607.695722212263379328633666,True,True,True,True
0x1f1043688ff7411851239ae1e603ce4c7ac35c7a7c0739e09d27b5c5618ffeed,0x7168563b0e70124f0c7c0cf2f13a8d1861baf4a5,12420823,0x1d4b86491ec211257cbedd77a4380a7494624eff,0x Settler,0x92564d17039c4c8feb64a4e5758b9e1fa7a1a3055cccc1c6cf5400e7d96860ad,800000,False,4592950,0x49779bcb7a3db68b9d4ae5751e058cc025e3e6efacbe0f5e59d402d4028f6697,500000,False,10000,12420416,407,6144788.24169536963966803974566453342449378345493824023194970,-2525.45438615019184192991428586654043222035623674660676600561,True,2525.454386150191841929914286,True,True,False,False
0x12f2d89655d4b086e17ba032eb370b48d1419cedff8fbe804a24094d8904a9ed,0x7168563b0e70124f0c7c0cf2f13a8d1861baf4a5,12441648,0x8876789976decbfcbbbe364623c63652db8c0904,Uniswap UniversalRouter,0x5ecceb7d73f95bc4bcc796fd9105f5c903b8b0d6bed72c95f998f54badf64cf9,850000,False,1775951873140280516630,0x537217eb9534d5d606bff54f8b807df65ce48678877ee3151f92f26bb94c1243,10000,True,200,12144034,297614,16364435449500172027227.2526696568914895453768957482123539684,-8914.74907361101516418112961362528565892782602724360737230685,True,8914.749073611015164181129614,True,True,True,True
0xe8852c7616dc199456e6f90cb33e906a8ffde0915a5921648281389f5bdf5858,0x7168563b0e70124f0c7c0cf2f13a8d1861baf4a5,12441649,0xa633c73658857d5241fe21d43f854a82e2d0592c,unlabelled router A,0x49779bcb7a3db68b9d4ae5751e058cc025e3e6efacbe0f5e59d402d4028f6697,500000,False,46390082,0x6dda79299e7d75d6fa8a92cb025a020b394202ffc923d867e5f1518f20dea700,440000,False,8800,12425198,16451,61552615.7577215402668742083739093278703387856531855571811036,-2463.34515130974891008908127405433458260063243976855044091150,True,2463.345151309748910089081274,True,True,False,False
0x6473eacbb76193bd3333d3c5d6aeea767397235be326db414175719fea3d10c9,0x7168563b0e70124f0c7c0cf2f13a8d1861baf4a5,12449558,0x8876789976decbfcbbbe364623c63652db8c0904,Uniswap UniversalRouter,0x5ecceb7d73f95bc4bcc796fd9105f5c903b8b0d6bed72c95f998f54badf64cf9,850000,False,1204755462875976,0x537217eb9534d5d606bff54f8b807df65ce48678877ee3151f92f26bb94c1243,10000,True,200,12144034,305524,6064971038602221.52389486622456546224972471598396639939346835,-8013.58414540156990986198169847112434156168733795441758210027,True,8013.584145401569909861981698,True,True,True,True
0x718e89612509c9f9dc89b8e2aca4e178a1e610e8aa2e8a109833271043c2f0c8,0x7168563b0e70124f0c7c0cf2f13a8d1861baf4a5,12469167,0x8876789976decbfcbbbe364623c63652db8c0904,Uniswap UniversalRouter,0x5ecceb7d73f95bc4bcc796fd9105f5c903b8b0d6bed72c95f998f54badf64cf9,850000,False,33823939868235239730450,0x537217eb9534d5d606bff54f8b807df65ce48678877ee3151f92f26bb94c1243,10000,True,200,12144034,325133,552453080801900506423580.072855598292957061054282888010888145,-9387.75000006989043793056909382268428817167332721138927349074,True,9387.750000069890437930569094,True,True,True,True
0x718e89612509c9f9dc89b8e2aca4e178a1e610e8aa2e8a109833271043c2f0c8,0x7168563b0e70124f0c7c0cf2f13a8d1861baf4a5,12469167,0x8876789976decbfcbbbe364623c63652db8c0904,Uniswap UniversalRouter,0x5ecceb7d73f95bc4bcc796fd9105f5c903b8b0d6bed72c95f998f54badf64cf9,850000,False,3085456849818407838595,0x537217eb9534d5d606bff54f8b807df65ce48678877ee3151f92f26bb94c1243,10000,True,200,12144034,325133,107026650344270838700894.080857147320793577459507888568311315,-9711.71135040726115222040837415807522084203685350132422432883,True,9711.711350407261152220408374,True,True,True,True
0xd6e16a0fc4991d231829f803478b85187ce2d08eba25aee976f23ca11da64553,0x7168563b0e70124f0c7c0cf2f13a8d1861baf4a5,12469638,0x1d4b86491ec211257cbedd77a4380a7494624eff,0x Settler,0x5ecceb7d73f95bc4bcc796fd9105f5c903b8b0d6bed72c95f998f54badf64cf9,850000,False,1361733167218126,0x537217eb9534d5d606bff54f8b807df65ce48678877ee3151f92f26bb94c1243,10000,True,200,12144034,325604,1676740713132887.85298954428490140911575508350786614635451536,-1878.68967126222782487406127492957247686779886923589493913970,True,1878.689671262227824874061275,True,True,True,True
0x716ac71e0b1c9c48d1bb6036f862733c047e359891a2ccd9e9c9e34345bcd32a,0x7168563b0e70124f0c7c0cf2f13a8d1861baf4a5,12479175,0x1d4b86491ec211257cbedd77a4380a7494624eff,0x Settler,0x5ecceb7d73f95bc4bcc796fd9105f5c903b8b0d6bed72c95f998f54badf64cf9,850000,False,4245680298101610,0x537217eb9534d5d606bff54f8b807df65ce48678877ee3151f92f26bb94c1243,10000,True,200,12144034,335141,5274849190888616.28205675199962798581442120701375270367831258,-1951.08685678581367592060308679044194480855666311272230762200,True,1951.086856785813675920603087,True,True,True,True
0x572d0463f0298c0ee09db0f858196252ca0a83f24144f97b1675048114eff21a,0x7168563b0e70124f0c7c0cf2f13a8d1861baf4a5,12632330,0x8876789976decbfcbbbe364623c63652db8c0904,Uniswap UniversalRouter,0x5ecceb7d73f95bc4bcc796fd9105f5c903b8b0d6bed72c95f998f54badf64cf9,850000,False,9891979531806164,0x537217eb9534d5d606bff54f8b807df65ce48678877ee3151f92f26bb94c1243,10000,True,200,12144034,488296,18083227364321073.4175599204481242847385203541356013577983293,-4529.74884819319756865839190455841506093256842614900007799398,True,4529.748848193197568658391905,True,True,True,True
0x07ea0a5a5f718a8509f59c910772ef35be31b6473978c16432c5e2544aed5575,0x7168563b0e70124f0c7c0cf2f13a8d1861baf4a5,12698477,0x8876789976decbfcbbbe364623c63652db8c0904,Uniswap UniversalRouter,0x92564d17039c4c8feb64a4e5758b9e1fa7a1a3055cccc1c6cf5400e7d96860ad,800000,False,68073,0x7ef14c0048abae5ec551bc49461af82e82c29fa4c9d2ac5233977aeb61064ec5,845580,False,16912,12406619,291858,78071.2546777958290204277281378934242843694244236971945133941,-1280.65761451627126012216792429763314215085153227110350033390,True,1280.657614516271260122167924,True,True,True,True
0xd1cd62f48c0b183d98bfed3ec26123352457a4782ebe4a76fc7ca5edb8391372,0x7168563b0e70124f0c7c0cf2f13a8d1861baf4a5,13427372,0x8876789976decbfcbbbe364623c63652db8c0904,Uniswap UniversalRouter,0x6dda79299e7d75d6fa8a92cb025a020b394202ffc923d867e5f1518f20dea700,440000,False,2489203195603007351884,0x96a9d0f42eb3f39393dd7aa12f06dc0a69e0d640a5809866549e92bf536a1057,812220,False,16244,13410589,16783,4607414182794284432320.99176906444884812138112284845382330389,-4597.39650735422646866601055645975543763480217482959692545851,True,4597.396507354226468666010556,True,True,False,False
0x3414ea07b21249e791784f17bdfe4f5df61568a36bb9e4b7e1492893e2df2984,0x7168563b0e70124f0c7c0cf2f13a8d1861baf4a5,13780822,0x1d4b86491ec211257cbedd77a4380a7494624eff,0x Settler,0x49779bcb7a3db68b9d4ae5751e058cc025e3e6efacbe0f5e59d402d4028f6697,500000,False,884250,0x4f1e4158cd298aea5c816d497a4641dc3a229a25fb033f79593916ba163d54f5,250000,False,5000,13452439,328383,1165621.75015312854352639808838990605914025541013025688083567,-2413.91986822624526494384747707122898885376514891284040504315,True,2413.919868226245264943847477,True,True,True,True
0x95fbcd7ebd927e288a6be03ec516b53dd91c0f1d098bccc8fa12dd3f953f1e18,0x7168563b0e70124f0c7c0cf2f13a8d1861baf4a5,13871252,0x8876789976decbfcbbbe364623c63652db8c0904,Uniswap UniversalRouter,0x49779bcb7a3db68b9d4ae5751e058cc025e3e6efacbe0f5e59d402d4028f6697,500000,False,853921,0x4f1e4158cd298aea5c816d497a4641dc3a229a25fb033f79593916ba163d54f5,250000,False,5000,13452439,418813,1647286.99645482787836357750026795562503880951265886034847579,-4816.19777344356439547893614808989490120641890854420125720297,True,4816.197773443564395478936148,True,True,True,True
0x95fbcd7ebd927e288a6be03ec516b53dd91c0f1d098bccc8fa12dd3f953f1e18,0x7168563b0e70124f0c7c0cf2f13a8d1861baf4a5,13871252,0x8876789976decbfcbbbe364623c63652db8c0904,Uniswap UniversalRouter,0x6dda79299e7d75d6fa8a92cb025a020b394202ffc923d867e5f1518f20dea700,440000,False,1961536,0x4f1e4158cd298aea5c816d497a4641dc3a229a25fb033f79593916ba163d54f5,250000,False,5000,13452439,418813,2714514.17343707095665229207629619833118420739111540194352061,-2773.89663611025836044645150716450490953937842627303552881202,True,2773.896636110258360446451507,True,True,True,True
0x16d1b534b3ac5eed910cb1bb651ad1cfd336951896375a04f4e221b1956366a6,0x7168563b0e70124f0c7c0cf2f13a8d1861baf4a5,13952971,0x8876789976decbfcbbbe364623c63652db8c0904,Uniswap UniversalRouter,0x6dda79299e7d75d6fa8a92cb025a020b394202ffc923d867e5f1518f20dea700,440000,False,35593084628146054663,0x4f1e4158cd298aea5c816d497a4641dc3a229a25fb033f79593916ba163d54f5,250000,False,5000,13452439,500532,40270541481666043649.5123861157098693927260517495575885853745,-1161.50830890850902765688287037022003412427514583132758641371,True,1161.508308908509027656882870,True,True,True,True
0xa7ae3bd32ca021faea2ce3df1487f6c33a09c3e8cdc5521775f95ffed2927b2e,0x7168563b0e70124f0c7c0cf2f13a8d1861baf4a5,13958648,0x1d4b86491ec211257cbedd77a4380a7494624eff,0x Settler,0x49779bcb7a3db68b9d4ae5751e058cc025e3e6efacbe0f5e59d402d4028f6697,500000,False,1569850546768563227424,0x4f1e4158cd298aea5c816d497a4641dc3a229a25fb033f79593916ba163d54f5,250000,False,5000,13452439,506209,1851369612743377263169.21823599293573181805719574923109234965,-1520.59893409213075246734888184080246250977764149581531262506,True,1520.598934092130752467348882,True,True,True,True
0x59b7642a050dfea3aa1cc816a432790891d20b9aaad69649f09bea0f1f0d108b,0x7168563b0e70124f0c7c0cf2f13a8d1861baf4a5,13972603,0x8876789976decbfcbbbe364623c63652db8c0904,Uniswap UniversalRouter,0x25b0965181cf89c5f271308173855842e4652310b93c0624ffb1ecc1c934a3c7,100000,False,19763243875457135697504,0x537217eb9534d5d606bff54f8b807df65ce48678877ee3151f92f26bb94c1243,10000,True,200,12144034,1828569,23015258261745648431011.6435998760477335406101080767086588280,-1412.98192238571724196745957880787152822813913431644159862045,True,1412.981922385717241967459579,True,True,True,True
0xd531cf42c3298652292e5fb10cbc0e2128c18475c3e8e76939470756dc345bdf,0x7168563b0e70124f0c7c0cf2f13a8d1861baf4a5,13981923,0x8876789976decbfcbbbe364623c63652db8c0904,Uniswap UniversalRouter,0x25b0965181cf89c5f271308173855842e4652310b93c0624ffb1ecc1c934a3c7,100000,False,43573917855228702897731,0x537217eb9534d5d606bff54f8b807df65ce48678877ee3151f92f26bb94c1243,10000,True,200,12144034,1837889,52678526376892850731699.3280158756429206276137140064280449292,-1728.33394323229111343218080053212873589868527378607606954819,True,1728.333943232291113432180801,True,True,True,True
0xd5fd90cb2f48bd61c740bad6f09d23a51adebcad84a3a4ecfa96d4b7724efea1,0x7168563b0e70124f0c7c0cf2f13a8d1861baf4a5,13990985,0x8876789976decbfcbbbe364623c63652db8c0904,Uniswap UniversalRouter,0x25b0965181cf89c5f271308173855842e4652310b93c0624ffb1ecc1c934a3c7,100000,False,51202669205482910196204,0x537217eb9534d5d606bff54f8b807df65ce48678877ee3151f92f26bb94c1243,10000,True,200,12144034,1846951,57623225799515157654023.8721107602664943610330515801668581412,-1114.23067781225640432625322777532716872634488712956115315153,True,1114.230677812256404326253228,True,True,True,True
0x0f33c842bbb35fbe425f511c8360576e7d452ecce8af98b0bf06a76ed50d1dec,0x7168563b0e70124f0c7c0cf2f13a8d1861baf4a5,13994432,0x1d4b86491ec211257cbedd77a4380a7494624eff,0x Settler,0x25b0965181cf89c5f271308173855842e4652310b93c0624ffb1ecc1c934a3c7,100000,False,54366784285171822438335,0x537217eb9534d5d606bff54f8b807df65ce48678877ee3151f92f26bb94c1243,10000,True,200,12144034,1850398,74393511608076990250638.4689242647957203806525899624672832862,-2691.99919321066740563360507614943157411015325574249342851407,True,2691.999193210667405633605076,True,True,True,True
0x4132b969ccb7e85d6488c936f750121f12d5d675d3a659e78a7ab18012552426,0x7168563b0e70124f0c7c0cf2f13a8d1861baf4a5,14016584,0x1d4b86491ec211257cbedd77a4380a7494624eff,0x Settler,0x25b0965181cf89c5f271308173855842e4652310b93c0624ffb1ecc1c934a3c7,100000,False,683217247834335002885,0x537217eb9534d5d606bff54f8b807df65ce48678877ee3151f92f26bb94c1243,10000,True,200,12144034,1872550,776316839185995700118.660780692785084892775376660633175662745,-1199.24735175498637036712437133926005758494439184473918185640,True,1199.247351754986370367124371,True,True,True,True
0xe1577b56e06904e282597de553af3ed45aa3ac3a32d721cbee1ff78c848e2141,0x7168563b0e70124f0c7c0cf2f13a8d1861baf4a5,14019483,0x8876789976decbfcbbbe364623c63652db8c0904,Uniswap UniversalRouter,0x25b0965181cf89c5f271308173855842e4652310b93c0624ffb1ecc1c934a3c7,100000,False,30156045873179747297977,0x537217eb9534d5d606bff54f8b807df65ce48678877ee3151f92f26bb94c1243,10000,True,200,12144034,1875449,36535173867795176743066.3922669553893103547548640103298236220,-1746.02371339430464687544308910765086719399256229068011932280,True,1746.023713394304646875443089,True,True,True,True
0x13ff5a471f0dc2d3623844ecf47b9800f020eb7a23b6d7980bd55881ff377319,0x7168563b0e70124f0c7c0cf2f13a8d1861baf4a5,14026824,0x8876789976decbfcbbbe364623c63652db8c0904,Uniswap UniversalRouter,0x25b0965181cf89c5f271308173855842e4652310b93c0624ffb1ecc1c934a3c7,100000,False,44916386318955966444981,0x537217eb9534d5d606bff54f8b807df65ce48678877ee3151f92f26bb94c1243,10000,True,200,12144034,1882790,59471274135160360042905.2922852117653553321932715528397915420,-2447.38119837915380867878283431313087969658380962975312396235,True,2447.381198379153808678782834,True,True,True,True
0x159ee029c94090ff1282015d41ac5384ff219878b0f55cab62a95983624128e6,0x7168563b0e70124f0c7c0cf2f13a8d1861baf4a5,14039230,0x1d4b86491ec211257cbedd77a4380a7494624eff,0x Settler,0x25b0965181cf89c5f271308173855842e4652310b93c0624ffb1ecc1c934a3c7,100000,False,17979887295292707114188,0x537217eb9534d5d606bff54f8b807df65ce48678877ee3151f92f26bb94c1243,10000,True,200,12144034,1895196,22353796316200602703993.1772977900745881492664577580706298304,-1956.67391750275809479948008040564680432947601228562031630134,True,1956.673917502758094799480080,True,True,True,True
0x9484dbc38a40ef351a653827552daa2f25f46351f9256e1778548c5aa71911a8,0x7168563b0e70124f0c7c0cf2f13a8d1861baf4a5,14097891,0x8876789976decbfcbbbe364623c63652db8c0904,Uniswap UniversalRouter,0x25b0965181cf89c5f271308173855842e4652310b93c0624ffb1ecc1c934a3c7,100000,False,37375993035128411723031,0x537217eb9534d5d606bff54f8b807df65ce48678877ee3151f92f26bb94c1243,10000,True,200,12144034,1953857,44621696449040852953203.3112362287917477054109287993502248811,-1623.80724860768672610142843836269023385509053007950712699954,True,1623.807248607686726101428438,True,True,True,True
0x96fe2db11882553e98b5520b9f03640f5368f9ba597a3eb605af91e47953638c,0x7168563b0e70124f0c7c0cf2f13a8d1861baf4a5,14098377,0x8876789976decbfcbbbe364623c63652db8c0904,Uniswap UniversalRouter,0x25b0965181cf89c5f271308173855842e4652310b93c0624ffb1ecc1c934a3c7,100000,False,37598687983251983,0x537217eb9534d5d606bff54f8b807df65ce48678877ee3151f92f26bb94c1243,10000,True,200,12144034,1954343,50370131447968182.2476212775416396621126306132213366843422418,-2535.51918519588666604900455547435882898180012915186783638849,True,2535.519185195886666049004555,True,True,True,True
0x8f0d4fed2268d503376fc84c3eb340b7a6800c43cdb20020e6ce36980d67ed0c,0x7168563b0e70124f0c7c0cf2f13a8d1861baf4a5,14117057,0x1d4b86491ec211257cbedd77a4380a7494624eff,0x Settler,0x25b0965181cf89c5f271308173855842e4652310b93c0624ffb1ecc1c934a3c7,100000,False,51000343843496659393338,0x537217eb9534d5d606bff54f8b807df65ce48678877ee3151f92f26bb94c1243,10000,True,200,12144034,1973023,64923531392676792174284.3021939965709262656756684095722960273,-2144.55179047001633469502949744631858538587516985998267589797,True,2144.551790470016334695029497,True,True,True,True
0x8371312d868df6d906a6da51aef8966d38ceedc12e5c4dbb8757ca568e1e601f,0x7168563b0e70124f0c7c0cf2f13a8d1861baf4a5,14147400,0x1d4b86491ec211257cbedd77a4380a7494624eff,0x Settler,0x25b0965181cf89c5f271308173855842e4652310b93c0624ffb1ecc1c934a3c7,100000,False,21057036171761335694820,0x537217eb9534d5d606bff54f8b807df65ce48678877ee3151f92f26bb94c1243,10000,True,200,12144034,2003366,24519446038030489516909.4308763993630523020650934896744495064,-1412.10770459448353623351699139004210877942557670029518208818,True,1412.107704594483536233516991,True,True,True,True
0xdad23558b36e1c449727eaef80fc0da3feca1e313c5f9c74976e1ef2623b4b6a,0x7168563b0e70124f0c7c0cf2f13a8d1861baf4a5,14148006,0x1d4b86491ec211257cbedd77a4380a7494624eff,0x Settler,0x25b0965181cf89c5f271308173855842e4652310b93c0624ffb1ecc1c934a3c7,100000,False,24149045765000402063139,0x537217eb9534d5d606bff54f8b807df65ce48678877ee3151f92f26bb94c1243,10000,True,200,12144034,2003972,30652168951120412611866.1889069326206253057763671041187014185,-2121.58663110928249886898621030432466155260155675256834784127,True,2121.586631109282498868986210,True,True,True,True
0x8e60b604d3ed0f3fb650c8e85cbfcabf724c6d0504a86aa5594df04ff9221eec,0x7168563b0e70124f0c7c0cf2f13a8d1861baf4a5,14178468,0x8876789976decbfcbbbe364623c63652db8c0904,Uniswap UniversalRouter,0x25b0965181cf89c5f271308173855842e4652310b93c0624ffb1ecc1c934a3c7,100000,False,22301529391807827069593,0x537217eb9534d5d606bff54f8b807df65ce48678877ee3151f92f26bb94c1243,10000,True,200,12144034,2034434,26362172814972371810031.2764191263510300898787362767257170964,-1540.32956678681130640590529451043301067757714003175560627805,True,1540.329566786811306405905295,True,True,True,True
0x71b189758e418857df2fb5af08337a76241671a3e4a6ac9da5e70e9e167d0761,0x7168563b0e70124f0c7c0cf2f13a8d1861baf4a5,14182573,0x8876789976decbfcbbbe364623c63652db8c0904,Uniswap UniversalRouter,0x25b0965181cf89c5f271308173855842e4652310b93c0624ffb1ecc1c934a3c7,100000,False,11274760405321118,0x537217eb9534d5d606bff54f8b807df65ce48678877ee3151f92f26bb94c1243,10000,True,200,12144034,2038539,13834239727709391.6291904559425708810102771239658053346616887,-1850.10479272073463027848878999740845435243091714691666382400,True,1850.104792720734630278488790,True,True,True,True
0x71b189758e418857df2fb5af08337a76241671a3e4a6ac9da5e70e9e167d0761,0x7168563b0e70124f0c7c0cf2f13a8d1861baf4a5,14182573,0x8876789976decbfcbbbe364623c63652db8c0904,Uniswap UniversalRouter,0x5ecceb7d73f95bc4bcc796fd9105f5c903b8b0d6bed72c95f998f54badf64cf9,850000,False,11260895182965,0x537217eb9534d5d606bff54f8b807df65ce48678877ee3151f92f26bb94c1243,10000,True,200,12144034,2038539,139842417161293.433484007812850273826703358386952221618967014,-9194.74395454872974917610034092508470032775971045253190450314,True,9194.743954548729749176100341,True,True,True,True
0x38bff2d8f88e6fcd4fbcd0e4d0ddea412566d377e54805f78324a5feaf63f2be,0x7168563b0e70124f0c7c0cf2f13a8d1861baf4a5,14200288,0x1d4b86491ec211257cbedd77a4380a7494624eff,0x Settler,0x25b0965181cf89c5f271308173855842e4652310b93c0624ffb1ecc1c934a3c7,100000,False,3062749919894884047264,0x537217eb9534d5d606bff54f8b807df65ce48678877ee3151f92f26bb94c1243,10000,True,200,12144034,2056254,3550203430361339550183.99577790135856335566816369316563558670,-1373.02979963839003417598525481502856859144456706461950253109,True,1373.029799638390034175985255,True,True,True,True
0x06d8dacc4213f43bb767f978b6743c4b454c1d6da5fe58dcb9a8aa4c26f68882,0x7168563b0e70124f0c7c0cf2f13a8d1861baf4a5,14403993,0x8876789976decbfcbbbe364623c63652db8c0904,Uniswap UniversalRouter,0x6dda79299e7d75d6fa8a92cb025a020b394202ffc923d867e5f1518f20dea700,440000,False,1425000000000000000000,0x4f1e4158cd298aea5c816d497a4641dc3a229a25fb033f79593916ba163d54f5,250000,False,5000,13452439,951554,2158925214903879717628.55720283127190252663764069918935155495,-3399.49346015932165931739286806810087764676206319402963857731,True,3399.493460159321659317392868,True,True,True,True
0x06d8dacc4213f43bb767f978b6743c4b454c1d6da5fe58dcb9a8aa4c26f68882,0x7168563b0e70124f0c7c0cf2f13a8d1861baf4a5,14403993,0x8876789976decbfcbbbe364623c63652db8c0904,Uniswap UniversalRouter,0x49779bcb7a3db68b9d4ae5751e058cc025e3e6efacbe0f5e59d402d4028f6697,500000,False,75000000000000000000,0x4f1e4158cd298aea5c816d497a4641dc3a229a25fb033f79593916ba163d54f5,250000,False,5000,13452439,951554,142138591945888781320.761832429629748968246788943376131827735,-4723.45976041805716793776695850330247922062706990087007433820,True,4723.459760418057167937766959,True,True,True,True
0xdb764745c534a21f655575e43a59b1d01caccfb987cd395e04e27c447b9d620c,0x7168563b0e70124f0c7c0cf2f13a8d1861baf4a5,14412153,0x1d4b86491ec211257cbedd77a4380a7494624eff,0x Settler,0x5ecceb7d73f95bc4bcc796fd9105f5c903b8b0d6bed72c95f998f54badf64cf9,850000,False,65397160722218270362306,0x537217eb9534d5d606bff54f8b807df65ce48678877ee3151f92f26bb94c1243,10000,True,200,12144034,2268119,220710268661409514862172.427037542982512430290939806265351188,-7036.96791640701967389765959688100360562521229631776679762971,True,7036.967916407019673897659597,True,True,True,True
0x12c60fb4d9d63e51536af5469ffceeb350ac8a6979b0e9ce269fdfc663aa288c,0x7168563b0e70124f0c7c0cf2f13a8d1861baf4a5,14413566,0x8876789976decbfcbbbe364623c63652db8c0904,Uniswap UniversalRouter,0x4f1e4158cd298aea5c816d497a4641dc3a229a25fb033f79593916ba163d54f5,250000,False,6989416384016523188582,0x96a9d0f42eb3f39393dd7aa12f06dc0a69e0d640a5809866549e92bf536a1057,812220,False,16244,13410589,1002977,8226431828675831210433.84409939133640186658049848427684903589,-1503.70837614833111901241713275074945564284872775708403589772,True,1503.708376148331119012417133,True,True,True,True
0x12c60fb4d9d63e51536af5469ffceeb350ac8a6979b0e9ce269fdfc663aa288c,0x7168563b0e70124f0c7c0cf2f13a8d1861baf4a5,14413566,0x8876789976decbfcbbbe364623c63652db8c0904,Uniswap UniversalRouter,0x49779bcb7a3db68b9d4ae5751e058cc025e3e6efacbe0f5e59d402d4028f6697,500000,False,6651090540901724346584,0x96a9d0f42eb3f39393dd7aa12f06dc0a69e0d640a5809866549e92bf536a1057,812220,False,16244,13410589,1002977,8233784238393591744894.66171252122930351132656574759253869635,-1922.19476691151473803903755922313058484099276945816145537313,True,1922.194766911514738039037559,True,True,True,True
0x0c1230a7ae1ba448667177f9fbbb3397e4b2fc5370d1f6b935f7684ad8f7a8a6,0x7168563b0e70124f0c7c0cf2f13a8d1861baf4a5,14420462,0x1d4b86491ec211257cbedd77a4380a7494624eff,0x Settler,0xb4dd0f87ea71d2996ab2779f4e9d8ea17a2a5c482a69433ed901d2ed9ac8df57,823330,False,5188791136839302123792,0x96a9d0f42eb3f39393dd7aa12f06dc0a69e0d640a5809866549e92bf536a1057,812220,False,16244,13410589,1009873,5873601337096608029383.15673535262003251298394020936734928841,-1165.91195240332032084519626410631259567190333793929902153610,True,1165.911952403320320845196264,True,True,True,True
0x0c1230a7ae1ba448667177f9fbbb3397e4b2fc5370d1f6b935f7684ad8f7a8a6,0x7168563b0e70124f0c7c0cf2f13a8d1861baf4a5,14420462,0x1d4b86491ec211257cbedd77a4380a7494624eff,0x Settler,0x4f1e4158cd298aea5c816d497a4641dc3a229a25fb033f79593916ba163d54f5,250000,False,6734930016637465787001,0x96a9d0f42eb3f39393dd7aa12f06dc0a69e0d640a5809866549e92bf536a1057,812220,False,16244,13410589,1009873,7961503252049987589651.08185899162194486862277567353356714012,-1540.63020083134993816084887730148833212571032381387410434541,True,1540.630200831349938160848877,True,True,True,True
0x0c1230a7ae1ba448667177f9fbbb3397e4b2fc5370d1f6b935f7684ad8f7a8a6,0x7168563b0e70124f0c7c0cf2f13a8d1861baf4a5,14420462,0x1d4b86491ec211257cbedd77a4380a7494624eff,0x Settler,0x6dda79299e7d75d6fa8a92cb025a020b394202ffc923d867e5f1518f20dea700,440000,False,8702061172083843574152,0x96a9d0f42eb3f39393dd7aa12f06dc0a69e0d640a5809866549e92bf536a1057,812220,False,16244,13410589,1009873,11125782148321294498108.6667969268092331184726050327527135556,-2178.47243809564641773220918143903722213330970291971047826034,True,2178.472438095646417732209181,True,True,True,True
0xc0a95145c893c3b62274554c5632952972377fc76e85eb6b6fe678eed6d37623,0x7168563b0e70124f0c7c0cf2f13a8d1861baf4a5,14429566,0x8876789976decbfcbbbe364623c63652db8c0904,Uniswap UniversalRouter,0x96a9d0f42eb3f39393dd7aa12f06dc0a69e0d640a5809866549e92bf536a1057,812220,False,9112955018358404105025,0x6dda79299e7d75d6fa8a92cb025a020b394202ffc923d867e5f1518f20dea700,440000,False,8800,12425198,2004368,17187141042885851494043.5372601999196832044517770119003798412,-4697.80634509282542260862445161314487940259843410757628081149,True,4697.806345092825422608624452,True,True,True,True
0xc0a95145c893c3b62274554c5632952972377fc76e85eb6b6fe678eed6d37623,0x7168563b0e70124f0c7c0cf2f13a8d1861baf4a5,14429566,0x8876789976decbfcbbbe364623c63652db8c0904,Uniswap UniversalRouter,0x183d89e02dd18015726574234ac25ab95779fa2756540a7b161724cc4aec48d0,829110,False,3624741188066801916709,0x4f1e4158cd298aea5c816d497a4641dc3a229a25fb033f79593916ba163d54f5,250000,False,5000,13452439,977127,6995195297106007325309.36780257425606498559569282833731225523,-4818.24161568955909303902041077529559846268097509522668929920,True,4818.241615689559093039020411,True,True,True,True
0xc0a95145c893c3b62274554c5632952972377fc76e85eb6b6fe678eed6d37623,0x7168563b0e70124f0c7c0cf2f13a8d1861baf4a5,14429566,0x8876789976decbfcbbbe364623c63652db8c0904,Uniswap UniversalRouter,0xb4dd0f87ea71d2996ab2779f4e9d8ea17a2a5c482a69433ed901d2ed9ac8df57,823330,False,3581499134711937894871,0x4f1e4158cd298aea5c816d497a4641dc3a229a25fb033f79593916ba163d54f5,250000,False,5000,13452439,977127,6997213303346474027139.29284458606298468636971597959311277718,-4881.53500623018469535041461184173313170132448911206397537910,True,4881.535006230184695350414612,True,True,True,True
0xc0a95145c893c3b62274554c5632952972377fc76e85eb6b6fe678eed6d37623,0x7168563b0e70124f0c7c0cf2f13a8d1861baf4a5,14429566,0x8876789976decbfcbbbe364623c63652db8c0904,Uniswap UniversalRouter,0x49779bcb7a3db68b9d4ae5751e058cc025e3e6efacbe0f5e59d402d4028f6697,500000,False,3813714715102741816116,0x4f1e4158cd298aea5c816d497a4641dc3a229a25fb033f79593916ba163d54f5,250000,False,5000,13452439,977127,7996577725571952038874.55985457977268021665737049934834932920,-5230.81642424732714128140424220861115581253552996839489786723,True,5230.816424247327141281404242,True,True,True,True
0xc0a95145c893c3b62274554c5632952972377fc76e85eb6b6fe678eed6d37623,0x7168563b0e70124f0c7c0cf2f13a8d1861baf4a5,14429566,0x8876789976decbfcbbbe364623c63652db8c0904,Uniswap UniversalRouter,0x183d89e02dd18015726574234ac25ab95779fa2756540a7b161724cc4aec48d0,829110,False,8821214402654936748210,0x6dda79299e7d75d6fa8a92cb025a020b394202ffc923d867e5f1518f20dea700,440000,False,8800,12425198,2004368,32015491406667671386620.5803359569084287033848190722683028762,-7244.70435558649705585453630205333042871273995243012394182422,True,7244.704355586497055854536302,True,True,True,True
0xc0a95145c893c3b62274554c5632952972377fc76e85eb6b6fe678eed6d37623,0x7168563b0e70124f0c7c0cf2f13a8d1861baf4a5,14429566,0x8876789976decbfcbbbe364623c63652db8c0904,Uniswap UniversalRouter,0x7ef14c0048abae5ec551bc49461af82e82c29fa4c9d2ac5233977aeb61064ec5,845580,False,1967140007087567072906,0x4f1e4158cd298aea5c816d497a4641dc3a229a25fb033f79593916ba163d54f5,250000,False,5000,13452439,977127,6993389524547336793922.00665803857144550908198939893093245634,-7187.14365876124320434990359998803775799039752387093039182147,True,7187.143658761243204349903600,True,True,True,True
0xc0a95145c893c3b62274554c5632952972377fc76e85eb6b6fe678eed6d37623,0x7168563b0e70124f0c7c0cf2f13a8d1861baf4a5,14429566,0x8876789976decbfcbbbe364623c63652db8c0904,Uniswap UniversalRouter,0x49779bcb7a3db68b9d4ae5751e058cc025e3e6efacbe0f5e59d402d4028f6697,500000,False,3306385841072831990437,0x6dda79299e7d75d6fa8a92cb025a020b394202ffc923d867e5f1518f20dea700,440000,False,8800,12425198,2004368,13742965677518572818891.9420103660196357723234465180279703064,-7594.12493732587683510538885451874857939105510171439391127628,True,7594.124937325876835105388855,True,True,True,True
0xc0a95145c893c3b62274554c5632952972377fc76e85eb6b6fe678eed6d37623,0x7168563b0e70124f0c7c0cf2f13a8d1861baf4a5,14429566,0x8876789976decbfcbbbe364623c63652db8c0904,Uniswap UniversalRouter,0x96a9d0f42eb3f39393dd7aa12f06dc0a69e0d640a5809866549e92bf536a1057,812220,False,2567390231567941509434,0x6dda79299e7d75d6fa8a92cb025a020b394202ffc923d867e5f1518f20dea700,440000,False,8800,12425198,2004368,12598877021705181868521.4686529572404051678291063933778807922,-7962.20708627850329107660658121115648173482062895612209056151,True,7962.207086278503291076606581,True,True,True,True
0xc0a95145c893c3b62274554c5632952972377fc76e85eb6b6fe678eed6d37623,0x7168563b0e70124f0c7c0cf2f13a8d1861baf4a5,14429566,0x8876789976decbfcbbbe364623c63652db8c0904,Uniswap UniversalRouter,0xb4dd0f87ea71d2996ab2779f4e9d8ea17a2a5c482a69433ed901d2ed9ac8df57,823330,False,2649096818937105978634,0x6dda79299e7d75d6fa8a92cb025a020b394202ffc923d867e5f1518f20dea700,440000,False,8800,12425198,2004368,11454587482803267980704.5042442768958963458415192132886862802,-7687.30491349934186357795651554240195221777607887090071443988,True,7687.304913499341863577956516,True,True,True,True
0xc0a95145c893c3b62274554c5632952972377fc76e85eb6b6fe678eed6d37623,0x7168563b0e70124f0c7c0cf2f13a8d1861baf4a5,14429566,0x8876789976decbfcbbbe364623c63652db8c0904,Uniswap UniversalRouter,0x7ef14c0048abae5ec551bc49461af82e82c29fa4c9d2ac5233977aeb61064ec5,845580,False,187201811091461893702,0x4f1e4158cd298aea5c816d497a4641dc3a229a25fb033f79593916ba163d54f5,250000,False,5000,13452439,977127,1750256169542902524836.53247116654359571164681796999432317493,-8930.43193134207559987118712391543600366170733495504579821834,True,8930.431931342075599871187124,True,True,True,True
0xc0a95145c893c3b62274554c5632952972377fc76e85eb6b6fe678eed6d37623,0x7168563b0e70124f0c7c0cf2f13a8d1861baf4a5,14429566,0x8876789976decbfcbbbe364623c63652db8c0904,Uniswap UniversalRouter,0x49779bcb7a3db68b9d4ae5751e058cc025e3e6efacbe0f5e59d402d4028f6697,500000,False,166510285835247228618,0x4f1e4158cd298aea5c816d497a4641dc3a229a25fb033f79593916ba163d54f5,250000,False,5000,13452439,977127,1750083847222286758224.00948902744401034442080919696304383966,-9048.55823851222633370208944494611053668924325890658634484788,True,9048.558238512226333702089445,True,True,True,True
0xc0a95145c893c3b62274554c5632952972377fc76e85eb6b6fe678eed6d37623,0x7168563b0e70124f0c7c0cf2f13a8d1861baf4a5,14429566,0x8876789976decbfcbbbe364623c63652db8c0904,Uniswap UniversalRouter,0x96a9d0f42eb3f39393dd7aa12f06dc0a69e0d640a5809866549e92bf536a1057,812220,False,168698831298261667718,0x4f1e4158cd298aea5c816d497a4641dc3a229a25fb033f79593916ba163d54f5,250000,False,5000,13452439,977127,1748552923339043516373.02853832739643296237198292591301671691,-9035.20889161242132605051061488262409606125280166914485882435,True,9035.208891612421326050510615,True,True,True,True
0x77b7b1479d4bd4881be197c390f903c23e8571cc03ebf61d5a0dd82370f5e921,0x7168563b0e70124f0c7c0cf2f13a8d1861baf4a5,14674020,0x8876789976decbfcbbbe364623c63652db8c0904,Uniswap UniversalRouter,0x6dda79299e7d75d6fa8a92cb025a020b394202ffc923d867e5f1518f20dea700,440000,False,11674146726762456043138,0x4f1e4158cd298aea5c816d497a4641dc3a229a25fb033f79593916ba163d54f5,250000,False,5000,13452439,1221581,13117178764777102120520.5927350599791524734423774357029583665,-1100.10854002352026606647810325312437529451356571161338967368,True,1100.108540023520266066478103,True,True,True,True
0x6834a28793dadd836b394ce5c0e850e1ee2fcfb1f29fdbfa8f1373adf08a0ea3,0x7168563b0e70124f0c7c0cf2f13a8d1861baf4a5,14883768,0x8876789976decbfcbbbe364623c63652db8c0904,Uniswap UniversalRouter,0x53078eacf53ba2740704b07a5e08b0519fc88c2d76f6eac142935d9bb5357853,846660,False,61438368183476459672004,0x6dda79299e7d75d6fa8a92cb025a020b394202ffc923d867e5f1518f20dea700,440000,False,8800,12425198,2458570,134032810136180831816582.672149181128074918404908709852393310,-5416.16950946164041765361776675016103967029276101457117106938,True,5416.169509461640417653617767,True,True,True,True
0x6834a28793dadd836b394ce5c0e850e1ee2fcfb1f29fdbfa8f1373adf08a0ea3,0x7168563b0e70124f0c7c0cf2f13a8d1861baf4a5,14883768,0x8876789976decbfcbbbe364623c63652db8c0904,Uniswap UniversalRouter,0x49779bcb7a3db68b9d4ae5751e058cc025e3e6efacbe0f5e59d402d4028f6697,500000,False,9640839209953883439818,0x6dda79299e7d75d6fa8a92cb025a020b394202ffc923d867e5f1518f20dea700,440000,False,8800,12425198,2458570,38604387150483420800490.7601087864322487625197931541045998041,-7502.65710154314502839846086945015272696771080490976592267011,True,7502.657101543145028398460869,True,True,True,True
0x6834a28793dadd836b394ce5c0e850e1ee2fcfb1f29fdbfa8f1373adf08a0ea3,0x7168563b0e70124f0c7c0cf2f13a8d1861baf4a5,14883768,0x8876789976decbfcbbbe364623c63652db8c0904,Uniswap UniversalRouter,0x53078eacf53ba2740704b07a5e08b0519fc88c2d76f6eac142935d9bb5357853,846660,False,9298724548772374116340,0x6dda79299e7d75d6fa8a92cb025a020b394202ffc923d867e5f1518f20dea700,440000,False,8800,12425198,2458570,107508115652701362532300.923213891457263962386445170251457380,-9135.06766514154556888061487050777389407308727936212869074473,True,9135.067665141545568880614871,True,True,True,True
0x6834a28793dadd836b394ce5c0e850e1ee2fcfb1f29fdbfa8f1373adf08a0ea3,0x7168563b0e70124f0c7c0cf2f13a8d1861baf4a5,14883768,0x8876789976decbfcbbbe364623c63652db8c0904,Uniswap UniversalRouter,0x183d89e02dd18015726574234ac25ab95779fa2756540a7b161724cc4aec48d0,829110,False,2884616442856676522384,0x6dda79299e7d75d6fa8a92cb025a020b394202ffc923d867e5f1518f20dea700,440000,False,8800,12425198,2458570,38615148210954856161872.6021616436546886600538819202688994069,-9252.98320050515036907532841324501365039127614689474877674352,True,9252.983200505150369075328413,True,True,True,True
0x6834a28793dadd836b394ce5c0e850e1ee2fcfb1f29fdbfa8f1373adf08a0ea3,0x7168563b0e70124f0c7c0cf2f13a8d1861baf4a5,14883768,0x8876789976decbfcbbbe364623c63652db8c0904,Uniswap UniversalRouter,0x96a9d0f42eb3f39393dd7aa12f06dc0a69e0d640a5809866549e92bf536a1057,812220,False,2063681256414410066962,0x6dda79299e7d75d6fa8a92cb025a020b394202ffc923d867e5f1518f20dea700,440000,False,8800,12425198,2458570,27056350419547171196136.3813832019036598104824413548654824278,-9237.26547578882633233266528538928026982830757344931182072772,True,9237.265475788826332332665285,True,True,True,True
0x6834a28793dadd836b394ce5c0e850e1ee2fcfb1f29fdbfa8f1373adf08a0ea3,0x7168563b0e70124f0c7c0cf2f13a8d1861baf4a5,14883768,0x8876789976decbfcbbbe364623c63652db8c0904,Uniswap UniversalRouter,0xb4dd0f87ea71d2996ab2779f4e9d8ea17a2a5c482a69433ed901d2ed9ac8df57,823330,False,1266118273971801183702,0x4f1e4158cd298aea5c816d497a4641dc3a229a25fb033f79593916ba163d54f5,250000,False,5000,13452439,1431329,19725960868776037355065.9982062221341421763924546612224443059,-9358.14621026855880105167179058955453399881028416444299757856,True,9358.146210268558801051671791,True,True,True,True
0x6834a28793dadd836b394ce5c0e850e1ee2fcfb1f29fdbfa8f1373adf08a0ea3,0x7168563b0e70124f0c7c0cf2f13a8d1861baf4a5,14883768,0x8876789976decbfcbbbe364623c63652db8c0904,Uniswap UniversalRouter,0x7ef14c0048abae5ec551bc49461af82e82c29fa4c9d2ac5233977aeb61064ec5,845580,False,596538318377715682969,0x4f1e4158cd298aea5c816d497a4641dc3a229a25fb033f79593916ba163d54f5,250000,False,5000,13452439,1431329,10280510441221644489849.0627647347090726032902667357960306482,-9419.73861921701587113175884272947957888266932486390964466261,True,9419.738619217015871131758843,True,True,True,True
0x6834a28793dadd836b394ce5c0e850e1ee2fcfb1f29fdbfa8f1373adf08a0ea3,0x7168563b0e70124f0c7c0cf2f13a8d1861baf4a5,14883768,0x8876789976decbfcbbbe364623c63652db8c0904,Uniswap UniversalRouter,0x49779bcb7a3db68b9d4ae5751e058cc025e3e6efacbe0f5e59d402d4028f6697,500000,False,782625059644775790164,0x4f1e4158cd298aea5c816d497a4641dc3a229a25fb033f79593916ba163d54f5,250000,False,5000,13452439,1431329,14006494564965900470385.2517818828684775361753037638813263255,-9441.24130701315048771883751611381213228054757480751560477821,True,9441.241307013150487718837516,True,True,True,True
0x703080d87353fe248e47b859dcefa3913e06cea449e6ca128f696543df4dbf12,0x7168563b0e70124f0c7c0cf2f13a8d1861baf4a5,14891582,0x8876789976decbfcbbbe364623c63652db8c0904,Uniswap UniversalRouter,0x49779bcb7a3db68b9d4ae5751e058cc025e3e6efacbe0f5e59d402d4028f6697,500000,False,1793947,0x53078eacf53ba2740704b07a5e08b0519fc88c2d76f6eac142935d9bb5357853,846660,False,16933,14755649,135933,2023068.44446159690008918017536989980595528526839422596051697,-1132.54420575263053547110976577370324120613251039227444759552,True,1132.544205752630535471109766,True,True,True,True
0x703080d87353fe248e47b859dcefa3913e06cea449e6ca128f696543df4dbf12,0x7168563b0e70124f0c7c0cf2f13a8d1861baf4a5,14891582,0x8876789976decbfcbbbe364623c63652db8c0904,Uniswap UniversalRouter,0x4f1e4158cd298aea5c816d497a4641dc3a229a25fb033f79593916ba163d54f5,250000,False,1237908,0x53078eacf53ba2740704b07a5e08b0519fc88c2d76f6eac142935d9bb5357853,846660,False,16933,14755649,135933,1530750.17761386306875875231516074919437550143661544278223016,-1913.06316273205426112029772259959151332983923433642011297925,True,1913.063162732054261120297723,True,True,True,True
0x703080d87353fe248e47b859dcefa3913e06cea449e6ca128f696543df4dbf12,0x7168563b0e70124f0c7c0cf2f13a8d1861baf4a5,14891582,0x8876789976decbfcbbbe364623c63652db8c0904,Uniswap UniversalRouter,0x6dda79299e7d75d6fa8a92cb025a020b394202ffc923d867e5f1518f20dea700,440000,False,5189201,0x53078eacf53ba2740704b07a5e08b0519fc88c2d76f6eac142935d9bb5357853,846660,False,16933,14755649,135933,6093172.61997974877281439092445138056166055217159565256509052,-1483.58117578286040213693814303346991464502224919572589999977,True,1483.581175782860402136938143,True,True,True,True
0x41466569020011ca8237a35b0a98b65dc61e38877e90eafe1041ed3dfa6eadc4,0x7168563b0e70124f0c7c0cf2f13a8d1861baf4a5,14907968,0x1d4b86491ec211257cbedd77a4380a7494624eff,0x Settler,0x6dda79299e7d75d6fa8a92cb025a020b394202ffc923d867e5f1518f20dea700,440000,False,5308838022679598606068,0x4f1e4158cd298aea5c816d497a4641dc3a229a25fb033f79593916ba163d54f5,250000,False,5000,13452439,1455529,8143820210990074643791.32840537431448636733876728342184765565,-3481.14535299375999263153538439302525230118793357877471875376,True,3481.145352993759992631535384,True,True,True,True
0xb81187b8c2d4b14207fc543e0bf2a4369b06f91476f5ae928108bdaaaf2074ba,0x7168563b0e70124f0c7c0cf2f13a8d1861baf4a5,14938522,0x1d4b86491ec211257cbedd77a4380a7494624eff,0x Settler,0xb4dd0f87ea71d2996ab2779f4e9d8ea17a2a5c482a69433ed901d2ed9ac8df57,823330,False,1807311,0x4f1e4158cd298aea5c816d497a4641dc3a229a25fb033f79593916ba163d54f5,250000,False,5000,13452439,1486083,2227605.16191116353198238269574094959773764331699964471820651,-1886.75340270164440754697003755870936448402894849048099558783,True,1886.753402701644407546970038,True,True,True,True
0xb81187b8c2d4b14207fc543e0bf2a4369b06f91476f5ae928108bdaaaf2074ba,0x7168563b0e70124f0c7c0cf2f13a8d1861baf4a5,14938522,0x1d4b86491ec211257cbedd77a4380a7494624eff,0x Settler,0x7ef14c0048abae5ec551bc49461af82e82c29fa4c9d2ac5233977aeb61064ec5,845580,False,934889,0x96a9d0f42eb3f39393dd7aa12f06dc0a69e0d640a5809866549e92bf536a1057,812220,False,16244,13410589,1527933,1067128.78934596752115187278157399050410197938704451973488378,-1239.21114926545984322009820565299366273975074859525137105589,True,1239.211149265459843220098206,True,True,True,True
0x298a525b8f97f34d53bd613035ee49e58ce14f386499ab5db1bad44ff84f9356,0x7168563b0e70124f0c7c0cf2f13a8d1861baf4a5,15067120,0x8876789976decbfcbbbe364623c63652db8c0904,Uniswap UniversalRouter,0x4f1e4158cd298aea5c816d497a4641dc3a229a25fb033f79593916ba163d54f5,250000,False,12978192073168178924375,0x36433248bd5b4be22e076adf9fecae4cb84781b878850c31895bc6fd2c13b786,836500,False,16730,15054032,13088,23850006126282873489949.0368393430982236037556512662370685516,-4558.41142998025458477478775143160641374857608421248854865522,True,4558.411429980254584774787751,True,True,False,False
0xa5e0bab44e05fc149185e97ccc6d35948c005ec2fc464afc76453bd400744e53,0x7168563b0e70124f0c7c0cf2f13a8d1861baf4a5,15568507,0x8876789976decbfcbbbe364623c63652db8c0904,Uniswap UniversalRouter,0x49779bcb7a3db68b9d4ae5751e058cc025e3e6efacbe0f5e59d402d4028f6697,500000,False,3541477,0x6dda79299e7d75d6fa8a92cb025a020b394202ffc923d867e5f1518f20dea700,440000,False,8800,12425198,3143309,7234353.98262575966592506476328880587807917055840249870998273,-5104.63960084712911521955052952290169308797681827725824437598,True,5104.639600847129115219550530,True,True,True,True
0x0a7eff8933ddc1930164b30d258ed2df02837ae8576619ddb28e4b06b24c4ef2,0x7168563b0e70124f0c7c0cf2f13a8d1861baf4a5,17525603,0x8876789976decbfcbbbe364623c63652db8c0904,Uniswap UniversalRouter,0x5ecceb7d73f95bc4bcc796fd9105f5c903b8b0d6bed72c95f998f54badf64cf9,850000,False,3868835693942529,0x537217eb9534d5d606bff54f8b807df65ce48678877ee3151f92f26bb94c1243,10000,True,200,12144034,5381569,10800789664521212.3986036359138726169411832815275734795909970,-6418.00663274556008933024261713049653050412070345892933131288,True,6418.006632745560089330242617,True,True,True,True
0xac2c269601570989e42f6cbff53b8a5d3e13f7f8b5de80f782f296f8d81092da,0x7168563b0e70124f0c7c0cf2f13a8d1861baf4a5,18357392,0x1d4b86491ec211257cbedd77a4380a7494624eff,0x Settler,0x5ecceb7d73f95bc4bcc796fd9105f5c903b8b0d6bed72c95f998f54badf64cf9,850000,False,34846544181298868582,0x537217eb9534d5d606bff54f8b807df65ce48678877ee3151f92f26bb94c1243,10000,True,200,12144034,6213358,658855523995468280465.541024144629704976493828122570404329207,-9471.10492494651150566463332866569751829506147688204803735659,True,9471.104924946511505664633329,True,True,True,True
0x0818e681730b8788baf55b420e7081b531ad86c37658d3ffe5ce53928977cceb,0x7168563b0e70124f0c7c0cf2f13a8d1861baf4a5,23605705,0x8876789976decbfcbbbe364623c63652db8c0904,Uniswap UniversalRouter,0xdc279dc5c5f4dd3772a6a0f0477b7877260615f1c4163dd7337d6e4d8c694ae3,811299,False,4794789653305449369,0x03b8dd293a98751620c9973214c3385bbab2c854ce1d6f217e26c05698a13332,38000,False,100,23431836,173869,6737867270295586320.27197199768781385534980002908960690311815,-2883.81699882445927993168026033212720188191576736916874405290,True,2883.816998824459279931680260,True,True,True,True
0x8b355cdab0ca379e45951e2c207dcc6280ff80e0786b93aeca6a35d048006631,0x7168563b0e70124f0c7c0cf2f13a8d1861baf4a5,23841288,0x8876789976decbfcbbbe364623c63652db8c0904,Uniswap UniversalRouter,0xdc279dc5c5f4dd3772a6a0f0477b7877260615f1c4163dd7337d6e4d8c694ae3,811299,False,9617311979454469365284,0x03b8dd293a98751620c9973214c3385bbab2c854ce1d6f217e26c05698a13332,38000,False,100,23431836,409452,12510612097483696631084.3789370290808706606106504664035960996,-2312.67670637087923503419271953320334399764830627800683539400,True,2312.676706370879235034192720,True,True,True,True
0x8b355cdab0ca379e45951e2c207dcc6280ff80e0786b93aeca6a35d048006631,0x7168563b0e70124f0c7c0cf2f13a8d1861baf4a5,23841288,0x8876789976decbfcbbbe364623c63652db8c0904,Uniswap UniversalRouter,0x49207fc7c69d241ccfe39ba07d9548d3c4f3191e9dae2529c66d407713b85bde,400600,False,1063651265805141450679,0x03b8dd293a98751620c9973214c3385bbab2c854ce1d6f217e26c05698a13332,38000,False,100,23431836,409452,1401759871141239391034.17605429368325860556541323074243030849,-2412.02942313384703582502614499995687522020391625452344904203,True,2412.029423133847035825026145,True,True,True,True
0x9698b43181e9d3275c98390d1229cffe764d5930dbc86f60ca7a3121bfeb53bf,0x7168563b0e70124f0c7c0cf2f13a8d1861baf4a5,23903911,0x8876789976decbfcbbbe364623c63652db8c0904,Uniswap UniversalRouter,0xdc15b52dcee8a7b9d115dd68968d97eb953a8b23cfca80ea00f89f48e947979e,708063,False,211220879143341,0x537217eb9534d5d606bff54f8b807df65ce48678877ee3151f92f26bb94c1243,10000,True,200,12144034,11759877,1831524213873941.87477667121142881102867233901102677934666972,-8846.74809350962434327804828190716861625197711781113779452474,True,8846.748093509624343278048282,True,True,True,True
0x9698b43181e9d3275c98390d1229cffe764d5930dbc86f60ca7a3121bfeb53bf,0x7168563b0e70124f0c7c0cf2f13a8d1861baf4a5,23903911,0x8876789976decbfcbbbe364623c63652db8c0904,Uniswap UniversalRouter,0x5ecceb7d73f95bc4bcc796fd9105f5c903b8b0d6bed72c95f998f54badf64cf9,850150,False,949886328034754,0x537217eb9534d5d606bff54f8b807df65ce48678877ee3151f92f26bb94c1243,10000,True,200,12144034,11759877,9612212533171933.72018932789630156497764909891787160969249837,-9011.79221250396027226755233639945527209880473933490230995409,True,9011.792212503960272267552336,True,True,True,True
0x0f1141f138b0b74a897305bbbfab99b20cb5c1dd31c503b265cef9171e773626,0x7168563b0e70124f0c7c0cf2f13a8d1861baf4a5,24183705,0x8876789976decbfcbbbe364623c63652db8c0904,Uniswap UniversalRouter,0xdc279dc5c5f4dd3772a6a0f0477b7877260615f1c4163dd7337d6e4d8c694ae3,811299,False,3696547550116676780,0x03b8dd293a98751620c9973214c3385bbab2c854ce1d6f217e26c05698a13332,38000,False,100,23431836,751869,7529848025161857891.59411228839257336183650258406257342098837,-5090.80722776311594835186825129651113394830620320641147123828,True,5090.807227763115948351868251,True,True,True,True
0x8acc58084a4959b72c2f6a6739e015f93140447e7a8f6342dbafbf298a5bb46d,0x7168563b0e70124f0c7c0cf2f13a8d1861baf4a5,24246125,0x8876789976decbfcbbbe364623c63652db8c0904,Uniswap UniversalRouter,0xdc15b52dcee8a7b9d115dd68968d97eb953a8b23cfca80ea00f89f48e947979e,708063,False,3836552152284377681033,0x537217eb9534d5d606bff54f8b807df65ce48678877ee3151f92f26bb94c1243,10000,True,200,12144034,12102091,8220123943139756220111.56098963187571304966959398610148392003,-5332.73198941697550083724918091642176120846264109429088188245,True,5332.731989416975500837249181,True,True,True,True
0xc553974f712d33c5d536d6bfaf8994196b6b0c113518e961c89677be7da5ac33,0x7168563b0e70124f0c7c0cf2f13a8d1861baf4a5,24439665,0x8876789976decbfcbbbe364623c63652db8c0904,Uniswap UniversalRouter,0xdc15b52dcee8a7b9d115dd68968d97eb953a8b23cfca80ea00f89f48e947979e,708063,False,831235675289,0x537217eb9534d5d606bff54f8b807df65ce48678877ee3151f92f26bb94c1243,10000,True,200,12144034,12295631,1935930022542.30454227143753079349965433225136400608511805548,-5706.27209862986883530577793436197369535224284708930029844567,True,5706.272098629868835305777934,True,True,True,True
0x355e02fe27de1465c270930346bfce0ff45bc48dbcfe30e0c2e5ef55907e9d28,0x7168563b0e70124f0c7c0cf2f13a8d1861baf4a5,24441836,0x8876789976decbfcbbbe364623c63652db8c0904,Uniswap UniversalRouter,0xdc15b52dcee8a7b9d115dd68968d97eb953a8b23cfca80ea00f89f48e947979e,708063,False,824986227507199,0x537217eb9534d5d606bff54f8b807df65ce48678877ee3151f92f26bb94c1243,10000,True,200,12144034,12297802,1958414983267661.35056895261886512885599261487127701079800127,-5787.48000523009621556741821013600236306134399074332776776896,True,5787.480005230096215567418210,True,True,True,True
0x38d56d73ad66aced48f353df14744fd0917e145af6d5032560b91e9bb850c9ff,0x7168563b0e70124f0c7c0cf2f13a8d1861baf4a5,24574333,0x39b38686a19836ac10162c490e4558e120cbbe5f,0x Settler,0x49207fc7c69d241ccfe39ba07d9548d3c4f3191e9dae2529c66d407713b85bde,400600,False,6829562,0x6dda79299e7d75d6fa8a92cb025a020b394202ffc923d867e5f1518f20dea700,440000,False,8800,12425198,12149135,7750716.28042350036382856641027352618835117915222166559973308,-1188.47632540765425644942906354357513792730951004130114817732,True,1188.476325407654256449429064,True,True,True,True
0xd1fde880c8cc1871deaf20e9fb070176855b587024c4c04d280ade03deaa72fc,0x795e727a5fae42b3dd49c9e90492521c1eec19cc,10029602,0x8876789976decbfcbbbe364623c63652db8c0904,Uniswap UniversalRouter,0x6266846150eaaa3bc3ef8e9532c1d2de7aef5b6f75b78eef9d29b403556d8e61,500000,False,47433347482947380352610,0x4271cd190979876488213a2aabb6f38ec711e3cfc260fa212484d289528c184c,750000,False,15000,10022997,6605,65175352124506942408168.6031700251853780627307915916494489098,-2722.19544094926237706452410549659659544852287074728444673167,True,2722.195440949262377064524105,True,True,False,False
0x28ef29c675746b57a18ad907d3a6d11e59b249b9406aa8551cb189fed9f2d90e,0x795e727a5fae42b3dd49c9e90492521c1eec19cc,10499466,0x8876789976decbfcbbbe364623c63652db8c0904,Uniswap UniversalRouter,0x4271cd190979876488213a2aabb6f38ec711e3cfc260fa212484d289528c184c,750000,False,1043004,0xee7ff60ce126c1e41eb14fd897f430ba466d7bd7e9dacd8c65c7f6859b3e67c3,660000,False,13200,9995057,504409,1178683.58469263945392434302654088329026604617073290627812168,-1151.11117567671963361839667865856422444490079681029354558375,True,1151.111175676719633618396679,True,True,True,True
0x28ef29c675746b57a18ad907d3a6d11e59b249b9406aa8551cb189fed9f2d90e,0x795e727a5fae42b3dd49c9e90492521c1eec19cc,10499466,0x8876789976decbfcbbbe364623c63652db8c0904,Uniswap UniversalRouter,0x2421cb820b531454361ebfcbc78ce51304e41e606b6e4e859bdc34d8813866fe,499000,False,2603858,0xee7ff60ce126c1e41eb14fd897f430ba466d7bd7e9dacd8c65c7f6859b3e67c3,660000,False,13200,9995057,504409,3378983.62617564054912151294217459223113871123485654439499896,-2293.96088270760177460330069782054603941324719718537298071698,True,2293.960882707601774603300698,True,True,True,True
0x28ef29c675746b57a18ad907d3a6d11e59b249b9406aa8551cb189fed9f2d90e,0x795e727a5fae42b3dd49c9e90492521c1eec19cc,10499466,0x8876789976decbfcbbbe364623c63652db8c0904,Uniswap UniversalRouter,0x930d13f62d0bf27288d14b295e4a9754d1142dec9bff0be0c0068becb959dd1b,850000,False,1644102,0xee7ff60ce126c1e41eb14fd897f430ba466d7bd7e9dacd8c65c7f6859b3e67c3,660000,False,13200,9995057,504409,2303822.25979469326879374609641498161930397027669311208388275,-2863.59009246435834391839444445268669419546413696272145447731,True,2863.590092464358343918394444,True,True,True,True
0x28ef29c675746b57a18ad907d3a6d11e59b249b9406aa8551cb189fed9f2d90e,0x795e727a5fae42b3dd49c9e90492521c1eec19cc,10499466,0x8876789976decbfcbbbe364623c63652db8c0904,Uniswap UniversalRouter,0x6266846150eaaa3bc3ef8e9532c1d2de7aef5b6f75b78eef9d29b403556d8e61,500000,False,801604,0xee7ff60ce126c1e41eb14fd897f430ba466d7bd7e9dacd8c65c7f6859b3e67c3,660000,False,13200,9995057,504409,1178683.58469263945392434302654088329026604617073290627812168,-3199.15870204444198218515101686994461821040979548143492001384,True,3199.158702044441982185151017,True,True,True,True
0x2284cfa0c138327ed9bde8001ca6aa029362642ca08beb655ae82650490dca0d,0x719b20be0059d6d72ac6c44b65c76c1ead0bf199,16663932,0x8876789976decbfcbbbe364623c63652db8c0904,Uniswap UniversalRouter,0x167d00f92d52be3a095006ebb3a6c1fc3c67e08a6a1aad3ccf875d0287ee7995,999780,False,6414422030,0x17d17bf1d2de7be09a92eae3526bfcee292415139816e2ae47f5e823d5a56856,500000,False,10000,11015478,5648454,3557299968490296.65892255517727984045656486289048008007561781,-9999.98196828469114946726094370974814994896900996732336698711,True,9999.981968284691149467260944,True,True,True,True
0xa1ec4fa924b3d7843e3fe1dedd8200d53f98cfb0aaf3517be8a3ea06a0a05996,0x38f2e8f5b84271bc8eb1eb3904a41aa2acf41294,22344240,0x8876789976decbfcbbbe364623c63652db8c0904,Uniswap UniversalRouter,0x263d3872d0b3084d324d27d6874516beb3cc3d3395132fe2bd5b82e6a642e13e,999000,False,1000049964002389,0xdfb5290e2c12a8073f4805c3887ae3229bf005bd53b04e68f9186fdb824064c6,989999,False,9900,22335069,9171,37445102354062009449.7238341194845755907213468322596354781652,-9999.73292903447120514508955089181114920867930834134029020620,True,9999.732929034471205145089551,True,True,False,False
0xfe0d5389adc9345839134a49904f1ba941535b1e8d339020c9912aa0186d7efa,0x38f2e8f5b84271bc8eb1eb3904a41aa2acf41294,22363757,0x8876789976decbfcbbbe364623c63652db8c0904,Uniswap UniversalRouter,0x618d3e6fa242c243ec9d1c47350dc9be439194ea876805130438e606698cf4e8,990010,False,8741005550007607,0xdb44748de8dfaceb9bbc8810996e5d60d030801d10d7e512094af6eb2ab3e929,970060,False,9701,22331347,32410,29093407708082190802.8848256260447946136465875993905950185623,-9996.99553739537381762366465992759791160728934162741075290850,True,9996.995537395373817623664660,True,True,False,False
0x4dffbfcfbb99e9b00aa70f24944b3e72db167e1143290de654bb76f358fa7502,0x38f2e8f5b84271bc8eb1eb3904a41aa2acf41294,22389800,0x8876789976decbfcbbbe364623c63652db8c0904,Uniswap UniversalRouter,0x45724901fe3bec0cacabb1b92fea1c2cb85dde09ebc9c114100d9d898f12be94,500500,False,24125926183267955367,0xde3b002eda824059c6f0502db3c38d715321ba34612b55956b8d12a9b1012bab,970060,False,9701,22335293,54507,29863992201360760543.4695835878020262345150599870898391715706,-1921.39951664980300638429897257943422817496068109800915801316,True,1921.399516649803006384298973,False,False,False,False
0x26618f1f7ccfd6b10b6da589acf466f5fd7c53745b1a6ba17fd3ef98024c3f48,0x2b370621e7b00c68cf0e0417adeeaa1fc7287ba3,12346241,0x8876789976decbfcbbbe364623c63652db8c0904,Uniswap UniversalRouter,0x86edd6dda48ac55fc97e43f869d53b4aea701779a97d24d0ff0b34c261f68db8,860050,False,130007,0xd114cf33e392edc56616dfabb5ccb256f211133e9f7d8aa6ee1f275209f3e3b7,350000,False,7000,11565536,780705,145580.790307440770421367104616294615084879721048944634867796,-1069.76959491370335179557884883025401208954524810454635434679,True,1069.769594913703351795578849,True,True,False,False
0xe603c0cec8eb6e1099af1cb158d1be997f4894e3fbc5b2d51e7d9d5765d97bf9,0x1fcbc77a759e502e36836b7787c9a8b4f5da666c,12714626,0x8876789976decbfcbbbe364623c63652db8c0904,Uniswap UniversalRouter,0x4862a786c281754f4c99950a5f90f7e60c9b08b7528ab63a26708abcd25c84a0,760000,False,2040,0x13781a1ca60a9be73f8a7bc4e786ac87e7f894626ab4e2a84867d1dcdc99e546,850000,False,17000,9554092,3160534,3345.81870278074154573545999894412447083328898270481181473833,-3902.83759755262076919519164548132250207142956151369394609964,True,3902.837597552620769195191645,False,False,False,False
0x2905b3356b08228b27ddf1a759ecb5d476274ff90896b57e81192a43a3956786,0x1fcbc77a759e502e36836b7787c9a8b4f5da666c,24650874,0x8876789976decbfcbbbe364623c63652db8c0904,Uniswap UniversalRouter,0x7236ce2d08244c477d7d4ebfc52a188a64e4825fcfeaa573cffe0c520b0554a1,990021,False,457045,0x4862a786c281754f4c99950a5f90f7e60c9b08b7528ab63a26708abcd25c84a0,760000,False,15200,8783657,15867217,1588329.99776319152295659428227163910069555710819055641811468,-7122.48084060840049071544028674945038185446787008196512985280,True,7122.480840608400490715440287,True,True,True,True
0xab32f5326f8e4b1a38662dba8c91c8370f322b9424146e87442ebe9584671538,0xe6c3dd8751577e7f334bfe61801adef35dbd9f3c,23868398,0x8876789976decbfcbbbe364623c63652db8c0904,Uniswap UniversalRouter,0x2de15108e824954491096b9fbfbe00e324a14685a93c8f682412c29494991cb2,990010,False,62309035181267434,0x0ebf47d7c99eec8626a203c171b3536469a522caaed83af8d681f8b27d624f29,770000,False,7700,23773691,94707,19274275471887757015.1191033281784710015092607084752253822638,-9967.67243714444806799071197002433064606606558802940289432717,True,9967.672437144448067990711970,True,True,True,True
0x42719faab3e5b7bf0e4a8f77e1c78b09998a16940241fcc61310ce8672ea3d0a,0xe6c3dd8751577e7f334bfe61801adef35dbd9f3c,23881871,0x8876789976decbfcbbbe364623c63652db8c0904,Uniswap UniversalRouter,0x37708c45642054f139c7580a1a9aad20507daf1b356b01cfc0207c2268b88b48,970090,False,14632455424374540909,0x0ebf47d7c99eec8626a203c171b3536469a522caaed83af8d681f8b27d624f29,770000,False,7700,23773691,108180,35917294685280010676.1497819016745291900552077283305860778931,-5926.06972418461072859942582351784077474312258854710306822131,True,5926.069724184610728599425824,True,True,True,True
0x8a49a49fc7836c96f1cd6b0f650121df451abd1dd23386e7673a646a9f38f404,0xe6c3dd8751577e7f334bfe61801adef35dbd9f3c,23882930,0x8876789976decbfcbbbe364623c63652db8c0904,Uniswap UniversalRouter,0x2de15108e824954491096b9fbfbe00e324a14685a93c8f682412c29494991cb2,990010,False,67907511776189479,0x0ebf47d7c99eec8626a203c171b3536469a522caaed83af8d681f8b27d624f29,770000,False,7700,23773691,109239,35917294685280010676.1497819016745291900552077283305860778931,-9981.09336675514706207775200695491555904439210420834710115692,True,9981.093366755147062077752007,True,True,True,True
0x15d1175f820fbce58b2b7c75b646cb2e5668928bebd5dd1ad454adaad6ce072e,0xe6c3dd8751577e7f334bfe61801adef35dbd9f3c,23889826,0x39b38686a19836ac10162c490e4558e120cbbe5f,0x Settler,0x8df6fb2243e9bdf761298064f6ceb43f6432a899f696364f0cded4ec419f9864,850150,False,706297,0xd8dad3cce008c4d08cbfb666288cc3a9de6d3752640333b0d9a0a9d6daa1de77,870000,False,8700,23771594,118232,855180.448183352572581999087568408183690825929535256333267033,-1740.95944896335648227030082909084190530889174320874176389512,True,1740.959448963356482270300829,True,True,True,True
0xf5323c0dc6448e9da6f608d07f883486e242057c88efc0cfdd79ac0a4c1b097f,0xe6c3dd8751577e7f334bfe61801adef35dbd9f3c,23908264,0x8876789976decbfcbbbe364623c63652db8c0904,Uniswap UniversalRouter,0xbc321cdd5fa723614df045d5c00759ed93007764a126b3dc1e3331d9a13467a9,810000,False,351498293837983430879045,0xdfd596fe4118edca2f84c9317350f153dc1950f981833b4ebee4a0d8120627c3,700000,False,7000,23906618,1646,983914873090277949331563.493514619653808226537679056934244270,-6427.55381129672059263915789307305227620513287682264153272992,True,6427.553811296720592639157893,True,True,False,False
0x7e75209302744b01bdc4dd2b4f2b12e950e0dfc6c31bf4eb48bf3f826a33795c,0x42e2937ad5758b3a73a1a3e1628f59d8ffc79ebc,14446491,0x8876789976decbfcbbbe364623c63652db8c0904,Uniswap UniversalRouter,0x93b4692780e4028c096d0395e772d5d68fc98217a4bd28a98edbac62c950e4f1,870000,False,238997,0x5fb5f7f97cbb7f856aa3c89d81e4d45244992b37810534b09c95cd4dfcb44024,910000,False,18200,12603001,1843490,924557.554854291359053432477962376766008647178553075474620396,-7415.01219967138221130069079612276832257650538175312040931943,True,7415.012199671382211300690796,True,True,False,False
0x63deeaf77c5cfac6a4fc636359ec35021efa0d0b54df99f1a74474990ba9ad2a,0x9d60eab8166aa8dddd889a6f97104ce9dcbb2e77,15461585,0xa633c73658857d5241fe21d43f854a82e2d0592c,unlabelled router A,0x2614ca6db1bcc3b83b2a516115d0eaec4d6542b6a4d28aeb42cc8424f511f118,800000,False,18118759761052552662331,0x12c5174208e755916974a9420bb3d8a792581d8c8744e871ce42cc0510158857,990002,False,19800,15442340,19245,42052771463976464369272.0737679338920992627654047086595200232,-5691.42314994064782866564296075439309345952772201475440175723,True,5691.423149940647828665642961,False,False,False,False
0x11ce83ebf84d8bd42bcc8633dd7eb89c31a68c69aefc6ac63a99f75cd71298f0,0x47162135cc8fb253f939bd70e3d2b83075eaeba3,7575940,0x8876789976decbfcbbbe364623c63652db8c0904,Uniswap UniversalRouter,0xddaf6a7bcbc093c0a204c45c74d014a35ed51353614eb28d1ad23c558376806e,883690,False,453430879963283305183340,0x4d6d658f1fc160b2cb0c270cdff9854419b0643eff41422c83a16fff8d074d6e,920000,False,18400,7139785,436155,2815243942233904322367834.79986652687527729330515530660645391,-8389.37268220002074673631513526269932144513312277259854432214,True,8389.372682200020746736315135,True,True,False,False
0x52f21b2284bad5d46e313b1b9606fb93904bcae64e2d0afe937f8b038c7c1c58,0xa08c0c768661c66d282e149ce0f77f4f5bcf119a,16024945,0x8876789976decbfcbbbe364623c63652db8c0904,Uniswap UniversalRouter,0x7188d1d56fa38caa3f7671be7a032a270b0c3262e584f0f7f6292950866c7d02,890000,False,161293,0x8c7cebd903a41edd43814c6fe9f66747d3234b937aa10ceb208b337c20557ef5,845670,False,200,10873248,5151697,336529.420741661905295587052267339545087800972983075420128424,-5207.16495917255367494329797213153518171966806288716089139862,True,5207.164959172553674943297972,False,False,False,False
0x52f21b2284bad5d46e313b1b9606fb93904bcae64e2d0afe937f8b038c7c1c58,0xa08c0c768661c66d282e149ce0f77f4f5bcf119a,16024945,0x8876789976decbfcbbbe364623c63652db8c0904,Uniswap UniversalRouter,0x22b6633726c95b9df0444ce632eca41de63ff0fe02f3350b9cb2db738f56ddef,870000,False,122492,0x8c7cebd903a41edd43814c6fe9f66747d3234b937aa10ceb208b337c20557ef5,845670,False,200,10873248,5151697,300070.042259598099457122744761111058269304218298978544673941,-5917.88640153457549064394936304241028248717281425499416639532,True,5917.886401534575490643949363,False,False,False,False
0xaaef3b58cccf510f534d99302e19d450681f4d12c98a95aa53c38bb0896f569c,0xe2189227da24ab939ad7c22badc42e2af9308bcc,12252852,0x1d4b86491ec211257cbedd77a4380a7494624eff,0x Settler,0xa2603e5646ab6dc2c63cf6aadb1c9730a078ee2d336f95174c8a32e0583f5a2e,870000,False,531254,0x72d9baab450689bf699043279089a35306c12475b8a7bbfb851ebe01c7f72c52,900000,False,18000,11180210,1072642,1195215.58982635366819000932512923020671740433825943564954348,-5555.16172544918874270674749013497234215165192570953297015595,True,5555.161725449188742706747490,True,True,False,False
0xa86e735418f4270c4e195306e1b0090481da05757f71dec34bb4bdc3d8377e0c,0x316fb7a2a0729698d61956015705ddafbcfa0a81,8096982,0x8876789976decbfcbbbe364623c63652db8c0904,Uniswap UniversalRouter,0x4360fdc86dd1a27a0ae0f76d768b228e2334a2130311fed92473f3a58219bd3e,49900,False,5684861705272426885303,0x71546284cba09bba24746e78c718b25b9dcbb29c339239a94fbd639d521dde74,10000,False,200,8093130,3852,8937010791657519973380.07515829987376294128614039003200723223,-3638.96739323722688982019476536364083767785501710590183307959,True,3638.967393237226889820194765,True,True,False,False
0xa86e735418f4270c4e195306e1b0090481da05757f71dec34bb4bdc3d8377e0c,0x316fb7a2a0729698d61956015705ddafbcfa0a81,8096982,0x8876789976decbfcbbbe364623c63652db8c0904,Uniswap UniversalRouter,0x52754c36c2f054b21d35753fd10d99dde664f90783b3708782572f07d096f901,50000,False,2409732839605100217533,0x71546284cba09bba24746e78c718b25b9dcbb29c339239a94fbd639d521dde74,10000,False,200,8093130,3852,3862476882539597701713.52347980369334613122871352011146095354,-3761.17213672308395219037492032545599553497815005541344037699,True,3761.172136723083952190374920,True,True,False,False
0xb76991a7a68dbcd1510d781fff4e622f45785fbef02c6c01f142fe6c5b893654,0x316fb7a2a0729698d61956015705ddafbcfa0a81,8099575,0x8876789976decbfcbbbe364623c63652db8c0904,Uniswap UniversalRouter,0x4360fdc86dd1a27a0ae0f76d768b228e2334a2130311fed92473f3a58219bd3e,49900,False,6603348528551614109268,0x71546284cba09bba24746e78c718b25b9dcbb29c339239a94fbd639d521dde74,10000,False,200,8093130,6445,11224982222059888364454.6027441598934719127255292578958204889,-4117.27484469918527906661968522109277751363884995426723246690,True,4117.274844699185279066619685,True,True,True,True
0xb76991a7a68dbcd1510d781fff4e622f45785fbef02c6c01f142fe6c5b893654,0x316fb7a2a0729698d61956015705ddafbcfa0a81,8099575,0x8876789976decbfcbbbe364623c63652db8c0904,Uniswap UniversalRouter,0x52754c36c2f054b21d35753fd10d99dde664f90783b3708782572f07d096f901,50000,False,2770625563895150961766,0x71546284cba09bba24746e78c718b25b9dcbb29c339239a94fbd639d521dde74,10000,False,200,8093130,6445,4864561461041097324822.68435151545766401843895446717083932072,-4304.47002040305014617818858417252755781846071087560841972902,True,4304.470020403050146178188584,True,True,True,True
0xbb3817b1fbfcb8953c0e5dbaaf54f0b9acceae31a714e7fb741d5f478f344bc6,0x316fb7a2a0729698d61956015705ddafbcfa0a81,8153232,0xa633c73658857d5241fe21d43f854a82e2d0592c,unlabelled router A,0xce90cdcb1245923bd1d41a5e3fd2e709624cfb1f5ac9eb7a999f044830070da3,500000,False,221317639033187375527,0x4360fdc86dd1a27a0ae0f76d768b228e2334a2130311fed92473f3a58219bd3e,49900,False,998,8032984,120248,300715731354810308171.891490643937024903586009834327852745869,-2640.30391639013484202154738302948485049166343743248508396826,True,2640.303916390134842021547383,True,True,False,False
0xe0b09710292b068ffb8164c77d0cc4abacd3bb7a57f1991dbffa00e7e29d7b37,0x316fb7a2a0729698d61956015705ddafbcfa0a81,8636437,0x8876789976decbfcbbbe364623c63652db8c0904,Uniswap UniversalRouter,0xe4376081899eea804be6257fa85d721829898231bdcaa65a29a34cf9bd8e6991,999900,False,158691194678445,0xbf916253736a864781e844a510dd3fba0730f28ec3c5bc48f5fe64e0292efa1f,20000,False,400,8412888,223549,600731263193507.481183084486102180605004939196575134677333847,-7358.36630451298134390927511283621431886116341666403705262571,True,7358.366304512981343909275113,False,False,False,False
0xe0b09710292b068ffb8164c77d0cc4abacd3bb7a57f1991dbffa00e7e29d7b37,0x316fb7a2a0729698d61956015705ddafbcfa0a81,8636437,0x8876789976decbfcbbbe364623c63652db8c0904,Uniswap UniversalRouter,0x85d147083aa07012c0f1bb50298907082071691c93232380794b77160f53a71d,500000,False,424960182854215,0xbf916253736a864781e844a510dd3fba0730f28ec3c5bc48f5fe64e0292efa1f,20000,False,400,8412888,223549,1014898055731451.48738404064338797148596330381673262332105406,-5812.77961412646374541724261986202303375102597888039175670156,True,5812.779614126463745417242620,False,False,False,False
0xe0b09710292b068ffb8164c77d0cc4abacd3bb7a57f1991dbffa00e7e29d7b37,0x316fb7a2a0729698d61956015705ddafbcfa0a81,8636437,0x8876789976decbfcbbbe364623c63652db8c0904,Uniswap UniversalRouter,0x1b035bfe5d99cd59d74aaf33ff67c4ae20783600013b2bf514a33b48e78b8610,880000,False,48675606420051,0xbf916253736a864781e844a510dd3fba0730f28ec3c5bc48f5fe64e0292efa1f,20000,False,400,8412888,223549,581428660690772.744518929398735085032592138898062822602889112,-9162.82753653352058741723041130022379400658419515816380472362,True,9162.827536533520587417230411,False,False,False,False
0x0e6c1fb9469510f1d95fc9e25e54fb74589df8213627b2684490c8f876eeb2b7,0x316fb7a2a0729698d61956015705ddafbcfa0a81,12373593,0x1d4b86491ec211257cbedd77a4380a7494624eff,0x Settler,0xec2e87d700c5d0b4a18405df89ec678530e3c324a0f5d1af0887ef97feeb0bb5,970000,False,26386291916039,0xe4376081899eea804be6257fa85d721829898231bdcaa65a29a34cf9bd8e6991,999900,False,19998,8510758,3862835,31114931292602.4284021667864363799756152471083620901981167140,-1519.73318921892072757101801023145487540905356362883124511832,True,1519.733189218920727571018010,True,True,False,False
0x0e6c1fb9469510f1d95fc9e25e54fb74589df8213627b2684490c8f876eeb2b7,0x316fb7a2a0729698d61956015705ddafbcfa0a81,12373593,0x1d4b86491ec211257cbedd77a4380a7494624eff,0x Settler,0x2ef9d799a95a66a2e5a5dd31450db5ca10161833b50d4468197a4d2c73db0ae7,770000,False,80471,0x4360fdc86dd1a27a0ae0f76d768b228e2334a2130311fed92473f3a58219bd3e,49900,False,998,8032984,4340609,2584488.05386860144224188603311772153980019606854129789561568,-9688.63852986456386688439211423194902768145664099207689693555,True,9688.638529864563866884392114,True,True,True,True
0x0e6c1fb9469510f1d95fc9e25e54fb74589df8213627b2684490c8f876eeb2b7,0x316fb7a2a0729698d61956015705ddafbcfa0a81,12373593,0x1d4b86491ec211257cbedd77a4380a7494624eff,0x Settler,0xfd0a47178923480964a7af5ffd644026f429f5cc3ca5de2742f2fa068407c4aa,883690,False,130108,0x4360fdc86dd1a27a0ae0f76d768b228e2334a2130311fed92473f3a58219bd3e,49900,False,998,8032984,4340609,5441332.97570229541133639523165951703394712773965624682966289,-9760.88947215510666786711246031548695143812853628192591076020,True,9760.889472155106667867112460,True,True,True,True
0x0e6c1fb9469510f1d95fc9e25e54fb74589df8213627b2684490c8f876eeb2b7,0x316fb7a2a0729698d61956015705ddafbcfa0a81,12373593,0x1d4b86491ec211257cbedd77a4380a7494624eff,0x Settler,0xa7d6ee15b5d452e37e59fd73273a4b5067f7453a445da45e4325a578eb07c288,886540,False,75181,0x4360fdc86dd1a27a0ae0f76d768b228e2334a2130311fed92473f3a58219bd3e,49900,False,998,8032984,4340609,4597960.32546417232215459622876786796178449222875513391228136,-9836.49054215705886169019891336904498328281718258048015893887,True,9836.490542157058861690198913,True,True,True,True
0x0c5b4ca94f88842b0908a644c9c35c5e6f0d43617b7243a920577f3f8f3c3a24,0x316fb7a2a0729698d61956015705ddafbcfa0a81,12929681,0x1d4b86491ec211257cbedd77a4380a7494624eff,0x Settler,0xf0e2e7f6c2638a6fdf57aaa4884a9e8a1db2ec6bf5d9434d61122a58aa94fb28,888880,False,111776447721402711236,0xfd0a47178923480964a7af5ffd644026f429f5cc3ca5de2742f2fa068407c4aa,883690,False,200,8012236,4917445,134955396700700832403.952836619371417601706246148687426001434,-1717.52664554078935438141662158034182893141651671995658826669,True,1717.526645540789354381416622,True,True,True,True
0x0c5b4ca94f88842b0908a644c9c35c5e6f0d43617b7243a920577f3f8f3c3a24,0x316fb7a2a0729698d61956015705ddafbcfa0a81,12929681,0x1d4b86491ec211257cbedd77a4380a7494624eff,0x Settler,0xce90cdcb1245923bd1d41a5e3fd2e709624cfb1f5ac9eb7a999f044830070da3,500000,False,200881906414576211061,0xfd0a47178923480964a7af5ffd644026f429f5cc3ca5de2742f2fa068407c4aa,883690,False,200,8012236,4917445,229349703654199801089.276423082594522337255676348883455935695,-1241.23976556541297350522823488656704872628630830844525626999,True,1241.239765565412973505228235,True,True,True,True
0x0c5b4ca94f88842b0908a644c9c35c5e6f0d43617b7243a920577f3f8f3c3a24,0x316fb7a2a0729698d61956015705ddafbcfa0a81,12929681,0x1d4b86491ec211257cbedd77a4380a7494624eff,0x Settler,0xa7d6ee15b5d452e37e59fd73273a4b5067f7453a445da45e4325a578eb07c288,886540,False,106852814219044352153,0xfd0a47178923480964a7af5ffd644026f429f5cc3ca5de2742f2fa068407c4aa,883690,False,200,8012236,4917445,134980597945750523054.563672902433069771065970478998925919564,-2083.83902240608599185237173789566818291316205541745727837174,True,2083.839022406085991852371738,True,True,True,True
0x357fbe2e353b12ee0dda2923992f97bd58af4257fffdcea0802ed166a1e04a16,0x1b27ff6e68a2fd6490543b17c996c109e64eb432,16580948,0x8876789976decbfcbbbe364623c63652db8c0904,Uniswap UniversalRouter,0x043a2a1d8475fe7cfa80e83255992437fcdcd3c49ca194d07f59599e3476a833,900000,False,30321751535055338019,0x5597884c5b1b96ae4ba27bc3450bfdac85cf3aa4d33d642c07ec9f91fe98f62b,880000,False,17600,16524436,56512,767475246091798986480.191036224522763618098632980336855692493,-9604.91557624220100186146753775737951063821651593355126155875,True,9604.915576242201001861467538,True,True,False,False
0x357fbe2e353b12ee0dda2923992f97bd58af4257fffdcea0802ed166a1e04a16,0x1b27ff6e68a2fd6490543b17c996c109e64eb432,16580948,0x8876789976decbfcbbbe364623c63652db8c0904,Uniswap UniversalRouter,0x043a2a1d8475fe7cfa80e83255992437fcdcd3c49ca194d07f59599e3476a833,900000,False,2942572131204846433,0x5597884c5b1b96ae4ba27bc3450bfdac85cf3aa4d33d642c07ec9f91fe98f62b,880000,False,17600,16524436,56512,1049338896195450521623.88467068757662820850130611237962064320,-9971.95784753740071882008225069676630700019085465819192598327,True,9971.957847537400718820082251,True,True,False,False
0xe4d6d658d6878488ed56a4ddb03aadfd77beb809c0336ec87c5e107e51cf7694,0x1b27ff6e68a2fd6490543b17c996c109e64eb432,16594143,0x8876789976decbfcbbbe364623c63652db8c0904,Uniswap UniversalRouter,0x5597884c5b1b96ae4ba27bc3450bfdac85cf3aa4d33d642c07ec9f91fe98f62b,880000,False,16871899889106121421,0xfd1600668278914520615a3494b10222eefa9ef0cdf749749968100d82b82e94,500000,False,10000,16556153,37990,32005130931924652985.0452106734362061943520837882283058667811,-4728.37654531303714332586887339974681507716034484005502618298,True,4728.376545313037143325868873,True,True,False,False
0x801396c40da838ba6875e4db9d5ee3ac01c7e417ff73f53636601b5c565b1f30,0x1b27ff6e68a2fd6490543b17c996c109e64eb432,16883408,0x8876789976decbfcbbbe364623c63652db8c0904,Uniswap UniversalRouter,0x5597884c5b1b96ae4ba27bc3450bfdac85cf3aa4d33d642c07ec9f91fe98f62b,880000,False,48448504809077409678,0xfd1600668278914520615a3494b10222eefa9ef0cdf749749968100d82b82e94,500000,False,10000,16556153,327255,65412712108723176101.7123805234328841649911078195027908319076,-2593.41139554791338378968839050780409297924930740064771796703,True,2593.411395547913383789688391,True,True,False,False
0xee1f22762a9377355e29f9a7abe4d9349c760202838d62ac234a9af3615b75eb,0x1b27ff6e68a2fd6490543b17c996c109e64eb432,17562205,0x8876789976decbfcbbbe364623c63652db8c0904,Uniswap UniversalRouter,0xfd1600668278914520615a3494b10222eefa9ef0cdf749749968100d82b82e94,500000,False,383654797252552486649,0x852730c4ac8dedd808efa0c6768ca610e39929d2ebc5f2e0c8ffd6be54fff9d5,660000,False,13200,17536734,25471,4674148063766875500161.13503700314725670508616633997937209875,-9179.19845067259858691033628696305032512590911583936274874041,True,9179.198450672598586910336287,True,True,False,False
0xee1f22762a9377355e29f9a7abe4d9349c760202838d62ac234a9af3615b75eb,0x1b27ff6e68a2fd6490543b17c996c109e64eb432,17562205,0x8876789976decbfcbbbe364623c63652db8c0904,Uniswap UniversalRouter,0x5597884c5b1b96ae4ba27bc3450bfdac85cf3aa4d33d642c07ec9f91fe98f62b,880000,False,770109617508336914126,0x852730c4ac8dedd808efa0c6768ca610e39929d2ebc5f2e0c8ffd6be54fff9d5,660000,False,13200,17536734,25471,16417455173038493715320.0193712759423730169090636593197363075,-9530.92022521672747204478607861662172722166415664035350614238,True,9530.920225216727472044786079,True,True,False,False
0x7baea075bcadb2af49027e24fd2a08623ec867583b2740caaaa355fc20fae522,0x1b27ff6e68a2fd6490543b17c996c109e64eb432,17637552,0x8876789976decbfcbbbe364623c63652db8c0904,Uniswap UniversalRouter,0x043a2a1d8475fe7cfa80e83255992437fcdcd3c49ca194d07f59599e3476a833,900000,False,1321662203913932521035,0x852730c4ac8dedd808efa0c6768ca610e39929d2ebc5f2e0c8ffd6be54fff9d5,660000,False,13200,17536734,100818,30276061340752277196946.3388153628514637246017845597110515796,-9563.46296533131121098639668469657579561804432490583410191098,True,9563.462965331311210986396685,True,True,False,False
0x60344f129c98185096c985bad30923488d75c5361120f4b0e4af6dc9777530a1,0x1b27ff6e68a2fd6490543b17c996c109e64eb432,17637818,0x8876789976decbfcbbbe364623c63652db8c0904,Uniswap UniversalRouter,0x5597884c5b1b96ae4ba27bc3450bfdac85cf3aa4d33d642c07ec9f91fe98f62b,880000,False,9635360151379432127621,0x852730c4ac8dedd808efa0c6768ca610e39929d2ebc5f2e0c8ffd6be54fff9d5,660000,False,13200,17536734,101084,41551025469502781755800.4175983447406104639884255049331752476,-7681.07765271605625731956942798280033629316619442024775735517,True,7681.077652716056257319569428,True,True,False,False
0x60344f129c98185096c985bad30923488d75c5361120f4b0e4af6dc9777530a1,0x1b27ff6e68a2fd6490543b17c996c109e64eb432,17637818,0x8876789976decbfcbbbe364623c63652db8c0904,Uniswap UniversalRouter,0x043a2a1d8475fe7cfa80e83255992437fcdcd3c49ca194d07f59599e3476a833,900000,False,1561696821590467819303,0x852730c4ac8dedd808efa0c6768ca610e39929d2ebc5f2e0c8ffd6be54fff9d5,660000,False,13200,17536734,101084,34979802200779353570674.6321969409630616673077163736725752958,-9553.54326687539901114942236929496309942790521246078136065199,True,9553.543266875399011149422369,True,True,False,False
0x60344f129c98185096c985bad30923488d75c5361120f4b0e4af6dc9777530a1,0x1b27ff6e68a2fd6490543b17c996c109e64eb432,17637818,0x8876789976decbfcbbbe364623c63652db8c0904,Uniswap UniversalRouter,0x5597884c5b1b96ae4ba27bc3450bfdac85cf3aa4d33d642c07ec9f91fe98f62b,880000,False,1326798845651078750339,0x852730c4ac8dedd808efa0c6768ca610e39929d2ebc5f2e0c8ffd6be54fff9d5,660000,False,13200,17536734,101084,41946212845543122214654.9726536268104353099938897398286586236,-9683.69043218831278615747559061085038036705870244834042656051,True,9683.690432188312786157475591,True,True,False,False
0x60344f129c98185096c985bad30923488d75c5361120f4b0e4af6dc9777530a1,0x1b27ff6e68a2fd6490543b17c996c109e64eb432,17637818,0x8876789976decbfcbbbe364623c63652db8c0904,Uniswap UniversalRouter,0x043a2a1d8475fe7cfa80e83255992437fcdcd3c49ca194d07f59599e3476a833,900000,False,1135397830515510054163,0x852730c4ac8dedd808efa0c6768ca610e39929d2ebc5f2e0c8ffd6be54fff9d5,660000,False,13200,17536734,101084,39446156953370608838782.0043656732574307419611942782017050294,-9712.16515924284680200603093942066254029490312083025907790970,True,9712.165159242846802006030939,True,True,False,False
0x60344f129c98185096c985bad30923488d75c5361120f4b0e4af6dc9777530a1,0x1b27ff6e68a2fd6490543b17c996c109e64eb432,17637818,0x8876789976decbfcbbbe364623c63652db8c0904,Uniswap UniversalRouter,0xfd1600668278914520615a3494b10222eefa9ef0cdf749749968100d82b82e94,500000,False,464711088063182489337,0x852730c4ac8dedd808efa0c6768ca610e39929d2ebc5f2e0c8ffd6be54fff9d5,660000,False,13200,17536734,101084,34978242578773111917889.0648925236364579709718745716074543069,-9867.14281398883174560252883990302071858778406114757191723870,True,9867.142813988831745602528840,True,True,False,False
0x60344f129c98185096c985bad30923488d75c5361120f4b0e4af6dc9777530a1,0x1b27ff6e68a2fd6490543b17c996c109e64eb432,17637818,0x8876789976decbfcbbbe364623c63652db8c0904,Uniswap UniversalRouter,0x043a2a1d8475fe7cfa80e83255992437fcdcd3c49ca194d07f59599e3476a833,900000,False,419656792923180455819,0x852730c4ac8dedd808efa0c6768ca610e39929d2ebc5f2e0c8ffd6be54fff9d5,660000,False,13200,17536734,101084,39445827898583090620816.1078916674332619212394176398260464908,-9893.61186840795026386867581981264556035572919564112794171727,True,9893.611868407950263868675820,True,True,False,False
0x60344f129c98185096c985bad30923488d75c5361120f4b0e4af6dc9777530a1,0x1b27ff6e68a2fd6490543b17c996c109e64eb432,17637818,0x8876789976decbfcbbbe364623c63652db8c0904,Uniswap UniversalRouter,0x5597884c5b1b96ae4ba27bc3450bfdac85cf3aa4d33d642c07ec9f91fe98f62b,880000,False,125702551858121283235,0x852730c4ac8dedd808efa0c6768ca610e39929d2ebc5f2e0c8ffd6be54fff9d5,660000,False,13200,17536734,101084,34978280632257329579444.5620071907083061098124621612271145802,-9964.06268416115425092862456320968659502350067133931887318320,True,9964.062684161154250928624563,True,True,False,False
0x60344f129c98185096c985bad30923488d75c5361120f4b0e4af6dc9777530a1,0x1b27ff6e68a2fd6490543b17c996c109e64eb432,17637818,0x8876789976decbfcbbbe364623c63652db8c0904,Uniswap UniversalRouter,0x043a2a1d8475fe7cfa80e83255992437fcdcd3c49ca194d07f59599e3476a833,900000,False,25399921793845986753,0x852730c4ac8dedd808efa0c6768ca610e39929d2ebc5f2e0c8ffd6be54fff9d5,660000,False,13200,17536734,101084,19107965329662348959129.7310864680522017936992758428505340669,-9986.70715518076836439291673534859746408046167144338338002078,True,9986.707155180768364392916735,True,True,False,False
0x60344f129c98185096c985bad30923488d75c5361120f4b0e4af6dc9777530a1,0x1b27ff6e68a2fd6490543b17c996c109e64eb432,17637818,0x8876789976decbfcbbbe364623c63652db8c0904,Uniswap UniversalRouter,0x043a2a1d8475fe7cfa80e83255992437fcdcd3c49ca194d07f59599e3476a833,900000,False,68362376105348099931,0x852730c4ac8dedd808efa0c6768ca610e39929d2ebc5f2e0c8ffd6be54fff9d5,660000,False,13200,17536734,101084,30724835476828076244865.5854051468015552309572400707494940737,-9977.75012459972150491590120631102021227290224043945443211477,True,9977.750124599721504915901206,True,True,False,False
0x60344f129c98185096c985bad30923488d75c5361120f4b0e4af6dc9777530a1,0x1b27ff6e68a2fd6490543b17c996c109e64eb432,17637818,0x8876789976decbfcbbbe364623c63652db8c0904,Uniswap UniversalRouter,0x5597884c5b1b96ae4ba27bc3450bfdac85cf3aa4d33d642c07ec9f91fe98f62b,880000,False,44315020915324187798,0x852730c4ac8dedd808efa0c6768ca610e39929d2ebc5f2e0c8ffd6be54fff9d5,660000,False,13200,17536734,101084,26670908169749726559201.4834214095854769602389001181791132388,-9983.38450995621270237968757770031692424785592182476193021523,True,9983.384509956212702379687578,True,True,False,False
0xb0329572c25bb2fe07b437de01b2574e082c2679b9d4802a6d425415010c78c8,0x8bada99332848483995ef9c61f4bffced1bafeed,10837483,0x8876789976decbfcbbbe364623c63652db8c0904,Uniswap UniversalRouter,0x217de0314eefa8ea5c334ff3587c28971e6b20030817d1733cb88a324ad9d7bd,999911,False,3127718,0x1ef2aff71c28d55d990ab254570de5cdd7e7b59d36a574ff0da2db3d79514012,999780,False,18000,10744255,93228,11763779.2933470588907404398630275015667466839346579803467624,-7341.23029512389455745534513051431157726590543218733951494785,True,7341.230295123894557455345131,False,False,False,False
0xb376f14f1e4f2de3083e1c9f82d9353cffba2a68451e627efcd53866ba6f1c3f,0x8bada99332848483995ef9c61f4bffced1bafeed,10837760,0x8876789976decbfcbbbe364623c63652db8c0904,Uniswap UniversalRouter,0x217de0314eefa8ea5c334ff3587c28971e6b20030817d1733cb88a324ad9d7bd,999911,False,3096435,0x1ef2aff71c28d55d990ab254570de5cdd7e7b59d36a574ff0da2db3d79514012,999780,False,18000,10744255,93505,11646141.6088085108713609849397413864691407327896109077771676,-7341.23531723328502313085814099198473828458694268886708613224,True,7341.235317233285023130858141,False,False,False,False
0xed2d6702aee456ef8313471ecdb57c2b3f76ce481d8f7d3cd56fc0a26b5c6408,0x8bada99332848483995ef9c61f4bffced1bafeed,10847788,0x8876789976decbfcbbbe364623c63652db8c0904,Uniswap UniversalRouter,0x217de0314eefa8ea5c334ff3587c28971e6b20030817d1733cb88a324ad9d7bd,999911,False,10642781274620327490,0x1ef2aff71c28d55d990ab254570de5cdd7e7b59d36a574ff0da2db3d79514012,999780,False,18000,10744255,103533,17326733550737483168.1969763416064361721251550640926007335131,-3857.59511828625340132357651180055236201775417532834316380062,True,3857.595118286253401323576512,False,False,False,False
0x70600139f6ba0a84d441bad66049aa902930c5fdb73f017e8b7a9c0a2a94e6d6,0x8bada99332848483995ef9c61f4bffced1bafeed,10850195,0x8876789976decbfcbbbe364623c63652db8c0904,Uniswap UniversalRouter,0x217de0314eefa8ea5c334ff3587c28971e6b20030817d1733cb88a324ad9d7bd,999911,False,311516372,0x1ef2aff71c28d55d990ab254570de5cdd7e7b59d36a574ff0da2db3d79514012,999780,False,18000,10744255,105940,1158729014.91499222514487344716141210198153170548107127933274,-7311.56838233783453703571146720617013108421127531981749002589,True,7311.568382337834537035711467,False,False,False,False
0x789e92053986dec35d14afd304b15b26b43e2af3e47cc5f328b87b505c0c52bf,0x8bada99332848483995ef9c61f4bffced1bafeed,10851913,0x8876789976decbfcbbbe364623c63652db8c0904,Uniswap UniversalRouter,0x217de0314eefa8ea5c334ff3587c28971e6b20030817d1733cb88a324ad9d7bd,999911,False,32254211,0x1ef2aff71c28d55d990ab254570de5cdd7e7b59d36a574ff0da2db3d79514012,999780,False,18000,10744255,107658,119996903.198773877657972071911071227780648224512645147401392,-7312.07971704310016633393014774226337785531957308383164147437,True,7312.079717043100166333930148,False,False,False,False
0x3926456d0f9803f2e4ce665696fb1747aaae127a8cec1dc62031659e20e4b547,0x8bada99332848483995ef9c61f4bffced1bafeed,10852633,0x8876789976decbfcbbbe364623c63652db8c0904,Uniswap UniversalRouter,0x217de0314eefa8ea5c334ff3587c28971e6b20030817d1733cb88a324ad9d7bd,999911,False,24495964034981684837,0x1ef2aff71c28d55d990ab254570de5cdd7e7b59d36a574ff0da2db3d79514012,999780,False,18000,10744255,108378,40427248189541254641.2654305304605296343865025393689849006636,-3940.72930214455660975430936268663398907371605227133134894061,True,3940.729302144556609754309363,False,False,False,False
0x4c787e69542bed73689314890f9484a998d7d2736b205b27266d7ee35aee7c69,0x8bada99332848483995ef9c61f4bffced1bafeed,10852972,0x8876789976decbfcbbbe364623c63652db8c0904,Uniswap UniversalRouter,0x217de0314eefa8ea5c334ff3587c28971e6b20030817d1733cb88a324ad9d7bd,999911,False,3723943,0x1ef2aff71c28d55d990ab254570de5cdd7e7b59d36a574ff0da2db3d79514012,999780,False,18000,10744255,108717,13501864.3383866590415925620804010480878138601809397197571006,-7241.90459430658534633147077629488497082988054775930582145962,True,7241.904594306585346331470776,False,False,False,False
0x5b9823cd1bbc233899a1c647e527e342c5b5815c3b222c3faccaee81ea67c85e,0x8bada99332848483995ef9c61f4bffced1bafeed,14880319,0x8876789976decbfcbbbe364623c63652db8c0904,Uniswap UniversalRouter,0xc253617b210edae8c04860dc14429c6bae8a25d95e3d0f83c674eaafe6110de6,870000,False,847987,0xd273dd83e1882d7875ad5a8d1166d33a234122fc4fcd4c05252a498ce1b9beb7,660600,False,13212,10858577,4021742,2197891.44001519712270887302050150786524703036298628424388013,-6141.81581236725381601781406168604618594525122945260855792977,True,6141.815812367253816017814062,True,True,True,True
0x46be15fb98976c51d71315436bf0c14c1599350367cac6dfce59422472dc3d7b,0x8bada99332848483995ef9c61f4bffced1bafeed,17218012,0x8876789976decbfcbbbe364623c63652db8c0904,Uniswap UniversalRouter,0xd273dd83e1882d7875ad5a8d1166d33a234122fc4fcd4c05252a498ce1b9beb7,660600,False,69181,0x017153bb0cb3f9cc28fd21cd4f2df81c665aceffe9a735e42a5b345c70d23c45,890000,False,17800,10903702,6314310,116802.483934219335278687131098921549183939105645214913512319,-4077.09513789439085122194056896393633654064851532899253714329,True,4077.095137894390851221940569,False,False,False,False
0xe110a71337e17b39e0ceaf50d8f6c5cf1b79690e68d0aca501c34b5e7bf32406,0x5f10a1c971b69e47e059e1dc91901b59b3fb49c3,12839050,0x8876789976decbfcbbbe364623c63652db8c0904,Uniswap UniversalRouter,0x335aee5297eda88f75af358a1cce266507d736f80c0efab7c73ed4d7347736d8,910000,False,3657,0xd7ada31b9746cb0b765c14ab756e4fea8f3ff800ed6b2ed2d549180398e75fb7,900000,False,18000,997374,11841676,4121.51493814856805736348251061110335142726134063737766881039,-1127.04902231225082844440287335446796267871184194642340047716,True,1127.049022312250828444402873,True,True,True,True
0x6a08973cdc812ca07117f8110139ce8f5cff337625fd9547dc89f5e62c6c5372,0x5f10a1c971b69e47e059e1dc91901b59b3fb49c3,14013736,0x8876789976decbfcbbbe364623c63652db8c0904,Uniswap UniversalRouter,0x335aee5297eda88f75af358a1cce266507d736f80c0efab7c73ed4d7347736d8,910000,False,25030,0xd7ada31b9746cb0b765c14ab756e4fea8f3ff800ed6b2ed2d549180398e75fb7,900000,False,18000,997374,13016362,28222.2161110020790757958830203423396136464333476313454565359,-1131.10044173945412654088853497239477811006924602069072551641,True,1131.100441739454126540888535,True,True,True,True
0xfba136fa28c18eed271e6cacb7bbfa47609cebbfc74950387e8352b30a616c5a,0x5f10a1c971b69e47e059e1dc91901b59b3fb49c3,15731102,0x8876789976decbfcbbbe364623c63652db8c0904,Uniswap UniversalRouter,0x6ec7c1763233ed1a7969d2cd00a4d06ee950ea64dc3d588008818efd3b4be1c5,10000,False,19381623028260,0x1d0d744ded76edf28651b23b97a730768f054c08ea7922fb262aea9cf2e8a922,850000,False,17000,14786981,944121,3844869355171847.73567841596813208212004522453294813260351121,-9949.59094513266307898689079986137119216605656828050615140741,True,9949.590945132663078986890800,True,True,False,False
0xccfa0d1404e26b4c4780c17168b252c1e24a220c552e7ff8eaba5737f5fa1c14,0x5f10a1c971b69e47e059e1dc91901b59b3fb49c3,15731120,0x8876789976decbfcbbbe364623c63652db8c0904,Uniswap UniversalRouter,0x6ec7c1763233ed1a7969d2cd00a4d06ee950ea64dc3d588008818efd3b4be1c5,10000,False,80902959986,0x1d0d744ded76edf28651b23b97a730768f054c08ea7922fb262aea9cf2e8a922,850000,False,17000,14786981,944139,1427096989693.39542892556722309289882283561670423641041514927,-9433.09417250342885378856935628424117678909038678767317133156,True,9433.094172503428853788569356,True,True,False,False
0xe72e3cd57d63851f643499b67787028acdfc104d77dcb1641f97690739839fd5,0x5f10a1c971b69e47e059e1dc91901b59b3fb49c3,15736771,0x8876789976decbfcbbbe364623c63652db8c0904,Uniswap UniversalRouter,0x1d0d744ded76edf28651b23b97a730768f054c08ea7922fb262aea9cf2e8a922,850000,False,2328482814228,0x6ec7c1763233ed1a7969d2cd00a4d06ee950ea64dc3d588008818efd3b4be1c5,10000,False,200,6582864,9153907,14702314145020.7021517506118786013135305012302985212986210952,-8416.24740754393580443416993866073075841644274055760054193106,True,8416.247407543935804434169939,True,True,True,True
0x3889ccce31c860603eb6832f1ad5302d3bf55c497d604b31d2f06b3d8e2677d4,0x5f10a1c971b69e47e059e1dc91901b59b3fb49c3,16845034,0x8876789976decbfcbbbe364623c63652db8c0904,Uniswap UniversalRouter,0x1d0d744ded76edf28651b23b97a730768f054c08ea7922fb262aea9cf2e8a922,850000,False,10561361660683692,0x63bcd31f3734436d9414ea87f488f051d6bd60d9352744ae891be74a3b423702,50000,False,1000,16511813,333221,69205522429024256.8033802969445677165292677491422106686334321,-8473.91345517040136931785675795260351130883881443029194147331,True,8473.913455170401369317856758,True,True,True,True
0xb1c45a3bda39fd824cdfad977cd49b0bfeda9c556b6591e945d49c5d35f9b17f,0x5f10a1c971b69e47e059e1dc91901b59b3fb49c3,18235012,0x8876789976decbfcbbbe364623c63652db8c0904,Uniswap UniversalRouter,0x95882884f0f15c39bc157878916c4d3ac0cf27ce4e5c7cd6506ba4caf93b8d43,880000,False,1413416712915,0x2e62e8cbcbe765f0f6fdb6b3564a539286aa56a5ed5eec0595f277b5e134502e,997804,False,19956,15222741,3012271,1918685278592.23715458886514649686625185786462008948615198217,-2633.41034256519067205922154092847951043150485326950685803746,True,2633.410342565190672059221541,True,True,False,False
0x2159869ca94a23aa6df3daddcacc9d75f814bc96cb111e97ece657d258e0836e,0x5f10a1c971b69e47e059e1dc91901b59b3fb49c3,18712425,0x8876789976decbfcbbbe364623c63652db8c0904,Uniswap UniversalRouter,0xd7ada31b9746cb0b765c14ab756e4fea8f3ff800ed6b2ed2d549180398e75fb7,900000,False,125496829283081,0xcd3833385798dc69881f1542ee5adf2b9e37aa95756de40acc9014d44e5b3d8b,49800,False,996,18458619,253806,1220123353083190.64241114123280067065464022538233022094141288,-8971.44146150504542107133967028199862243476918648435368648410,True,8971.441461505045421071339670,True,True,False,False
0x7a083f356f3b30a8250bda1eb596b4a727001fa42091d72067a8f1b80664c6d7,0x5f10a1c971b69e47e059e1dc91901b59b3fb49c3,19129069,0x8876789976decbfcbbbe364623c63652db8c0904,Uniswap UniversalRouter,0xd7ada31b9746cb0b765c14ab756e4fea8f3ff800ed6b2ed2d549180398e75fb7,900000,False,126056178206627,0xcd3833385798dc69881f1542ee5adf2b9e37aa95756de40acc9014d44e5b3d8b,49800,False,996,18458619,670450,1225779753814094.82406695667874213447161661870564754451331158,-8971.62456946776238291637275276019849271519282618514955198758,True,8971.624569467762382916372753,True,True,False,False
0xd2c25c8ecb94ee235238b51afbecbc06dfa3cb340574f29817d0685d7bb4304d,0x5f10a1c971b69e47e059e1dc91901b59b3fb49c3,20364958,0x8876789976decbfcbbbe364623c63652db8c0904,Uniswap UniversalRouter,0x6ec7c1763233ed1a7969d2cd00a4d06ee950ea64dc3d588008818efd3b4be1c5,10000,False,7821944674868,0x63bcd31f3734436d9414ea87f488f051d6bd60d9352744ae891be74a3b423702,50000,False,1000,16511813,3853145,11883610439828492.3744941370155989156904218251654407942840070,-9993.41787185428733347396344907820807746621791030890135152995,True,9993.417871854287333473963449,True,True,True,True
0xc2ab8db26ea4da8b893537a8287b8a848c72a854f45029a4dd4f9cf5c722af31,0x5f10a1c971b69e47e059e1dc91901b59b3fb49c3,21467735,0x8876789976decbfcbbbe364623c63652db8c0904,Uniswap UniversalRouter,0x6ec7c1763233ed1a7969d2cd00a4d06ee950ea64dc3d588008818efd3b4be1c5,10990,False,109129327361,0xbb5e4e2861b2f790c6ab96e9b3711472b27d3f29f930e83358c279968f0aa3ba,50950,False,1000,20918960,548775,39393661029817.2324550580447942840304496628264266427812360683,-9972.29774422884952479684147593324040349925351619553242606851,True,9972.297744228849524796841476,True,True,True,True
0xaf39a722312f319ed9154ea9c03af08cb0ba0b3be149ec5146ff26f695885fbe,0x69725d5f3c4cefe1e02f14b8007ded358dc764cc,9148941,0x8876789976decbfcbbbe364623c63652db8c0904,Uniswap UniversalRouter,0x0914aaf7632902fa742383423af2a2ce46b57736889afd0a48d91a24360064c9,0,True,41054969303131,0xf744a7cbb77343ec685e0b090b0486601f8225188f8719a7523ac38670806bfd,821100,False,16422,9136851,12090,48715939458742.2074445451617750273947501853199854719995608305,-1572.57978409701500172501487082670482620093295061711605419857,True,1572.579784097015001725014871,False,False,False,False
0xd13830635c4833b950bd531128b3ba2feb035b4fdf7e1dff5a0c07ffbc16987f,0x69725d5f3c4cefe1e02f14b8007ded358dc764cc,10244143,0x8876789976decbfcbbbe364623c63652db8c0904,Uniswap UniversalRouter,0x0914aaf7632902fa742383423af2a2ce46b57736889afd0a48d91a24360064c9,0,True,63102696846144,0xf744a7cbb77343ec685e0b090b0486601f8225188f8719a7523ac38670806bfd,821100,False,16422,9136851,1107292,75128814184717.8671493067426863782266654089257095168456179445,-1600.73301689621618060579501425484720450624339540700483906610,True,1600.733016896216180605795014,False,False,False,False
0x12c2d3c554126c767a165994ad5edec9b35e0ddca7cbe68ed85873a20e4ce1ad,0x43eea882b845a8493152ebc55cf30ae9281b02d5,13478355,0xa633c73658857d5241fe21d43f854a82e2d0592c,unlabelled router A,0x7995663c121f9c3ed7b5c1f39b6064d880f825f7a9e6d7ac56eb11937e339372,200000,False,8538804732962798259528,0x303ef7a29284985d35e3990f348fa476d178b864e7de7d767eae33ac39598984,50000,False,1000,13475763,2592,10555699370495476422982.3669291618247644433095754741880015127,-1910.71625549525921927962372002231509979654952265566960472010,True,1910.716255495259219279623720,True,True,True,True
0x9b53a131fd84a41542aaf54a4d55ec8273e4b17e4e21305016132de8b2e64119,0x43eea882b845a8493152ebc55cf30ae9281b02d5,13478356,0xa633c73658857d5241fe21d43f854a82e2d0592c,unlabelled router A,0x7995663c121f9c3ed7b5c1f39b6064d880f825f7a9e6d7ac56eb11937e339372,200000,False,21394161629087900480790,0x303ef7a29284985d35e3990f348fa476d178b864e7de7d767eae33ac39598984,50000,False,1000,13475763,2593,34284784004252912961738.9220115512283799929618216592273534540,-3759.86687667799622815918959669062561085773448697186714944578,True,3759.866876677996228159189597,True,True,True,True
0x6e97036b73a5f557418db43ae2fd66f10ec957e94120e4686396a8a8864cd8c3,0x43eea882b845a8493152ebc55cf30ae9281b02d5,13478507,0x8876789976decbfcbbbe364623c63652db8c0904,Uniswap UniversalRouter,0x7995663c121f9c3ed7b5c1f39b6064d880f825f7a9e6d7ac56eb11937e339372,200000,False,10038798830315620708169,0x2276440d38b33394989f7819f63b1df5ed62e48192706c172cabef1480547efd,3000,True,60,12584372,894135,12894976822395079379156.9261625619335120416659655481077826028,-2214.95395565120497556016512852027491930483686165967413065488,True,2214.953955651204975560165129,True,True,True,True
0x53386100bc1bb155c18c35e5722a95d55a3896078609c65aa8d59bd53f004a95,0x43eea882b845a8493152ebc55cf30ae9281b02d5,13479339,0xa633c73658857d5241fe21d43f854a82e2d0592c,unlabelled router A,0x7995663c121f9c3ed7b5c1f39b6064d880f825f7a9e6d7ac56eb11937e339372,200000,False,19894902080928932730341,0x303ef7a29284985d35e3990f348fa476d178b864e7de7d767eae33ac39598984,50000,False,1000,13475763,3576,32695686972370903537245.9972665953562146660358912276357216256,-3915.12950997454798745509059125603382346397946217499432690065,True,3915.129509974547987455090591,True,True,True,True
0x9171b154116bd7d608566d952ae490674da8fc0de32d4b29c6dfd54bd826e87e,0x43eea882b845a8493152ebc55cf30ae9281b02d5,13481524,0x1d4b86491ec211257cbedd77a4380a7494624eff,0x Settler,0x7995663c121f9c3ed7b5c1f39b6064d880f825f7a9e6d7ac56eb11937e339372,200000,False,640045577206173751541,0x2276440d38b33394989f7819f63b1df5ed62e48192706c172cabef1480547efd,3000,True,60,12584372,897152,929734360823575220205.264733905256591788653510883734865254076,-3115.82314071720438234187254755781672551064667523127822932433,True,3115.823140717204382341872548,True,True,True,True
0xfe06bb541cf7b3ccf438e9cffd9466acd79161156a65ebc78fa692989fa3881f,0x43eea882b845a8493152ebc55cf30ae9281b02d5,13585884,0x1d4b86491ec211257cbedd77a4380a7494624eff,0x Settler,0x7995663c121f9c3ed7b5c1f39b6064d880f825f7a9e6d7ac56eb11937e339372,200000,False,147165517139666,0x2276440d38b33394989f7819f63b1df5ed62e48192706c172cabef1480547efd,3000,True,60,12584372,1001512,440378955793763.871607268650134160650204735355611804112697132,-6658.20731886684797797634391028726903844082656599500519579585,True,6658.207318866847977976343910,True,True,True,True
0xfe06bb541cf7b3ccf438e9cffd9466acd79161156a65ebc78fa692989fa3881f,0x43eea882b845a8493152ebc55cf30ae9281b02d5,13585884,0x1d4b86491ec211257cbedd77a4380a7494624eff,0x Settler,0xf29a7797119188f0d757ec88e1027ea61847b472cf6897c9e68475dbee98d95f,900000,False,1934244,0x9bd959e6fccf10bdeeee7e80ef6a3c485e95df0fb338f81789b166bf62047a08,50100,False,1002,13480479,105405,3573600.80516483269147506408270457888460142701180680796719101,-4587.40887565145149526023081067776703470622462632726745866501,True,4587.408875651451495260230811,True,True,True,True
0xae41383bfd4bdf291762b3b89a11d16477372f7b5bf094c1457f4a03dd3e4994,0x43eea882b845a8493152ebc55cf30ae9281b02d5,13586725,0x1d4b86491ec211257cbedd77a4380a7494624eff,0x Settler,0x7995663c121f9c3ed7b5c1f39b6064d880f825f7a9e6d7ac56eb11937e339372,200000,False,76258983066382,0x2276440d38b33394989f7819f63b1df5ed62e48192706c172cabef1480547efd,3000,True,60,12584372,1002353,175980193262442.281156823756108494817460979980143683614943214,-5666.61556322672800294210046001131066373867874080128723415802,True,5666.615563226728002942100460,True,True,True,True
0xae41383bfd4bdf291762b3b89a11d16477372f7b5bf094c1457f4a03dd3e4994,0x43eea882b845a8493152ebc55cf30ae9281b02d5,13586725,0x1d4b86491ec211257cbedd77a4380a7494624eff,0x Settler,0xf29a7797119188f0d757ec88e1027ea61847b472cf6897c9e68475dbee98d95f,900000,False,294709,0x9bd959e6fccf10bdeeee7e80ef6a3c485e95df0fb338f81789b166bf62047a08,50100,False,1002,13480479,106246,1045761.76767253729784725880549140255046589992691850797154520,-7181.87249610483785879187975754092037513533449334964059110684,True,7181.872496104837858791879758,True,True,True,True
0x46bbb36b5c1da58cfa589bb7b5dd85cdcee0fbd915a8a0d1e6441f7cd5de0b34,0x43eea882b845a8493152ebc55cf30ae9281b02d5,13723184,0x1d4b86491ec211257cbedd77a4380a7494624eff,0x Settler,0x7995663c121f9c3ed7b5c1f39b6064d880f825f7a9e6d7ac56eb11937e339372,200000,False,181915814586964,0x2276440d38b33394989f7819f63b1df5ed62e48192706c172cabef1480547efd,3000,True,60,12584372,1138812,4636576547380013.29409545627055121508314482077418574699583682,-9607.65057423723754122689523180951613266255115403439035140345,True,9607.650574237237541226895232,True,True,True,True
0x46bbb36b5c1da58cfa589bb7b5dd85cdcee0fbd915a8a0d1e6441f7cd5de0b34,0x43eea882b845a8493152ebc55cf30ae9281b02d5,13723184,0x1d4b86491ec211257cbedd77a4380a7494624eff,0x Settler,0xf29a7797119188f0d757ec88e1027ea61847b472cf6897c9e68475dbee98d95f,900000,False,5768813,0xdfbdc88db73b4290a0f02daf53a95c5eb59ceceb7f080e08476d04ee776eee43,500000,False,10000,13489232,233952,10636183.5909354329439722685651706283147416508926353789015040,-4576.23784821051267666712081344146788684829701652606172976157,True,4576.237848210512676667120813,True,True,True,True
0x46bbb36b5c1da58cfa589bb7b5dd85cdcee0fbd915a8a0d1e6441f7cd5de0b34,0x43eea882b845a8493152ebc55cf30ae9281b02d5,13723184,0x1d4b86491ec211257cbedd77a4380a7494624eff,0x Settler,0x9bd959e6fccf10bdeeee7e80ef6a3c485e95df0fb338f81789b166bf62047a08,50100,False,8611303,0xdfbdc88db73b4290a0f02daf53a95c5eb59ceceb7f080e08476d04ee776eee43,500000,False,10000,13489232,233952,10307857.5493930862478242592978682184806344328796417252431087,-1645.88474497591136816444804647735728095752615470968540193050,True,1645.884744975911368164448046,True,True,True,True
0x3e466a114201b49f0cbfed3fcd43936747018320633615f6b0b7fd71e82bddf2,0x43eea882b845a8493152ebc55cf30ae9281b02d5,14237570,0x1d4b86491ec211257cbedd77a4380a7494624eff,0x Settler,0xf29a7797119188f0d757ec88e1027ea61847b472cf6897c9e68475dbee98d95f,900000,False,628962321802987728180,0x9bd959e6fccf10bdeeee7e80ef6a3c485e95df0fb338f81789b166bf62047a08,50100,False,1002,13480479,757091,713166815535640323331.747367984398411640801858246091757138826,-1180.71244901389411054670590593334924222938857907710062757987,True,1180.712449013894110546705906,True,True,True,True
0xf6990773ceea25b165db230c8db80f5729248ed60292e384e650b402bf605252,0x43eea882b845a8493152ebc55cf30ae9281b02d5,15041146,0x1d4b86491ec211257cbedd77a4380a7494624eff,0x Settler,0x7995663c121f9c3ed7b5c1f39b6064d880f825f7a9e6d7ac56eb11937e339372,200000,False,15795296026770,0x2276440d38b33394989f7819f63b1df5ed62e48192706c172cabef1480547efd,3000,True,60,12584372,2456774,19951461299313.1282419919319146010418095871795833867613384878,-2083.13827753870496046253154763995450163478335668845055080539,True,2083.138277538704960462531548,True,True,True,True
0x9d0ada7d65f318a63f7c6937f7ed389fc77ab013ef9cfb81e408a2f2a289d715,0x43eea882b845a8493152ebc55cf30ae9281b02d5,16791753,0x8876789976decbfcbbbe364623c63652db8c0904,Uniswap UniversalRouter,0x7995663c121f9c3ed7b5c1f39b6064d880f825f7a9e6d7ac56eb11937e339372,200000,False,45050000000000000000,0x2276440d38b33394989f7819f63b1df5ed62e48192706c172cabef1480547efd,3000,True,60,12584372,4207381,64018084213033241843.6580507901189016221317470855449374601475,-2962.92593666393859595055391878749934647757374338295326055876,True,2962.925936663938595950553919,True,True,True,True
0x6e89ac0d807b28131b3b4045846fb880a7645a0cb7651771986b2ee74545d1a4,0x43eea882b845a8493152ebc55cf30ae9281b02d5,16941808,0x8876789976decbfcbbbe364623c63652db8c0904,Uniswap UniversalRouter,0xf29a7797119188f0d757ec88e1027ea61847b472cf6897c9e68475dbee98d95f,900000,False,8207719624868672334420,0xc0397eb91c19243568afe2ca6f7076aac618051dd1e7f0447b4924883d45bbe2,850000,False,17000,13964731,2977077,11204361591759127047877.8372338221300495601154989808962244379,-2674.53164765273397185918296318414828121996640461692554705243,True,2674.531647652733971859182963,True,True,False,False
0x203f02389c183e2bc468da547fc60172b995b1f0ae25a73356fa8ab0751b1e08,0x43eea882b845a8493152ebc55cf30ae9281b02d5,18275319,0xa633c73658857d5241fe21d43f854a82e2d0592c,unlabelled router A,0x0e6ef141436d1b1948593ce40268b6ffc56870929e83922c15a4a5d64f5b4636,400000,False,25373037,0xdfbdc88db73b4290a0f02daf53a95c5eb59ceceb7f080e08476d04ee776eee43,500000,False,10000,13489232,4786087,30327309.0012282022212199691146406976802831132915964341053331,-1633.60092417944598805438033530640879388922305010867015882359,True,1633.600924179445988054380335,True,True,True,True
0x5125d9fb04c1a3ca25192289500e7a9725ccdc63ad88d92fba8725ff7b42c791,0x43eea882b845a8493152ebc55cf30ae9281b02d5,18275319,0xa633c73658857d5241fe21d43f854a82e2d0592c,unlabelled router A,0x5ec1db57ba323c8ee482a2b35809650743abc25b9c421dc838f6f29d60715bf8,450000,False,29668478,0xdfbdc88db73b4290a0f02daf53a95c5eb59ceceb7f080e08476d04ee776eee43,500000,False,10000,13489232,4786087,37706176.3820174388718402554861308710688445550861890065433966,-2131.66625557151977531333041200297887942339455352524839125176,True,2131.666255571519775313330412,True,True,True,True
0x576d3b566f97f2e5ed7e5e7de0ce00966646584d26f243fcd0f99815666c2ae9,0x43eea882b845a8493152ebc55cf30ae9281b02d5,20060520,0x1d4b86491ec211257cbedd77a4380a7494624eff,0x Settler,0x7995663c121f9c3ed7b5c1f39b6064d880f825f7a9e6d7ac56eb11937e339372,200000,False,57623737522217886805,0x2276440d38b33394989f7819f63b1df5ed62e48192706c172cabef1480547efd,3000,True,60,12584372,7476148,155890679123354807954.922129100938394789352151083010894874220,-6303.58031370042510671390149012799627335510760621833406356542,True,6303.580313700425106713901490,True,True,True,True
0xeae961abe0dad41cd8dbc210dd09d13f0b60b847416bf4bdeb45f9ba83062cc9,0x43eea882b845a8493152ebc55cf30ae9281b02d5,20354494,0x8876789976decbfcbbbe364623c63652db8c0904,Uniswap UniversalRouter,0x5ec1db57ba323c8ee482a2b35809650743abc25b9c421dc838f6f29d60715bf8,450000,False,87409757361176739515187,0xdfbdc88db73b4290a0f02daf53a95c5eb59ceceb7f080e08476d04ee776eee43,500000,False,10000,13489232,6865262,129528082640229557124708.112476476460893325213909113315169127,-3251.67519047112585969181045182766979923936079700119990460612,True,3251.675190471125859691810452,True,True,True,True
0xeae961abe0dad41cd8dbc210dd09d13f0b60b847416bf4bdeb45f9ba83062cc9,0x43eea882b845a8493152ebc55cf30ae9281b02d5,20354494,0x8876789976decbfcbbbe364623c63652db8c0904,Uniswap UniversalRouter,0x0e6ef141436d1b1948593ce40268b6ffc56870929e83922c15a4a5d64f5b4636,400000,False,60488766116479796731176,0xdfbdc88db73b4290a0f02daf53a95c5eb59ceceb7f080e08476d04ee776eee43,500000,False,10000,13489232,6865262,93626854481642082862821.9400031904230207844301219956368266558,-3539.37858412832271408829347707424944613628070448067333881667,True,3539.378584128322714088293477,True,True,True,True
0x0be0c91ceeda08475fd42d59888d493ffb781ec44de77cfb71a82e00081f2286,0x43eea882b845a8493152ebc55cf30ae9281b02d5,20354494,0xa633c73658857d5241fe21d43f854a82e2d0592c,unlabelled router A,0x0e6ef141436d1b1948593ce40268b6ffc56870929e83922c15a4a5d64f5b4636,400000,False,98461223,0xdfbdc88db73b4290a0f02daf53a95c5eb59ceceb7f080e08476d04ee776eee43,500000,False,10000,13489232,6865262,137363701.613727952454924433096171833510718832753599756377944,-2832.07850084902550078757664432021533493948386385217071647918,True,2832.078500849025500787576644,True,True,True,True
0x91437a1147a94da0da38bd95cfe4057dbded00ffcd86439e5ff6711cb2f9e9a5,0x43eea882b845a8493152ebc55cf30ae9281b02d5,27740064,0x8876789976decbfcbbbe364623c63652db8c0904,Uniswap UniversalRouter,0x43b899eb084a66021d73127bd30174ae27e9069e453bbd249d2497accf04ca0e,850150,False,117318618084246794033,0x2276440d38b33394989f7819f63b1df5ed62e48192706c172cabef1480547efd,3000,True,60,12584372,15155692,1505897055271472079735.37382429938043393884945630745090903205,-9220.93865796757631778021736079112711049090365996188220066282,True,9220.938657967576317780217361,True,True,True,True
